conversation_id,rep_id,client_id,date,month,month_name,product,objection_type,objection_difficulty,scientific_accuracy_score,communication_clarity_score,objection_handling_score,overall_score,context_weighted_score,response_quality,quality_label,client_sentiment,sentiment_label,outcome,is_success,is_success_broad,objection_text_len,response_len_chars,response_len_words,response_to_objection_ratio,info_density,has_empathy,has_data_args,has_followup_q,has_solution,is_vague,argumentation_richness,skill_level,nb_skill_tags,tag_argumentation_solide,tag_argumentation_correcte,tag_reponse_scientifique,tag_empathie_client,tag_informations_basiques,tag_reponse_vague,tag_manque_preparation,duration_minutes,duration_category,objection_text,rep_response,conversation_transcript
CONV00285,REP013,CLI0096,2025-08-23,8,August,PHYTOFANE Lotion anti chute,Concurrence,Standard,3.3,4.8,4.8,4.3,4.42,Faible,0,Neutre,0,Pas intéressé,0,0,88,34,6,0.38,0.8,0,0,0,0,0,0,À améliorer,2,0,0,0,0,0,1,1,7.37,Standard (6-10 min),Le laboratoire X propose un produit similaire moins cher et mes clients l'achètent déjà.,Notre marque est connue et fiable.,"Délégué: Bonjour, je viens vous présenter PHYTOFANE Lotion anti chute. C'est un excellent produit pour [indication].
Client: Le laboratoire X propose un produit similaire moins cher et mes clients l'achètent déjà.
Délégué: Notre marque est connue et fiable.
Client: Je vois... [suite de la conversation]"
CONV00070,REP021,CLI0151,2025-08-29,8,August,Omevie Omega 3 – 1000,Stock suffisant,Difficile,4.3,4.6,3.9,4.3,4.21,Faible,0,Neutre,0,Objections non résolues,0,0,74,31,5,0.41,0.56,0,0,0,0,0,0,À améliorer,2,0,0,0,0,0,1,1,8.85,Standard (6-10 min),J'ai encore du stock du mois dernier. Je ne peux pas commander maintenant.,"Pas de problème, je repasserai.","Délégué: Bonjour, je viens vous présenter Omevie Omega 3 – 1000. C'est un excellent produit pour [indication].
Client: J'ai encore du stock du mois dernier. Je ne peux pas commander maintenant.
Délégué: Pas de problème, je repasserai.
Client: Je vois... [suite de la conversation]"
CONV00325,REP009,CLI0067,2025-08-31,8,August,OLIGOVIT Trio,Demande Faible,Standard,5.0,3.6,3.6,4.1,3.95,Faible,0,Neutre,0,Pas intéressé,0,0,83,49,8,0.58,0.98,0,0,0,0,0,0,À améliorer,2,0,0,0,0,0,1,1,8.07,Standard (6-10 min),"Honnêtement, peu de clients me demandent ce type de produit. Ça va rester en stock.","C'est un bon produit, les clients vont l'acheter.","Délégué: Bonjour, je viens vous présenter OLIGOVIT Trio. C'est un excellent produit pour [indication].
Client: Honnêtement, peu de clients me demandent ce type de produit. Ça va rester en stock.
Délégué: C'est un bon produit, les clients vont l'acheter.
Client: Je vois... [suite de la conversation]"
CONV00109,REP023,CLI0030,2025-08-31,8,August,LV Fersang junior,Posologie complexe,Difficile,4.7,5.6,3.3,4.5,4.34,Faible,0,Positif,1,Pas intéressé,0,0,75,25,5,0.33,0.65,0,0,0,0,0,0,À améliorer,2,0,0,0,0,0,1,1,7.55,Standard (6-10 min),La posologie semble compliquée. Mes clients vont avoir du mal à comprendre.,C'est écrit sur la boîte.,"Délégué: Bonjour, je viens vous présenter LV Fersang junior. C'est un excellent produit pour [indication].
Client: La posologie semble compliquée. Mes clients vont avoir du mal à comprendre.
Délégué: C'est écrit sur la boîte.
Client: Je vois... [suite de la conversation]"
CONV00128,REP010,CLI0020,2025-09-02,9,September,OLIGOVIT Trio,Prix élevé,Standard,3.3,4.8,3.2,3.8,3.7,Faible,0,Neutre,0,Refus,0,0,84,50,10,0.59,1.06,0,0,0,0,0,0,À améliorer,2,0,0,0,0,0,1,1,9.37,Standard (6-10 min),Le prix est vraiment élevé par rapport aux autres marques. Mes clients vont hésiter.,"Oui, c'est un peu cher, mais c'est un bon produit.","Délégué: Bonjour, je viens vous présenter OLIGOVIT Trio. C'est un excellent produit pour [indication].
Client: Le prix est vraiment élevé par rapport aux autres marques. Mes clients vont hésiter.
Délégué: Oui, c'est un peu cher, mais c'est un bon produit.
Client: Je vois... [suite de la conversation]"
CONV00087,REP004,CLI0195,2025-09-05,9,September,"Echinacée, Zinc, Vit.C",Efficacité douteuse,Standard,4.3,5.1,4.7,4.7,4.72,Faible,0,Positif,1,Pas intéressé,0,0,92,47,7,0.51,0.86,0,0,0,0,0,0,À améliorer,2,0,0,0,0,0,1,1,8.0,Standard (6-10 min),J'ai des doutes sur l'efficacité réelle de ce produit. Avez-vous des preuves scientifiques ?,Beaucoup de clients sont satisfaits du produit.,"Délégué: Bonjour, je viens vous présenter Echinacée, Zinc, Vit.C. C'est un excellent produit pour [indication].
Client: J'ai des doutes sur l'efficacité réelle de ce produit. Avez-vous des preuves scientifiques ?
Délégué: Beaucoup de clients sont satisfaits du produit.
Client: Je vois... [suite de la conversation]"
CONV00268,REP013,CLI0151,2025-09-05,9,September,OLIGOVIT Trio,Concurrence,Standard,5.0,3.2,4.1,4.1,4.06,Faible,0,Neutre,0,Refus,0,0,88,34,6,0.38,0.7,0,0,0,0,0,0,À améliorer,2,0,0,0,0,0,1,1,8.5,Standard (6-10 min),Le laboratoire X propose un produit similaire moins cher et mes clients l'achètent déjà.,Notre marque est connue et fiable.,"Délégué: Bonjour, je viens vous présenter OLIGOVIT Trio. C'est un excellent produit pour [indication].
Client: Le laboratoire X propose un produit similaire moins cher et mes clients l'achètent déjà.
Délégué: Notre marque est connue et fiable.
Client: Je vois... [suite de la conversation]"
CONV00256,REP002,CLI0026,2025-09-07,9,September,LV Vitamine A,Effets Secondaires,Standard,3.0,5.8,2.5,3.8,3.62,Faible,0,Neutre,0,Objections non résolues,0,0,78,23,4,0.29,0.46,0,0,0,0,0,0,À améliorer,2,0,0,0,0,0,1,1,8.68,Standard (6-10 min),J'ai entendu que ce produit peut causer des effets indésirables. Est-ce vrai ?,"Non, c'est sans danger.","Délégué: Bonjour, je viens vous présenter LV Vitamine A. C'est un excellent produit pour [indication].
Client: J'ai entendu que ce produit peut causer des effets indésirables. Est-ce vrai ?
Délégué: Non, c'est sans danger.
Client: Je vois... [suite de la conversation]"
CONV00098,REP016,CLI0007,2025-09-09,9,September,PHYTOFANE Lotion anti chute,Efficacité douteuse,Standard,4.0,4.8,3.9,4.2,4.2,Faible,0,Positif,1,Refus,0,0,92,47,7,0.51,0.73,0,0,0,0,0,0,À améliorer,2,0,0,0,0,0,1,1,9.53,Standard (6-10 min),J'ai des doutes sur l'efficacité réelle de ce produit. Avez-vous des preuves scientifiques ?,Beaucoup de clients sont satisfaits du produit.,"Délégué: Bonjour, je viens vous présenter PHYTOFANE Lotion anti chute. C'est un excellent produit pour [indication].
Client: J'ai des doutes sur l'efficacité réelle de ce produit. Avez-vous des preuves scientifiques ?
Délégué: Beaucoup de clients sont satisfaits du produit.
Client: Je vois... [suite de la conversation]"
CONV00229,REP011,CLI0216,2025-09-09,9,September,"Echinacée, Zinc, Vit.C",Prix élevé,Standard,4.0,4.0,4.4,4.1,4.18,Faible,0,Neutre,0,Refus,0,0,84,50,10,0.59,1.88,0,0,0,0,0,0,À améliorer,2,0,0,0,0,0,1,1,5.23,Courte (3-6 min),Le prix est vraiment élevé par rapport aux autres marques. Mes clients vont hésiter.,"Oui, c'est un peu cher, mais c'est un bon produit.","Délégué: Bonjour, je viens vous présenter Echinacée, Zinc, Vit.C. C'est un excellent produit pour [indication].
Client: Le prix est vraiment élevé par rapport aux autres marques. Mes clients vont hésiter.
Délégué: Oui, c'est un peu cher, mais c'est un bon produit.
Client: Je vois... [suite de la conversation]"
CONV00347,REP025,CLI0092,2025-09-11,9,September,"Echinacée, Zinc, Vit.C",Concurrence,Standard,5.6,5.2,4.7,5.2,5.08,Faible,0,Négatif,-1,Objections non résolues,0,0,88,34,6,0.38,2.58,0,0,0,0,0,0,À améliorer,2,0,0,0,0,0,1,1,2.23,Très courte (<3 min),Le laboratoire X propose un produit similaire moins cher et mes clients l'achètent déjà.,Notre marque est connue et fiable.,"Délégué: Bonjour, je viens vous présenter Echinacée, Zinc, Vit.C. C'est un excellent produit pour [indication].
Client: Le laboratoire X propose un produit similaire moins cher et mes clients l'achètent déjà.
Délégué: Notre marque est connue et fiable.
Client: Je vois... [suite de la conversation]"
CONV00395,REP007,CLI0115,2025-09-12,9,September,LV Fersang junior,Demande Faible,Standard,3.5,5.5,3.8,4.3,4.23,Faible,0,Neutre,0,Refus,0,0,83,49,8,0.58,1.31,0,0,0,0,0,0,À améliorer,2,0,0,0,0,0,1,1,6.02,Standard (6-10 min),"Honnêtement, peu de clients me demandent ce type de produit. Ça va rester en stock.","C'est un bon produit, les clients vont l'acheter.","Délégué: Bonjour, je viens vous présenter LV Fersang junior. C'est un excellent produit pour [indication].
Client: Honnêtement, peu de clients me demandent ce type de produit. Ça va rester en stock.
Délégué: C'est un bon produit, les clients vont l'acheter.
Client: Je vois... [suite de la conversation]"
CONV00164,REP022,CLI0160,2025-09-13,9,September,Vitonic Tonus,Concurrence,Standard,4.7,5.5,2.1,4.1,3.77,Faible,0,Négatif,-1,Pas intéressé,0,0,88,34,6,0.38,1.21,0,0,0,0,0,0,À améliorer,2,0,0,0,0,0,1,1,4.87,Courte (3-6 min),Le laboratoire X propose un produit similaire moins cher et mes clients l'achètent déjà.,Notre marque est connue et fiable.,"Délégué: Bonjour, je viens vous présenter Vitonic Tonus. C'est un excellent produit pour [indication].
Client: Le laboratoire X propose un produit similaire moins cher et mes clients l'achètent déjà.
Délégué: Notre marque est connue et fiable.
Client: Je vois... [suite de la conversation]"
CONV00187,REP010,CLI0146,2025-09-13,9,September,LV Vitamine A,Prix élevé,Standard,4.0,4.4,3.9,4.1,4.08,Faible,0,Positif,1,Refus,0,0,84,50,10,0.59,3.33,0,0,0,0,0,0,À améliorer,2,0,0,0,0,0,1,1,2.9,Très courte (<3 min),Le prix est vraiment élevé par rapport aux autres marques. Mes clients vont hésiter.,"Oui, c'est un peu cher, mais c'est un bon produit.","Délégué: Bonjour, je viens vous présenter LV Vitamine A. C'est un excellent produit pour [indication].
Client: Le prix est vraiment élevé par rapport aux autres marques. Mes clients vont hésiter.
Délégué: Oui, c'est un peu cher, mais c'est un bon produit.
Client: Je vois... [suite de la conversation]"
CONV00398,REP022,CLI0034,2025-09-13,9,September,LV CYSPROTECT,Efficacité douteuse,Standard,5.7,5.3,3.9,5.0,4.77,Faible,0,Positif,1,Refus,0,0,92,47,7,0.51,1.04,0,0,0,0,0,0,À améliorer,2,0,0,0,0,0,1,1,6.6,Standard (6-10 min),J'ai des doutes sur l'efficacité réelle de ce produit. Avez-vous des preuves scientifiques ?,Beaucoup de clients sont satisfaits du produit.,"Délégué: Bonjour, je viens vous présenter LV CYSPROTECT. C'est un excellent produit pour [indication].
Client: J'ai des doutes sur l'efficacité réelle de ce produit. Avez-vous des preuves scientifiques ?
Délégué: Beaucoup de clients sont satisfaits du produit.
Client: Je vois... [suite de la conversation]"
CONV00084,REP005,CLI0129,2025-09-16,9,September,LV Vitamine A,Marque inconnue,Difficile,5.6,4.3,3.6,4.5,4.31,Faible,0,Neutre,0,Objections non résolues,0,0,85,30,5,0.35,1.02,0,0,0,0,0,0,À améliorer,2,0,0,0,0,0,1,1,4.82,Courte (3-6 min),Je ne connais pas bien votre laboratoire. Mes clients préfèrent les marques établies.,Nous sommes connus en Tunisie.,"Délégué: Bonjour, je viens vous présenter LV Vitamine A. C'est un excellent produit pour [indication].
Client: Je ne connais pas bien votre laboratoire. Mes clients préfèrent les marques établies.
Délégué: Nous sommes connus en Tunisie.
Client: Je vois... [suite de la conversation]"
CONV00386,REP008,CLI0229,2025-09-17,9,September,"Echinacée, Zinc, Vit.C",Effets Secondaires,Standard,3.4,4.5,2.3,3.4,3.23,Faible,0,Neutre,0,Objections non résolues,0,0,78,23,4,0.29,0.48,0,0,0,0,0,0,À améliorer,2,0,0,0,0,0,1,1,8.25,Standard (6-10 min),J'ai entendu que ce produit peut causer des effets indésirables. Est-ce vrai ?,"Non, c'est sans danger.","Délégué: Bonjour, je viens vous présenter Echinacée, Zinc, Vit.C. C'est un excellent produit pour [indication].
Client: J'ai entendu que ce produit peut causer des effets indésirables. Est-ce vrai ?
Délégué: Non, c'est sans danger.
Client: Je vois... [suite de la conversation]"
CONV00254,REP016,CLI0084,2025-09-19,9,September,LV CYSPROTECT,Effets Secondaires,Standard,5.5,3.3,4.9,4.6,4.57,Faible,0,Positif,1,Refus,0,0,78,23,4,0.29,1.89,0,0,0,0,0,0,À améliorer,2,0,0,0,0,0,1,1,2.02,Très courte (<3 min),J'ai entendu que ce produit peut causer des effets indésirables. Est-ce vrai ?,"Non, c'est sans danger.","Délégué: Bonjour, je viens vous présenter LV CYSPROTECT. C'est un excellent produit pour [indication].
Client: J'ai entendu que ce produit peut causer des effets indésirables. Est-ce vrai ?
Délégué: Non, c'est sans danger.
Client: Je vois... [suite de la conversation]"
CONV00292,REP025,CLI0057,2025-09-20,9,September,LV Vitamine A,Demande Faible,Standard,4.2,5.8,5.0,5.0,5.04,Faible,0,Neutre,0,Pas intéressé,0,0,83,49,8,0.58,0.86,0,0,0,0,0,0,À améliorer,2,0,0,0,0,0,1,1,9.22,Standard (6-10 min),"Honnêtement, peu de clients me demandent ce type de produit. Ça va rester en stock.","C'est un bon produit, les clients vont l'acheter.","Délégué: Bonjour, je viens vous présenter LV Vitamine A. C'est un excellent produit pour [indication].
Client: Honnêtement, peu de clients me demandent ce type de produit. Ça va rester en stock.
Délégué: C'est un bon produit, les clients vont l'acheter.
Client: Je vois... [suite de la conversation]"
CONV00073,REP022,CLI0215,2025-09-20,9,September,PHYTOFANE Lotion anti chute,Efficacité douteuse,Standard,6.0,5.0,2.8,4.6,4.26,Faible,0,Neutre,0,Pas intéressé,0,0,92,47,7,0.51,0.99,0,0,0,0,0,0,À améliorer,2,0,0,0,0,0,1,1,7.0,Standard (6-10 min),J'ai des doutes sur l'efficacité réelle de ce produit. Avez-vous des preuves scientifiques ?,Beaucoup de clients sont satisfaits du produit.,"Délégué: Bonjour, je viens vous présenter PHYTOFANE Lotion anti chute. C'est un excellent produit pour [indication].
Client: J'ai des doutes sur l'efficacité réelle de ce produit. Avez-vous des preuves scientifiques ?
Délégué: Beaucoup de clients sont satisfaits du produit.
Client: Je vois... [suite de la conversation]"
CONV00305,REP002,CLI0101,2025-09-21,9,September,LV Fersang junior,Stock suffisant,Difficile,3.5,4.1,3.3,3.6,3.59,Faible,0,Positif,1,Objections non résolues,0,0,74,31,5,0.41,0.74,0,0,0,0,0,0,À améliorer,2,0,0,0,0,0,1,1,6.68,Standard (6-10 min),J'ai encore du stock du mois dernier. Je ne peux pas commander maintenant.,"Pas de problème, je repasserai.","Délégué: Bonjour, je viens vous présenter LV Fersang junior. C'est un excellent produit pour [indication].
Client: J'ai encore du stock du mois dernier. Je ne peux pas commander maintenant.
Délégué: Pas de problème, je repasserai.
Client: Je vois... [suite de la conversation]"
CONV00179,REP017,CLI0054,2025-09-24,9,September,Vitonic Tonus,Prix élevé,Standard,4.4,4.1,4.9,4.5,4.54,Faible,0,Positif,1,Objections non résolues,0,0,84,50,10,0.59,2.05,0,0,0,0,0,0,À améliorer,2,0,0,0,0,0,1,1,4.77,Courte (3-6 min),Le prix est vraiment élevé par rapport aux autres marques. Mes clients vont hésiter.,"Oui, c'est un peu cher, mais c'est un bon produit.","Délégué: Bonjour, je viens vous présenter Vitonic Tonus. C'est un excellent produit pour [indication].
Client: Le prix est vraiment élevé par rapport aux autres marques. Mes clients vont hésiter.
Délégué: Oui, c'est un peu cher, mais c'est un bon produit.
Client: Je vois... [suite de la conversation]"
CONV00181,REP016,CLI0090,2025-09-24,9,September,OLIGOVIT Trio,Marque inconnue,Difficile,5.2,3.9,3.7,4.3,4.14,Faible,0,Négatif,-1,Refus,0,0,85,30,5,0.35,0.5,0,0,0,0,0,0,À améliorer,2,0,0,0,0,0,1,1,9.97,Standard (6-10 min),Je ne connais pas bien votre laboratoire. Mes clients préfèrent les marques établies.,Nous sommes connus en Tunisie.,"Délégué: Bonjour, je viens vous présenter OLIGOVIT Trio. C'est un excellent produit pour [indication].
Client: Je ne connais pas bien votre laboratoire. Mes clients préfèrent les marques établies.
Délégué: Nous sommes connus en Tunisie.
Client: Je vois... [suite de la conversation]"
CONV00297,REP006,CLI0182,2025-09-24,9,September,OLIGOVIT Trio,Marque inconnue,Difficile,4.8,4.1,4.0,4.3,4.23,Faible,0,Négatif,-1,Pas intéressé,0,0,85,30,5,0.35,0.62,0,0,0,0,0,0,À améliorer,2,0,0,0,0,0,1,1,7.92,Standard (6-10 min),Je ne connais pas bien votre laboratoire. Mes clients préfèrent les marques établies.,Nous sommes connus en Tunisie.,"Délégué: Bonjour, je viens vous présenter OLIGOVIT Trio. C'est un excellent produit pour [indication].
Client: Je ne connais pas bien votre laboratoire. Mes clients préfèrent les marques établies.
Délégué: Nous sommes connus en Tunisie.
Client: Je vois... [suite de la conversation]"
CONV00244,REP016,CLI0163,2025-09-30,9,September,Vitonic Tonus,Posologie complexe,Difficile,5.8,3.5,2.5,3.9,3.62,Faible,0,Neutre,0,Objections non résolues,0,0,75,25,5,0.33,0.62,0,0,0,0,0,0,À améliorer,2,0,0,0,0,0,1,1,7.92,Standard (6-10 min),La posologie semble compliquée. Mes clients vont avoir du mal à comprendre.,C'est écrit sur la boîte.,"Délégué: Bonjour, je viens vous présenter Vitonic Tonus. C'est un excellent produit pour [indication].
Client: La posologie semble compliquée. Mes clients vont avoir du mal à comprendre.
Délégué: C'est écrit sur la boîte.
Client: Je vois... [suite de la conversation]"
CONV00183,REP007,CLI0212,2025-09-30,9,September,PHYTOFANE Lotion anti chute,Marque inconnue,Difficile,5.1,3.4,3.8,4.1,4.0,Faible,0,Neutre,0,Refus,0,0,85,30,5,0.35,1.14,0,0,0,0,0,0,À améliorer,2,0,0,0,0,0,1,1,4.3,Courte (3-6 min),Je ne connais pas bien votre laboratoire. Mes clients préfèrent les marques établies.,Nous sommes connus en Tunisie.,"Délégué: Bonjour, je viens vous présenter PHYTOFANE Lotion anti chute. C'est un excellent produit pour [indication].
Client: Je ne connais pas bien votre laboratoire. Mes clients préfèrent les marques établies.
Délégué: Nous sommes connus en Tunisie.
Client: Je vois... [suite de la conversation]"
CONV00011,REP020,CLI0120,2025-10-02,10,October,"Echinacée, Zinc, Vit.C",Posologie complexe,Difficile,5.6,3.0,4.2,4.3,4.19,Faible,0,Positif,1,Refus,0,0,75,25,5,0.33,1.18,0,0,0,0,0,0,À améliorer,2,0,0,0,0,0,1,1,4.13,Courte (3-6 min),La posologie semble compliquée. Mes clients vont avoir du mal à comprendre.,C'est écrit sur la boîte.,"Délégué: Bonjour, je viens vous présenter Echinacée, Zinc, Vit.C. C'est un excellent produit pour [indication].
Client: La posologie semble compliquée. Mes clients vont avoir du mal à comprendre.
Délégué: C'est écrit sur la boîte.
Client: Je vois... [suite de la conversation]"
CONV00309,REP013,CLI0210,2025-10-04,10,October,LV Vitamine A,Stock suffisant,Difficile,5.1,5.8,3.7,4.9,4.68,Faible,0,Positif,1,Pas intéressé,0,0,74,31,5,0.41,0.88,0,0,0,0,0,0,À améliorer,2,0,0,0,0,0,1,1,5.57,Courte (3-6 min),J'ai encore du stock du mois dernier. Je ne peux pas commander maintenant.,"Pas de problème, je repasserai.","Délégué: Bonjour, je viens vous présenter LV Vitamine A. C'est un excellent produit pour [indication].
Client: J'ai encore du stock du mois dernier. Je ne peux pas commander maintenant.
Délégué: Pas de problème, je repasserai.
Client: Je vois... [suite de la conversation]"
CONV00145,REP017,CLI0140,2025-10-08,10,October,LV Fersang junior,Effets Secondaires,Standard,4.7,4.2,3.4,4.1,3.96,Faible,0,Positif,1,Refus,0,0,78,23,4,0.29,0.45,0,0,0,0,0,0,À améliorer,2,0,0,0,0,0,1,1,8.7,Standard (6-10 min),J'ai entendu que ce produit peut causer des effets indésirables. Est-ce vrai ?,"Non, c'est sans danger.","Délégué: Bonjour, je viens vous présenter LV Fersang junior. C'est un excellent produit pour [indication].
Client: J'ai entendu que ce produit peut causer des effets indésirables. Est-ce vrai ?
Délégué: Non, c'est sans danger.
Client: Je vois... [suite de la conversation]"
CONV00357,REP022,CLI0151,2025-10-08,10,October,LV CYSPROTECT,Marque inconnue,Difficile,3.0,5.2,3.7,4.0,3.98,Faible,0,Négatif,-1,Objections non résolues,0,0,85,30,5,0.35,1.55,0,0,0,0,0,0,À améliorer,2,0,0,0,0,0,1,1,3.13,Courte (3-6 min),Je ne connais pas bien votre laboratoire. Mes clients préfèrent les marques établies.,Nous sommes connus en Tunisie.,"Délégué: Bonjour, je viens vous présenter LV CYSPROTECT. C'est un excellent produit pour [indication].
Client: Je ne connais pas bien votre laboratoire. Mes clients préfèrent les marques établies.
Délégué: Nous sommes connus en Tunisie.
Client: Je vois... [suite de la conversation]"
CONV00290,REP018,CLI0201,2025-10-13,10,October,LV CYSPROTECT,Effets Secondaires,Standard,4.5,4.2,2.5,3.7,3.51,Faible,0,Neutre,0,Objections non résolues,0,0,78,23,4,0.29,0.8,0,0,0,0,0,0,À améliorer,2,0,0,0,0,0,1,1,4.93,Courte (3-6 min),J'ai entendu que ce produit peut causer des effets indésirables. Est-ce vrai ?,"Non, c'est sans danger.","Délégué: Bonjour, je viens vous présenter LV CYSPROTECT. C'est un excellent produit pour [indication].
Client: J'ai entendu que ce produit peut causer des effets indésirables. Est-ce vrai ?
Délégué: Non, c'est sans danger.
Client: Je vois... [suite de la conversation]"
CONV00113,REP005,CLI0169,2025-10-14,10,October,PHYTOFANE Lotion anti chute,Efficacité douteuse,Standard,4.1,4.7,2.3,3.7,3.47,Faible,0,Négatif,-1,Objections non résolues,0,0,92,47,7,0.51,1.75,0,0,0,0,0,0,À améliorer,2,0,0,0,0,0,1,1,3.9,Courte (3-6 min),J'ai des doutes sur l'efficacité réelle de ce produit. Avez-vous des preuves scientifiques ?,Beaucoup de clients sont satisfaits du produit.,"Délégué: Bonjour, je viens vous présenter PHYTOFANE Lotion anti chute. C'est un excellent produit pour [indication].
Client: J'ai des doutes sur l'efficacité réelle de ce produit. Avez-vous des preuves scientifiques ?
Délégué: Beaucoup de clients sont satisfaits du produit.
Client: Je vois... [suite de la conversation]"
CONV00083,REP002,CLI0082,2025-10-16,10,October,"Echinacée, Zinc, Vit.C",Stock suffisant,Difficile,4.1,6.0,4.4,4.8,4.8,Faible,0,Neutre,0,Refus,0,0,74,31,5,0.41,0.62,0,0,0,0,0,0,À améliorer,2,0,0,0,0,0,1,1,8.02,Standard (6-10 min),J'ai encore du stock du mois dernier. Je ne peux pas commander maintenant.,"Pas de problème, je repasserai.","Délégué: Bonjour, je viens vous présenter Echinacée, Zinc, Vit.C. C'est un excellent produit pour [indication].
Client: J'ai encore du stock du mois dernier. Je ne peux pas commander maintenant.
Délégué: Pas de problème, je repasserai.
Client: Je vois... [suite de la conversation]"
CONV00320,REP016,CLI0153,2025-10-23,10,October,OLIGOVIT Trio,Stock suffisant,Difficile,4.4,4.7,3.0,4.0,3.86,Faible,0,Neutre,0,Objections non résolues,0,0,74,31,5,0.41,1.39,0,0,0,0,0,0,À améliorer,2,0,0,0,0,0,1,1,3.5,Courte (3-6 min),J'ai encore du stock du mois dernier. Je ne peux pas commander maintenant.,"Pas de problème, je repasserai.","Délégué: Bonjour, je viens vous présenter OLIGOVIT Trio. C'est un excellent produit pour [indication].
Client: J'ai encore du stock du mois dernier. Je ne peux pas commander maintenant.
Délégué: Pas de problème, je repasserai.
Client: Je vois... [suite de la conversation]"
CONV00150,REP013,CLI0191,2025-10-25,10,October,"Echinacée, Zinc, Vit.C",Effets Secondaires,Standard,4.0,3.6,4.1,3.9,3.92,Faible,0,Positif,1,Objections non résolues,0,0,78,23,4,0.29,0.41,0,0,0,0,0,0,À améliorer,2,0,0,0,0,0,1,1,9.63,Standard (6-10 min),J'ai entendu que ce produit peut causer des effets indésirables. Est-ce vrai ?,"Non, c'est sans danger.","Délégué: Bonjour, je viens vous présenter Echinacée, Zinc, Vit.C. C'est un excellent produit pour [indication].
Client: J'ai entendu que ce produit peut causer des effets indésirables. Est-ce vrai ?
Délégué: Non, c'est sans danger.
Client: Je vois... [suite de la conversation]"
CONV00399,REP023,CLI0136,2025-10-28,10,October,LV Vitamine A,Effets Secondaires,Standard,4.4,5.3,3.1,4.3,4.08,Faible,0,Neutre,0,Refus,0,0,78,23,4,0.29,0.99,0,0,0,0,0,0,À améliorer,2,0,0,0,0,0,1,1,3.95,Courte (3-6 min),J'ai entendu que ce produit peut causer des effets indésirables. Est-ce vrai ?,"Non, c'est sans danger.","Délégué: Bonjour, je viens vous présenter LV Vitamine A. C'est un excellent produit pour [indication].
Client: J'ai entendu que ce produit peut causer des effets indésirables. Est-ce vrai ?
Délégué: Non, c'est sans danger.
Client: Je vois... [suite de la conversation]"
CONV00080,REP018,CLI0038,2025-11-08,11,November,LV CYSPROTECT,Stock suffisant,Difficile,4.5,5.6,4.6,4.9,4.88,Faible,0,Positif,1,Objections non résolues,0,0,74,31,5,0.41,1.34,0,0,0,0,0,0,À améliorer,2,0,0,0,0,0,1,1,3.62,Courte (3-6 min),J'ai encore du stock du mois dernier. Je ne peux pas commander maintenant.,"Pas de problème, je repasserai.","Délégué: Bonjour, je viens vous présenter LV CYSPROTECT. C'est un excellent produit pour [indication].
Client: J'ai encore du stock du mois dernier. Je ne peux pas commander maintenant.
Délégué: Pas de problème, je repasserai.
Client: Je vois... [suite de la conversation]"
CONV00007,REP006,CLI0119,2025-11-09,11,November,PHYTOFANE Lotion anti chute,Concurrence,Standard,4.9,4.7,4.1,4.6,4.48,Faible,0,Neutre,0,Pas intéressé,0,0,88,34,6,0.38,1.36,0,0,0,0,0,0,À améliorer,2,0,0,0,0,0,1,1,4.3,Courte (3-6 min),Le laboratoire X propose un produit similaire moins cher et mes clients l'achètent déjà.,Notre marque est connue et fiable.,"Délégué: Bonjour, je viens vous présenter PHYTOFANE Lotion anti chute. C'est un excellent produit pour [indication].
Client: Le laboratoire X propose un produit similaire moins cher et mes clients l'achètent déjà.
Délégué: Notre marque est connue et fiable.
Client: Je vois... [suite de la conversation]"
CONV00016,REP022,CLI0167,2025-11-11,11,November,"Echinacée, Zinc, Vit.C",Demande Faible,Standard,4.4,3.7,2.2,3.4,3.2,Faible,0,Neutre,0,Pas intéressé,0,0,83,49,8,0.58,1.37,0,0,0,0,0,0,À améliorer,2,0,0,0,0,0,1,1,5.73,Courte (3-6 min),"Honnêtement, peu de clients me demandent ce type de produit. Ça va rester en stock.","C'est un bon produit, les clients vont l'acheter.","Délégué: Bonjour, je viens vous présenter Echinacée, Zinc, Vit.C. C'est un excellent produit pour [indication].
Client: Honnêtement, peu de clients me demandent ce type de produit. Ça va rester en stock.
Délégué: C'est un bon produit, les clients vont l'acheter.
Client: Je vois... [suite de la conversation]"
CONV00279,REP023,CLI0230,2025-11-11,11,November,"Echinacée, Zinc, Vit.C",Stock suffisant,Difficile,3.3,3.3,2.4,3.0,2.9,Faible,0,Neutre,0,Objections non résolues,0,0,74,31,5,0.41,0.83,0,0,0,0,0,0,À améliorer,2,0,0,0,0,0,1,1,5.9,Courte (3-6 min),J'ai encore du stock du mois dernier. Je ne peux pas commander maintenant.,"Pas de problème, je repasserai.","Délégué: Bonjour, je viens vous présenter Echinacée, Zinc, Vit.C. C'est un excellent produit pour [indication].
Client: J'ai encore du stock du mois dernier. Je ne peux pas commander maintenant.
Délégué: Pas de problème, je repasserai.
Client: Je vois... [suite de la conversation]"
CONV00223,REP016,CLI0059,2025-11-15,11,November,LV CYSPROTECT,Demande Faible,Standard,4.3,5.0,4.0,4.4,4.38,Faible,0,Négatif,-1,Pas intéressé,0,0,83,49,8,0.58,1.17,0,0,0,0,0,0,À améliorer,2,0,0,0,0,0,1,1,6.72,Standard (6-10 min),"Honnêtement, peu de clients me demandent ce type de produit. Ça va rester en stock.","C'est un bon produit, les clients vont l'acheter.","Délégué: Bonjour, je viens vous présenter LV CYSPROTECT. C'est un excellent produit pour [indication].
Client: Honnêtement, peu de clients me demandent ce type de produit. Ça va rester en stock.
Délégué: C'est un bon produit, les clients vont l'acheter.
Client: Je vois... [suite de la conversation]"
CONV00051,REP015,CLI0084,2025-11-20,11,November,PHYTOFANE Lotion anti chute,Effets Secondaires,Standard,3.8,5.9,3.3,4.3,4.2,Faible,0,Positif,1,Pas intéressé,0,0,78,23,4,0.29,0.47,0,0,0,0,0,0,À améliorer,2,0,0,0,0,0,1,1,8.48,Standard (6-10 min),J'ai entendu que ce produit peut causer des effets indésirables. Est-ce vrai ?,"Non, c'est sans danger.","Délégué: Bonjour, je viens vous présenter PHYTOFANE Lotion anti chute. C'est un excellent produit pour [indication].
Client: J'ai entendu que ce produit peut causer des effets indésirables. Est-ce vrai ?
Délégué: Non, c'est sans danger.
Client: Je vois... [suite de la conversation]"
CONV00173,REP012,CLI0204,2025-11-20,11,November,"Echinacée, Zinc, Vit.C",Efficacité douteuse,Standard,5.3,3.6,3.5,4.1,3.98,Faible,0,Neutre,0,Refus,0,0,92,47,7,0.51,1.02,0,0,0,0,0,0,À améliorer,2,0,0,0,0,0,1,1,6.75,Standard (6-10 min),J'ai des doutes sur l'efficacité réelle de ce produit. Avez-vous des preuves scientifiques ?,Beaucoup de clients sont satisfaits du produit.,"Délégué: Bonjour, je viens vous présenter Echinacée, Zinc, Vit.C. C'est un excellent produit pour [indication].
Client: J'ai des doutes sur l'efficacité réelle de ce produit. Avez-vous des preuves scientifiques ?
Délégué: Beaucoup de clients sont satisfaits du produit.
Client: Je vois... [suite de la conversation]"
CONV00033,REP001,CLI0046,2025-11-21,11,November,"Echinacée, Zinc, Vit.C",Concurrence,Standard,5.4,5.6,4.4,5.1,5.01,Faible,0,Neutre,0,Objections non résolues,0,0,88,34,6,0.38,0.68,0,0,0,0,0,0,À améliorer,2,0,0,0,0,0,1,1,8.67,Standard (6-10 min),Le laboratoire X propose un produit similaire moins cher et mes clients l'achètent déjà.,Notre marque est connue et fiable.,"Délégué: Bonjour, je viens vous présenter Echinacée, Zinc, Vit.C. C'est un excellent produit pour [indication].
Client: Le laboratoire X propose un produit similaire moins cher et mes clients l'achètent déjà.
Délégué: Notre marque est connue et fiable.
Client: Je vois... [suite de la conversation]"
CONV00274,REP008,CLI0107,2025-11-25,11,November,OLIGOVIT Trio,Stock suffisant,Difficile,4.7,3.4,4.0,4.0,4.0,Faible,0,Neutre,0,Pas intéressé,0,0,74,31,5,0.41,1.14,0,0,0,0,0,0,À améliorer,2,0,0,0,0,0,1,1,4.3,Courte (3-6 min),J'ai encore du stock du mois dernier. Je ne peux pas commander maintenant.,"Pas de problème, je repasserai.","Délégué: Bonjour, je viens vous présenter OLIGOVIT Trio. C'est un excellent produit pour [indication].
Client: J'ai encore du stock du mois dernier. Je ne peux pas commander maintenant.
Délégué: Pas de problème, je repasserai.
Client: Je vois... [suite de la conversation]"
CONV00134,REP001,CLI0093,2025-11-27,11,November,OLIGOVIT Trio,Posologie complexe,Difficile,4.0,5.3,2.6,4.0,3.76,Faible,0,Neutre,0,Pas intéressé,0,0,75,25,5,0.33,1.38,0,0,0,0,0,0,À améliorer,2,0,0,0,0,0,1,1,3.53,Courte (3-6 min),La posologie semble compliquée. Mes clients vont avoir du mal à comprendre.,C'est écrit sur la boîte.,"Délégué: Bonjour, je viens vous présenter OLIGOVIT Trio. C'est un excellent produit pour [indication].
Client: La posologie semble compliquée. Mes clients vont avoir du mal à comprendre.
Délégué: C'est écrit sur la boîte.
Client: Je vois... [suite de la conversation]"
CONV00359,REP013,CLI0088,2025-12-01,12,December,Omevie Omega 3 – 1000,Stock suffisant,Difficile,3.4,4.8,4.7,4.3,4.4,Faible,0,Positif,1,Refus,0,0,74,31,5,0.41,0.84,0,0,0,0,0,0,À améliorer,2,0,0,0,0,0,1,1,5.85,Courte (3-6 min),J'ai encore du stock du mois dernier. Je ne peux pas commander maintenant.,"Pas de problème, je repasserai.","Délégué: Bonjour, je viens vous présenter Omevie Omega 3 – 1000. C'est un excellent produit pour [indication].
Client: J'ai encore du stock du mois dernier. Je ne peux pas commander maintenant.
Délégué: Pas de problème, je repasserai.
Client: Je vois... [suite de la conversation]"
CONV00029,REP017,CLI0126,2025-12-12,12,December,Omevie Omega 3 – 1000,Stock suffisant,Difficile,3.2,4.9,4.5,4.2,4.3,Faible,0,Neutre,0,Pas intéressé,0,0,74,31,5,0.41,0.51,0,0,0,0,0,0,À améliorer,2,0,0,0,0,0,1,1,9.72,Standard (6-10 min),J'ai encore du stock du mois dernier. Je ne peux pas commander maintenant.,"Pas de problème, je repasserai.","Délégué: Bonjour, je viens vous présenter Omevie Omega 3 – 1000. C'est un excellent produit pour [indication].
Client: J'ai encore du stock du mois dernier. Je ne peux pas commander maintenant.
Délégué: Pas de problème, je repasserai.
Client: Je vois... [suite de la conversation]"
CONV00044,REP002,CLI0143,2025-12-13,12,December,LV CYSPROTECT,Concurrence,Standard,4.4,5.4,4.0,4.6,4.52,Faible,0,Négatif,-1,Refus,0,0,88,34,6,0.38,0.6,0,0,0,0,0,0,À améliorer,2,0,0,0,0,0,1,1,9.82,Standard (6-10 min),Le laboratoire X propose un produit similaire moins cher et mes clients l'achètent déjà.,Notre marque est connue et fiable.,"Délégué: Bonjour, je viens vous présenter LV CYSPROTECT. C'est un excellent produit pour [indication].
Client: Le laboratoire X propose un produit similaire moins cher et mes clients l'achètent déjà.
Délégué: Notre marque est connue et fiable.
Client: Je vois... [suite de la conversation]"
CONV00400,REP009,CLI0123,2025-12-17,12,December,Vitonic Tonus,Posologie complexe,Difficile,3.8,5.6,3.2,4.2,4.07,Faible,0,Neutre,0,Pas intéressé,0,0,75,25,5,0.33,0.51,0,0,0,0,0,0,À améliorer,2,0,0,0,0,0,1,1,9.75,Standard (6-10 min),La posologie semble compliquée. Mes clients vont avoir du mal à comprendre.,C'est écrit sur la boîte.,"Délégué: Bonjour, je viens vous présenter Vitonic Tonus. C'est un excellent produit pour [indication].
Client: La posologie semble compliquée. Mes clients vont avoir du mal à comprendre.
Délégué: C'est écrit sur la boîte.
Client: Je vois... [suite de la conversation]"
CONV00219,REP017,CLI0011,2025-12-18,12,December,LV Fersang junior,Effets Secondaires,Standard,5.1,4.7,2.8,4.2,3.94,Faible,0,Positif,1,Pas intéressé,0,0,78,23,4,0.29,1.03,0,0,0,0,0,0,À améliorer,2,0,0,0,0,0,1,1,3.8,Courte (3-6 min),J'ai entendu que ce produit peut causer des effets indésirables. Est-ce vrai ?,"Non, c'est sans danger.","Délégué: Bonjour, je viens vous présenter LV Fersang junior. C'est un excellent produit pour [indication].
Client: J'ai entendu que ce produit peut causer des effets indésirables. Est-ce vrai ?
Délégué: Non, c'est sans danger.
Client: Je vois... [suite de la conversation]"
CONV00205,REP008,CLI0218,2025-12-19,12,December,LV CYSPROTECT,Concurrence,Standard,3.4,4.4,2.2,3.3,3.16,Faible,0,Négatif,-1,Objections non résolues,0,0,88,34,6,0.38,1.29,0,0,0,0,0,0,À améliorer,2,0,0,0,0,0,1,1,4.55,Courte (3-6 min),Le laboratoire X propose un produit similaire moins cher et mes clients l'achètent déjà.,Notre marque est connue et fiable.,"Délégué: Bonjour, je viens vous présenter LV CYSPROTECT. C'est un excellent produit pour [indication].
Client: Le laboratoire X propose un produit similaire moins cher et mes clients l'achètent déjà.
Délégué: Notre marque est connue et fiable.
Client: Je vois... [suite de la conversation]"
CONV00192,REP012,CLI0158,2025-12-20,12,December,Omevie Omega 3 – 1000,Efficacité douteuse,Standard,4.4,4.4,5.0,4.6,4.67,Faible,0,Positif,1,Objections non résolues,0,0,92,47,7,0.51,1.76,0,0,0,0,0,0,À améliorer,2,0,0,0,0,0,1,1,3.87,Courte (3-6 min),J'ai des doutes sur l'efficacité réelle de ce produit. Avez-vous des preuves scientifiques ?,Beaucoup de clients sont satisfaits du produit.,"Délégué: Bonjour, je viens vous présenter Omevie Omega 3 – 1000. C'est un excellent produit pour [indication].
Client: J'ai des doutes sur l'efficacité réelle de ce produit. Avez-vous des preuves scientifiques ?
Délégué: Beaucoup de clients sont satisfaits du produit.
Client: Je vois... [suite de la conversation]"
CONV00202,REP008,CLI0139,2025-12-21,12,December,LV CYSPROTECT,Posologie complexe,Difficile,3.2,4.5,2.9,3.5,3.46,Faible,0,Positif,1,Refus,0,0,75,25,5,0.33,0.59,0,0,0,0,0,0,À améliorer,2,0,0,0,0,0,1,1,8.43,Standard (6-10 min),La posologie semble compliquée. Mes clients vont avoir du mal à comprendre.,C'est écrit sur la boîte.,"Délégué: Bonjour, je viens vous présenter LV CYSPROTECT. C'est un excellent produit pour [indication].
Client: La posologie semble compliquée. Mes clients vont avoir du mal à comprendre.
Délégué: C'est écrit sur la boîte.
Client: Je vois... [suite de la conversation]"
CONV00317,REP007,CLI0114,2025-12-22,12,December,LV Fersang junior,Posologie complexe,Difficile,5.2,5.3,4.6,5.0,4.96,Faible,0,Neutre,0,Pas intéressé,0,0,75,25,5,0.33,0.51,0,0,0,0,0,0,À améliorer,2,0,0,0,0,0,1,1,9.78,Standard (6-10 min),La posologie semble compliquée. Mes clients vont avoir du mal à comprendre.,C'est écrit sur la boîte.,"Délégué: Bonjour, je viens vous présenter LV Fersang junior. C'est un excellent produit pour [indication].
Client: La posologie semble compliquée. Mes clients vont avoir du mal à comprendre.
Délégué: C'est écrit sur la boîte.
Client: Je vois... [suite de la conversation]"
CONV00365,REP024,CLI0065,2025-12-25,12,December,LV Vitamine A,Prix élevé,Standard,5.6,4.3,2.7,4.2,3.9,Faible,0,Positif,1,Refus,0,0,84,50,10,0.59,1.36,0,0,0,0,0,0,À améliorer,2,0,0,0,0,0,1,1,7.28,Standard (6-10 min),Le prix est vraiment élevé par rapport aux autres marques. Mes clients vont hésiter.,"Oui, c'est un peu cher, mais c'est un bon produit.","Délégué: Bonjour, je viens vous présenter LV Vitamine A. C'est un excellent produit pour [indication].
Client: Le prix est vraiment élevé par rapport aux autres marques. Mes clients vont hésiter.
Délégué: Oui, c'est un peu cher, mais c'est un bon produit.
Client: Je vois... [suite de la conversation]"
CONV00289,REP005,CLI0108,2025-12-25,12,December,"Echinacée, Zinc, Vit.C",Demande Faible,Standard,4.6,4.9,4.4,4.6,4.6,Faible,0,Négatif,-1,Pas intéressé,0,0,83,49,8,0.58,1.06,0,0,0,0,0,0,À améliorer,2,0,0,0,0,0,1,1,7.48,Standard (6-10 min),"Honnêtement, peu de clients me demandent ce type de produit. Ça va rester en stock.","C'est un bon produit, les clients vont l'acheter.","Délégué: Bonjour, je viens vous présenter Echinacée, Zinc, Vit.C. C'est un excellent produit pour [indication].
Client: Honnêtement, peu de clients me demandent ce type de produit. Ça va rester en stock.
Délégué: C'est un bon produit, les clients vont l'acheter.
Client: Je vois... [suite de la conversation]"
CONV00102,REP013,CLI0071,2025-12-28,12,December,LV Vitamine A,Effets Secondaires,Standard,5.5,3.3,2.6,3.8,3.54,Faible,0,Neutre,0,Refus,0,0,78,23,4,0.29,1.28,0,0,0,0,0,0,À améliorer,2,0,0,0,0,0,1,1,3.03,Courte (3-6 min),J'ai entendu que ce produit peut causer des effets indésirables. Est-ce vrai ?,"Non, c'est sans danger.","Délégué: Bonjour, je viens vous présenter LV Vitamine A. C'est un excellent produit pour [indication].
Client: J'ai entendu que ce produit peut causer des effets indésirables. Est-ce vrai ?
Délégué: Non, c'est sans danger.
Client: Je vois... [suite de la conversation]"
CONV00186,REP006,CLI0107,2025-12-31,12,December,LV Vitamine A,Stock suffisant,Difficile,6.0,4.2,3.5,4.6,4.34,Faible,0,Positif,1,Refus,0,0,74,31,5,0.41,0.5,0,0,0,0,0,0,À améliorer,2,0,0,0,0,0,1,1,9.97,Standard (6-10 min),J'ai encore du stock du mois dernier. Je ne peux pas commander maintenant.,"Pas de problème, je repasserai.","Délégué: Bonjour, je viens vous présenter LV Vitamine A. C'est un excellent produit pour [indication].
Client: J'ai encore du stock du mois dernier. Je ne peux pas commander maintenant.
Délégué: Pas de problème, je repasserai.
Client: Je vois... [suite de la conversation]"
CONV00336,REP025,CLI0049,2026-01-03,1,January,OLIGOVIT Trio,Marque inconnue,Difficile,4.2,3.7,4.2,4.0,4.05,Faible,0,Neutre,0,Pas intéressé,0,0,85,30,5,0.35,0.51,0,0,0,0,0,0,À améliorer,2,0,0,0,0,0,1,1,9.73,Standard (6-10 min),Je ne connais pas bien votre laboratoire. Mes clients préfèrent les marques établies.,Nous sommes connus en Tunisie.,"Délégué: Bonjour, je viens vous présenter OLIGOVIT Trio. C'est un excellent produit pour [indication].
Client: Je ne connais pas bien votre laboratoire. Mes clients préfèrent les marques établies.
Délégué: Nous sommes connus en Tunisie.
Client: Je vois... [suite de la conversation]"
CONV00013,REP005,CLI0096,2026-01-04,1,January,PHYTOFANE Lotion anti chute,Demande Faible,Standard,5.8,5.8,3.8,5.1,4.9,Faible,0,Neutre,0,Objections non résolues,0,0,83,49,8,0.58,1.19,0,0,0,0,0,0,À améliorer,2,0,0,0,0,0,1,1,6.6,Standard (6-10 min),"Honnêtement, peu de clients me demandent ce type de produit. Ça va rester en stock.","C'est un bon produit, les clients vont l'acheter.","Délégué: Bonjour, je viens vous présenter PHYTOFANE Lotion anti chute. C'est un excellent produit pour [indication].
Client: Honnêtement, peu de clients me demandent ce type de produit. Ça va rester en stock.
Délégué: C'est un bon produit, les clients vont l'acheter.
Client: Je vois... [suite de la conversation]"
CONV00270,REP023,CLI0003,2026-01-04,1,January,Vitonic Tonus,Prix élevé,Standard,4.6,5.3,4.2,4.7,4.63,Faible,0,Positif,1,Pas intéressé,0,0,84,50,10,0.59,1.58,0,0,0,0,0,0,À améliorer,2,0,0,0,0,0,1,1,6.23,Standard (6-10 min),Le prix est vraiment élevé par rapport aux autres marques. Mes clients vont hésiter.,"Oui, c'est un peu cher, mais c'est un bon produit.","Délégué: Bonjour, je viens vous présenter Vitonic Tonus. C'est un excellent produit pour [indication].
Client: Le prix est vraiment élevé par rapport aux autres marques. Mes clients vont hésiter.
Délégué: Oui, c'est un peu cher, mais c'est un bon produit.
Client: Je vois... [suite de la conversation]"
CONV00045,REP018,CLI0115,2026-01-05,1,January,"Echinacée, Zinc, Vit.C",Marque inconnue,Difficile,4.4,5.3,4.5,4.7,4.72,Faible,0,Négatif,-1,Objections non résolues,0,0,85,30,5,0.35,0.59,0,0,0,0,0,0,À améliorer,2,0,0,0,0,0,1,1,8.33,Standard (6-10 min),Je ne connais pas bien votre laboratoire. Mes clients préfèrent les marques établies.,Nous sommes connus en Tunisie.,"Délégué: Bonjour, je viens vous présenter Echinacée, Zinc, Vit.C. C'est un excellent produit pour [indication].
Client: Je ne connais pas bien votre laboratoire. Mes clients préfèrent les marques établies.
Délégué: Nous sommes connus en Tunisie.
Client: Je vois... [suite de la conversation]"
CONV00350,REP001,CLI0165,2026-01-05,1,January,LV Vitamine A,Concurrence,Standard,5.6,5.6,2.2,4.5,4.07,Faible,0,Négatif,-1,Objections non résolues,0,0,88,34,6,0.38,0.94,0,0,0,0,0,0,À améliorer,2,0,0,0,0,0,1,1,6.3,Standard (6-10 min),Le laboratoire X propose un produit similaire moins cher et mes clients l'achètent déjà.,Notre marque est connue et fiable.,"Délégué: Bonjour, je viens vous présenter LV Vitamine A. C'est un excellent produit pour [indication].
Client: Le laboratoire X propose un produit similaire moins cher et mes clients l'achètent déjà.
Délégué: Notre marque est connue et fiable.
Client: Je vois... [suite de la conversation]"
CONV00079,REP004,CLI0166,2026-01-06,1,January,LV CYSPROTECT,Efficacité douteuse,Standard,3.9,5.1,3.2,4.1,3.94,Faible,0,Positif,1,Objections non résolues,0,0,92,47,7,0.51,1.1,0,0,0,0,0,0,À améliorer,2,0,0,0,0,0,1,1,6.25,Standard (6-10 min),J'ai des doutes sur l'efficacité réelle de ce produit. Avez-vous des preuves scientifiques ?,Beaucoup de clients sont satisfaits du produit.,"Délégué: Bonjour, je viens vous présenter LV CYSPROTECT. C'est un excellent produit pour [indication].
Client: J'ai des doutes sur l'efficacité réelle de ce produit. Avez-vous des preuves scientifiques ?
Délégué: Beaucoup de clients sont satisfaits du produit.
Client: Je vois... [suite de la conversation]"
CONV00286,REP021,CLI0114,2026-01-13,1,January,PHYTOFANE Lotion anti chute,Efficacité douteuse,Standard,5.5,4.0,2.1,3.9,3.52,Faible,0,Neutre,0,Objections non résolues,0,0,92,47,7,0.51,2.43,0,0,0,0,0,0,À améliorer,2,0,0,0,0,0,1,1,2.78,Très courte (<3 min),J'ai des doutes sur l'efficacité réelle de ce produit. Avez-vous des preuves scientifiques ?,Beaucoup de clients sont satisfaits du produit.,"Délégué: Bonjour, je viens vous présenter PHYTOFANE Lotion anti chute. C'est un excellent produit pour [indication].
Client: J'ai des doutes sur l'efficacité réelle de ce produit. Avez-vous des preuves scientifiques ?
Délégué: Beaucoup de clients sont satisfaits du produit.
Client: Je vois... [suite de la conversation]"
CONV00271,REP024,CLI0227,2026-01-15,1,January,Omevie Omega 3 – 1000,Concurrence,Standard,4.0,4.3,3.6,4.0,3.91,Faible,0,Neutre,0,Objections non résolues,0,0,88,34,6,0.38,0.69,0,0,0,0,0,0,À améliorer,2,0,0,0,0,0,1,1,8.57,Standard (6-10 min),Le laboratoire X propose un produit similaire moins cher et mes clients l'achètent déjà.,Notre marque est connue et fiable.,"Délégué: Bonjour, je viens vous présenter Omevie Omega 3 – 1000. C'est un excellent produit pour [indication].
Client: Le laboratoire X propose un produit similaire moins cher et mes clients l'achètent déjà.
Délégué: Notre marque est connue et fiable.
Client: Je vois... [suite de la conversation]"
CONV00139,REP012,CLI0142,2026-01-19,1,January,LV CYSPROTECT,Prix élevé,Standard,5.6,3.9,4.3,4.6,4.5,Faible,0,Positif,1,Objections non résolues,0,0,84,50,10,0.59,1.22,0,0,0,0,0,0,À améliorer,2,0,0,0,0,0,1,1,8.07,Standard (6-10 min),Le prix est vraiment élevé par rapport aux autres marques. Mes clients vont hésiter.,"Oui, c'est un peu cher, mais c'est un bon produit.","Délégué: Bonjour, je viens vous présenter LV CYSPROTECT. C'est un excellent produit pour [indication].
Client: Le prix est vraiment élevé par rapport aux autres marques. Mes clients vont hésiter.
Délégué: Oui, c'est un peu cher, mais c'est un bon produit.
Client: Je vois... [suite de la conversation]"
CONV00249,REP009,CLI0090,2026-01-23,1,January,LV CYSPROTECT,Prix élevé,Standard,3.4,5.4,2.6,3.8,3.64,Faible,0,Positif,1,Refus,0,0,84,50,10,0.59,1.72,0,0,0,0,0,0,À améliorer,2,0,0,0,0,0,1,1,5.73,Courte (3-6 min),Le prix est vraiment élevé par rapport aux autres marques. Mes clients vont hésiter.,"Oui, c'est un peu cher, mais c'est un bon produit.","Délégué: Bonjour, je viens vous présenter LV CYSPROTECT. C'est un excellent produit pour [indication].
Client: Le prix est vraiment élevé par rapport aux autres marques. Mes clients vont hésiter.
Délégué: Oui, c'est un peu cher, mais c'est un bon produit.
Client: Je vois... [suite de la conversation]"
CONV00198,REP013,CLI0097,2026-01-25,1,January,LV CYSPROTECT,Posologie complexe,Difficile,5.6,3.4,4.6,4.5,4.49,Faible,0,Neutre,0,Pas intéressé,0,0,75,25,5,0.33,0.63,0,0,0,0,0,0,À améliorer,2,0,0,0,0,0,1,1,7.82,Standard (6-10 min),La posologie semble compliquée. Mes clients vont avoir du mal à comprendre.,C'est écrit sur la boîte.,"Délégué: Bonjour, je viens vous présenter LV CYSPROTECT. C'est un excellent produit pour [indication].
Client: La posologie semble compliquée. Mes clients vont avoir du mal à comprendre.
Délégué: C'est écrit sur la boîte.
Client: Je vois... [suite de la conversation]"
CONV00008,REP013,CLI0069,2026-01-29,1,January,OLIGOVIT Trio,Prix élevé,Standard,4.7,5.2,2.6,4.2,3.9,Faible,0,Positif,1,Objections non résolues,0,0,84,50,10,0.59,2.56,0,0,0,0,0,0,À améliorer,2,0,0,0,0,0,1,1,3.8,Courte (3-6 min),Le prix est vraiment élevé par rapport aux autres marques. Mes clients vont hésiter.,"Oui, c'est un peu cher, mais c'est un bon produit.","Délégué: Bonjour, je viens vous présenter OLIGOVIT Trio. C'est un excellent produit pour [indication].
Client: Le prix est vraiment élevé par rapport aux autres marques. Mes clients vont hésiter.
Délégué: Oui, c'est un peu cher, mais c'est un bon produit.
Client: Je vois... [suite de la conversation]"
CONV00272,REP017,CLI0093,2026-01-31,1,January,LV CYSPROTECT,Marque inconnue,Difficile,3.5,3.5,4.3,3.8,3.86,Faible,0,Neutre,0,Refus,0,0,85,30,5,0.35,0.79,0,0,0,0,0,0,À améliorer,2,0,0,0,0,0,1,1,6.25,Standard (6-10 min),Je ne connais pas bien votre laboratoire. Mes clients préfèrent les marques établies.,Nous sommes connus en Tunisie.,"Délégué: Bonjour, je viens vous présenter LV CYSPROTECT. C'est un excellent produit pour [indication].
Client: Je ne connais pas bien votre laboratoire. Mes clients préfèrent les marques établies.
Délégué: Nous sommes connus en Tunisie.
Client: Je vois... [suite de la conversation]"
CONV00014,REP010,CLI0062,2026-01-31,1,January,OLIGOVIT Trio,Efficacité douteuse,Standard,5.8,3.3,3.5,4.2,4.01,Faible,0,Négatif,-1,Pas intéressé,0,0,92,47,7,0.51,1.69,0,0,0,0,0,0,À améliorer,2,0,0,0,0,0,1,1,4.05,Courte (3-6 min),J'ai des doutes sur l'efficacité réelle de ce produit. Avez-vous des preuves scientifiques ?,Beaucoup de clients sont satisfaits du produit.,"Délégué: Bonjour, je viens vous présenter OLIGOVIT Trio. C'est un excellent produit pour [indication].
Client: J'ai des doutes sur l'efficacité réelle de ce produit. Avez-vous des preuves scientifiques ?
Délégué: Beaucoup de clients sont satisfaits du produit.
Client: Je vois... [suite de la conversation]"
CONV00042,REP005,CLI0007,2026-02-03,2,February,PHYTOFANE Lotion anti chute,Stock suffisant,Difficile,4.8,5.3,3.4,4.5,4.32,Faible,0,Neutre,0,Refus,0,0,74,31,5,0.41,1.2,0,0,0,0,0,0,À améliorer,2,0,0,0,0,0,1,1,4.08,Courte (3-6 min),J'ai encore du stock du mois dernier. Je ne peux pas commander maintenant.,"Pas de problème, je repasserai.","Délégué: Bonjour, je viens vous présenter PHYTOFANE Lotion anti chute. C'est un excellent produit pour [indication].
Client: J'ai encore du stock du mois dernier. Je ne peux pas commander maintenant.
Délégué: Pas de problème, je repasserai.
Client: Je vois... [suite de la conversation]"
CONV00165,REP020,CLI0164,2026-02-07,2,February,"Echinacée, Zinc, Vit.C",Stock suffisant,Difficile,4.6,4.9,2.9,4.1,3.92,Faible,0,Positif,1,Pas intéressé,0,0,74,31,5,0.41,0.79,0,0,0,0,0,0,À améliorer,2,0,0,0,0,0,1,1,6.23,Standard (6-10 min),J'ai encore du stock du mois dernier. Je ne peux pas commander maintenant.,"Pas de problème, je repasserai.","Délégué: Bonjour, je viens vous présenter Echinacée, Zinc, Vit.C. C'est un excellent produit pour [indication].
Client: J'ai encore du stock du mois dernier. Je ne peux pas commander maintenant.
Délégué: Pas de problème, je repasserai.
Client: Je vois... [suite de la conversation]"
CONV00208,REP011,CLI0078,2026-02-11,2,February,PHYTOFANE Lotion anti chute,Marque inconnue,Difficile,5.9,3.4,5.0,4.8,4.74,Faible,0,Neutre,0,Objections non résolues,0,0,85,30,5,0.35,1.28,0,0,0,0,0,0,À améliorer,2,0,0,0,0,0,1,1,3.8,Courte (3-6 min),Je ne connais pas bien votre laboratoire. Mes clients préfèrent les marques établies.,Nous sommes connus en Tunisie.,"Délégué: Bonjour, je viens vous présenter PHYTOFANE Lotion anti chute. C'est un excellent produit pour [indication].
Client: Je ne connais pas bien votre laboratoire. Mes clients préfèrent les marques établies.
Délégué: Nous sommes connus en Tunisie.
Client: Je vois... [suite de la conversation]"
CONV00265,REP017,CLI0228,2026-02-11,2,February,LV Fersang junior,Marque inconnue,Difficile,3.4,5.6,3.7,4.2,4.2,Faible,0,Neutre,0,Objections non résolues,0,0,85,30,5,0.35,0.97,0,0,0,0,0,0,À améliorer,2,0,0,0,0,0,1,1,5.07,Courte (3-6 min),Je ne connais pas bien votre laboratoire. Mes clients préfèrent les marques établies.,Nous sommes connus en Tunisie.,"Délégué: Bonjour, je viens vous présenter LV Fersang junior. C'est un excellent produit pour [indication].
Client: Je ne connais pas bien votre laboratoire. Mes clients préfèrent les marques établies.
Délégué: Nous sommes connus en Tunisie.
Client: Je vois... [suite de la conversation]"
CONV00298,REP005,CLI0046,2026-02-14,2,February,Omevie Omega 3 – 1000,Demande Faible,Standard,4.2,6.0,4.9,5.0,5.06,Faible,0,Neutre,0,Pas intéressé,0,0,83,49,8,0.58,0.99,0,0,0,0,0,0,À améliorer,2,0,0,0,0,0,1,1,7.98,Standard (6-10 min),"Honnêtement, peu de clients me demandent ce type de produit. Ça va rester en stock.","C'est un bon produit, les clients vont l'acheter.","Délégué: Bonjour, je viens vous présenter Omevie Omega 3 – 1000. C'est un excellent produit pour [indication].
Client: Honnêtement, peu de clients me demandent ce type de produit. Ça va rester en stock.
Délégué: C'est un bon produit, les clients vont l'acheter.
Client: Je vois... [suite de la conversation]"
