conversation_id,product,objection_type,objection_difficulty,objection_text,rep_response,response_quality,overall_score,context_weighted_score,has_empathy,has_data_args,has_solution,argumentation_richness,skill_level,outcome,is_success,client_sentiment
CONV00095,OLIGOVIT Trio,Concurrence,Standard,Le laboratoire X propose un produit similaire moins cher et mes clients l'achètent déjà.,Je connais bien ce produit concurrent. La différence principale est dans la formulation : OLIGOVIT Trio utilise une forme biodisponible brevetée qui garantit une absorption supérieure de 40%. Nos études comparatives montrent des résultats visibles plus rapidement. Je peux vous proposer un échantillon gratuit pour que vous puissiez constater la différence.,Excellent,9.9,9.88,0,1,0,1,Expert,Intérêt Fort,1,Négatif
CONV00295,OLIGOVIT Trio,Concurrence,Standard,Le laboratoire X propose un produit similaire moins cher et mes clients l'achètent déjà.,Je connais bien ce produit concurrent. La différence principale est dans la formulation : OLIGOVIT Trio utilise une forme biodisponible brevetée qui garantit une absorption supérieure de 40%. Nos études comparatives montrent des résultats visibles plus rapidement. Je peux vous proposer un échantillon gratuit pour que vous puissiez constater la différence.,Excellent,9.5,9.52,0,1,0,1,Expert,Rendez-vous futur,1,Négatif
CONV00241,OLIGOVIT Trio,Concurrence,Standard,Le laboratoire X propose un produit similaire moins cher et mes clients l'achètent déjà.,Je connais bien ce produit concurrent. La différence principale est dans la formulation : OLIGOVIT Trio utilise une forme biodisponible brevetée qui garantit une absorption supérieure de 40%. Nos études comparatives montrent des résultats visibles plus rapidement. Je peux vous proposer un échantillon gratuit pour que vous puissiez constater la différence.,Excellent,9.4,9.34,0,1,0,1,Expert,Rendez-vous futur,1,Négatif
CONV00059,LV CYSPROTECT,Concurrence,Standard,Le laboratoire X propose un produit similaire moins cher et mes clients l'achètent déjà.,Je connais bien ce produit concurrent. La différence principale est dans la formulation : LV CYSPROTECT utilise une forme biodisponible brevetée qui garantit une absorption supérieure de 40%. Nos études comparatives montrent des résultats visibles plus rapidement. Je peux vous proposer un échantillon gratuit pour que vous puissiez constater la différence.,Excellent,9.4,9.34,0,1,0,1,Expert,Rendez-vous futur,1,Neutre
CONV00156,LV CYSPROTECT,Concurrence,Standard,Le laboratoire X propose un produit similaire moins cher et mes clients l'achètent déjà.,Je connais bien ce produit concurrent. La différence principale est dans la formulation : LV CYSPROTECT utilise une forme biodisponible brevetée qui garantit une absorption supérieure de 40%. Nos études comparatives montrent des résultats visibles plus rapidement. Je peux vous proposer un échantillon gratuit pour que vous puissiez constater la différence.,Excellent,9.1,9.3,0,1,0,1,Expert,Intérêt Fort,1,Négatif
CONV00346,LV Fersang junior,Concurrence,Standard,Le laboratoire X propose un produit similaire moins cher et mes clients l'achètent déjà.,Je connais bien ce produit concurrent. La différence principale est dans la formulation : LV Fersang junior utilise une forme biodisponible brevetée qui garantit une absorption supérieure de 40%. Nos études comparatives montrent des résultats visibles plus rapidement. Je peux vous proposer un échantillon gratuit pour que vous puissiez constater la différence.,Excellent,9.2,9.28,0,1,0,1,Expert,Rendez-vous futur,1,Négatif
CONV00253,Omevie Omega 3 – 1000,Concurrence,Standard,Le laboratoire X propose un produit similaire moins cher et mes clients l'achètent déjà.,Je connais bien ce produit concurrent. La différence principale est dans la formulation : Omevie Omega 3 – 1000 utilise une forme biodisponible brevetée qui garantit une absorption supérieure de 40%. Nos études comparatives montrent des résultats visibles plus rapidement. Je peux vous proposer un échantillon gratuit pour que vous puissiez constater la différence.,Excellent,9.3,9.21,0,1,0,1,Expert,Rendez-vous futur,1,Négatif
CONV00394,LV Vitamine A,Concurrence,Standard,Le laboratoire X propose un produit similaire moins cher et mes clients l'achètent déjà.,Je connais bien ce produit concurrent. La différence principale est dans la formulation : LV Vitamine A utilise une forme biodisponible brevetée qui garantit une absorption supérieure de 40%. Nos études comparatives montrent des résultats visibles plus rapidement. Je peux vous proposer un échantillon gratuit pour que vous puissiez constater la différence.,Excellent,9.2,9.21,0,1,0,1,Expert,Rendez-vous futur,1,Neutre
CONV00057,"Echinacée, Zinc, Vit.C",Concurrence,Standard,Le laboratoire X propose un produit similaire moins cher et mes clients l'achètent déjà.,"Je connais bien ce produit concurrent. La différence principale est dans la formulation : Echinacée, Zinc, Vit.C utilise une forme biodisponible brevetée qui garantit une absorption supérieure de 40%. Nos études comparatives montrent des résultats visibles plus rapidement. Je peux vous proposer un échantillon gratuit pour que vous puissiez constater la différence.",Excellent,9.2,9.18,0,1,0,1,Expert,Intérêt Fort,1,Négatif
CONV00243,OLIGOVIT Trio,Concurrence,Standard,Le laboratoire X propose un produit similaire moins cher et mes clients l'achètent déjà.,Je connais bien ce produit concurrent. La différence principale est dans la formulation : OLIGOVIT Trio utilise une forme biodisponible brevetée qui garantit une absorption supérieure de 40%. Nos études comparatives montrent des résultats visibles plus rapidement. Je peux vous proposer un échantillon gratuit pour que vous puissiez constater la différence.,Excellent,9.1,9.01,0,1,0,1,Expert,Commande,1,Négatif
CONV00216,LV Fersang junior,Concurrence,Standard,Le laboratoire X propose un produit similaire moins cher et mes clients l'achètent déjà.,Je connais bien ce produit concurrent. La différence principale est dans la formulation : LV Fersang junior utilise une forme biodisponible brevetée qui garantit une absorption supérieure de 40%. Nos études comparatives montrent des résultats visibles plus rapidement. Je peux vous proposer un échantillon gratuit pour que vous puissiez constater la différence.,Excellent,9.1,8.98,0,1,0,1,Expert,Intérêt Fort,1,Neutre
CONV00239,Vitonic Tonus,Concurrence,Standard,Le laboratoire X propose un produit similaire moins cher et mes clients l'achètent déjà.,Je connais bien ce produit concurrent. La différence principale est dans la formulation : Vitonic Tonus utilise une forme biodisponible brevetée qui garantit une absorption supérieure de 40%. Nos études comparatives montrent des résultats visibles plus rapidement. Je peux vous proposer un échantillon gratuit pour que vous puissiez constater la différence.,Excellent,8.8,8.91,0,1,0,1,Expert,Intérêt Fort,1,Négatif
CONV00015,Vitonic Tonus,Concurrence,Standard,Le laboratoire X propose un produit similaire moins cher et mes clients l'achètent déjà.,Je connais bien ce produit concurrent. La différence principale est dans la formulation : Vitonic Tonus utilise une forme biodisponible brevetée qui garantit une absorption supérieure de 40%. Nos études comparatives montrent des résultats visibles plus rapidement. Je peux vous proposer un échantillon gratuit pour que vous puissiez constater la différence.,Excellent,9.0,8.84,0,1,0,1,Expert,Rendez-vous futur,1,Neutre
CONV00214,PHYTOFANE Lotion anti chute,Concurrence,Standard,Le laboratoire X propose un produit similaire moins cher et mes clients l'achètent déjà.,Je connais bien ce produit concurrent. La différence principale est dans la formulation : PHYTOFANE Lotion anti chute utilise une forme biodisponible brevetée qui garantit une absorption supérieure de 40%. Nos études comparatives montrent des résultats visibles plus rapidement. Je peux vous proposer un échantillon gratuit pour que vous puissiez constater la différence.,Excellent,8.8,8.84,0,1,0,1,Expert,Rendez-vous futur,1,Négatif
CONV00027,OLIGOVIT Trio,Concurrence,Standard,Le laboratoire X propose un produit similaire moins cher et mes clients l'achètent déjà.,Je connais bien ce produit concurrent. La différence principale est dans la formulation : OLIGOVIT Trio utilise une forme biodisponible brevetée qui garantit une absorption supérieure de 40%. Nos études comparatives montrent des résultats visibles plus rapidement. Je peux vous proposer un échantillon gratuit pour que vous puissiez constater la différence.,Excellent,8.9,8.82,0,1,0,1,Expert,Rendez-vous futur,1,Neutre
CONV00188,LV CYSPROTECT,Concurrence,Standard,Le laboratoire X propose un produit similaire moins cher et mes clients l'achètent déjà.,Je connais bien ce produit concurrent. La différence principale est dans la formulation : LV CYSPROTECT utilise une forme biodisponible brevetée qui garantit une absorption supérieure de 40%. Nos études comparatives montrent des résultats visibles plus rapidement. Je peux vous proposer un échantillon gratuit pour que vous puissiez constater la différence.,Excellent,8.6,8.56,0,1,0,1,Expert,Rendez-vous futur,1,Négatif
CONV00302,LV CYSPROTECT,Concurrence,Standard,Le laboratoire X propose un produit similaire moins cher et mes clients l'achètent déjà.,Je connais bien ce produit concurrent. La différence principale est dans la formulation : LV CYSPROTECT utilise une forme biodisponible brevetée qui garantit une absorption supérieure de 40%. Nos études comparatives montrent des résultats visibles plus rapidement. Je peux vous proposer un échantillon gratuit pour que vous puissiez constater la différence.,Excellent,8.5,8.5,0,1,0,1,Expert,Intérêt Fort,1,Neutre
CONV00148,LV Fersang junior,Concurrence,Standard,Le laboratoire X propose un produit similaire moins cher et mes clients l'achètent déjà.,Je connais bien ce produit concurrent. La différence principale est dans la formulation : LV Fersang junior utilise une forme biodisponible brevetée qui garantit une absorption supérieure de 40%. Nos études comparatives montrent des résultats visibles plus rapidement. Je peux vous proposer un échantillon gratuit pour que vous puissiez constater la différence.,Excellent,8.2,8.19,0,1,0,1,Expert,Intérêt Fort,1,Négatif
CONV00133,"Echinacée, Zinc, Vit.C",Demande Faible,Standard,"Honnêtement, peu de clients me demandent ce type de produit. Ça va rester en stock.","Je comprends. C'est justement une opportunité ! La demande est faible car les clients ne connaissent pas encore le produit. Nous proposons un kit de 5 affiches et des échantillons gratuits pour créer la demande. Dans les pharmacies qui ont utilisé ce kit, les ventes ont augmenté de 60% en 2 mois. Puis-je vous montrer notre plan d'animation ?",Excellent,9.8,9.82,1,1,0,3,Expert,Rendez-vous futur,1,Neutre
CONV00177,PHYTOFANE Lotion anti chute,Demande Faible,Standard,"Honnêtement, peu de clients me demandent ce type de produit. Ça va rester en stock.","Je comprends. C'est justement une opportunité ! La demande est faible car les clients ne connaissent pas encore le produit. Nous proposons un kit de 5 affiches et des échantillons gratuits pour créer la demande. Dans les pharmacies qui ont utilisé ce kit, les ventes ont augmenté de 60% en 2 mois. Puis-je vous montrer notre plan d'animation ?",Excellent,9.4,9.45,1,1,0,3,Expert,Commande,1,Neutre
CONV00316,LV CYSPROTECT,Demande Faible,Standard,"Honnêtement, peu de clients me demandent ce type de produit. Ça va rester en stock.","Je comprends. C'est justement une opportunité ! La demande est faible car les clients ne connaissent pas encore le produit. Nous proposons un kit de 5 affiches et des échantillons gratuits pour créer la demande. Dans les pharmacies qui ont utilisé ce kit, les ventes ont augmenté de 60% en 2 mois. Puis-je vous montrer notre plan d'animation ?",Excellent,9.2,9.28,1,1,0,3,Expert,Intérêt Fort,1,Négatif
CONV00252,Vitonic Tonus,Demande Faible,Standard,"Honnêtement, peu de clients me demandent ce type de produit. Ça va rester en stock.","Je comprends. C'est justement une opportunité ! La demande est faible car les clients ne connaissent pas encore le produit. Nous proposons un kit de 5 affiches et des échantillons gratuits pour créer la demande. Dans les pharmacies qui ont utilisé ce kit, les ventes ont augmenté de 60% en 2 mois. Puis-je vous montrer notre plan d'animation ?",Excellent,8.9,9.06,1,1,0,3,Expert,Intérêt Fort,1,Négatif
CONV00028,LV Fersang junior,Demande Faible,Standard,"Honnêtement, peu de clients me demandent ce type de produit. Ça va rester en stock.","Je comprends. C'est justement une opportunité ! La demande est faible car les clients ne connaissent pas encore le produit. Nous proposons un kit de 5 affiches et des échantillons gratuits pour créer la demande. Dans les pharmacies qui ont utilisé ce kit, les ventes ont augmenté de 60% en 2 mois. Puis-je vous montrer notre plan d'animation ?",Excellent,8.9,8.96,1,1,0,3,Expert,Rendez-vous futur,1,Négatif
CONV00378,OLIGOVIT Trio,Demande Faible,Standard,"Honnêtement, peu de clients me demandent ce type de produit. Ça va rester en stock.","Je comprends. C'est justement une opportunité ! La demande est faible car les clients ne connaissent pas encore le produit. Nous proposons un kit de 5 affiches et des échantillons gratuits pour créer la demande. Dans les pharmacies qui ont utilisé ce kit, les ventes ont augmenté de 60% en 2 mois. Puis-je vous montrer notre plan d'animation ?",Excellent,8.8,8.86,1,1,0,3,Expert,Commande,1,Négatif
CONV00191,OLIGOVIT Trio,Demande Faible,Standard,"Honnêtement, peu de clients me demandent ce type de produit. Ça va rester en stock.","Je comprends. C'est justement une opportunité ! La demande est faible car les clients ne connaissent pas encore le produit. Nous proposons un kit de 5 affiches et des échantillons gratuits pour créer la demande. Dans les pharmacies qui ont utilisé ce kit, les ventes ont augmenté de 60% en 2 mois. Puis-je vous montrer notre plan d'animation ?",Excellent,8.8,8.84,1,1,0,3,Expert,Rendez-vous futur,1,Négatif
CONV00367,Omevie Omega 3 – 1000,Demande Faible,Standard,"Honnêtement, peu de clients me demandent ce type de produit. Ça va rester en stock.","Je comprends. C'est justement une opportunité ! La demande est faible car les clients ne connaissent pas encore le produit. Nous proposons un kit de 5 affiches et des échantillons gratuits pour créer la demande. Dans les pharmacies qui ont utilisé ce kit, les ventes ont augmenté de 60% en 2 mois. Puis-je vous montrer notre plan d'animation ?",Excellent,8.8,8.73,1,1,0,3,Expert,Commande,1,Négatif
CONV00341,Vitonic Tonus,Demande Faible,Standard,"Honnêtement, peu de clients me demandent ce type de produit. Ça va rester en stock.","Je comprends. C'est justement une opportunité ! La demande est faible car les clients ne connaissent pas encore le produit. Nous proposons un kit de 5 affiches et des échantillons gratuits pour créer la demande. Dans les pharmacies qui ont utilisé ce kit, les ventes ont augmenté de 60% en 2 mois. Puis-je vous montrer notre plan d'animation ?",Excellent,8.9,8.68,1,1,0,3,Expert,Rendez-vous futur,1,Neutre
CONV00068,LV Vitamine A,Demande Faible,Standard,"Honnêtement, peu de clients me demandent ce type de produit. Ça va rester en stock.","Je comprends. C'est justement une opportunité ! La demande est faible car les clients ne connaissent pas encore le produit. Nous proposons un kit de 5 affiches et des échantillons gratuits pour créer la demande. Dans les pharmacies qui ont utilisé ce kit, les ventes ont augmenté de 60% en 2 mois. Puis-je vous montrer notre plan d'animation ?",Excellent,8.7,8.62,1,1,0,3,Expert,Commande,1,Neutre
CONV00340,LV Fersang junior,Demande Faible,Standard,"Honnêtement, peu de clients me demandent ce type de produit. Ça va rester en stock.","Je comprends. C'est justement une opportunité ! La demande est faible car les clients ne connaissent pas encore le produit. Nous proposons un kit de 5 affiches et des échantillons gratuits pour créer la demande. Dans les pharmacies qui ont utilisé ce kit, les ventes ont augmenté de 60% en 2 mois. Puis-je vous montrer notre plan d'animation ?",Excellent,8.6,8.6,1,1,0,3,Expert,Rendez-vous futur,1,Négatif
CONV00180,Omevie Omega 3 – 1000,Effets Secondaires,Standard,J'ai entendu que ce produit peut causer des effets indésirables. Est-ce vrai ?,"Omevie Omega 3 – 1000 est un complément alimentaire avec un excellent profil de sécurité. Les études cliniques n'ont montré aucun effet indésirable significatif. Les seules précautions sont les contre-indications classiques pour les femmes enceintes et les allergies aux composants, clairement indiquées sur la notice. Plus de 50 000 patients ont utilisé ce produit sans incident.",Excellent,9.5,9.62,0,1,0,1,Expert,Intérêt Fort,1,Neutre
CONV00012,LV Fersang junior,Effets Secondaires,Standard,J'ai entendu que ce produit peut causer des effets indésirables. Est-ce vrai ?,"LV Fersang junior est un complément alimentaire avec un excellent profil de sécurité. Les études cliniques n'ont montré aucun effet indésirable significatif. Les seules précautions sont les contre-indications classiques pour les femmes enceintes et les allergies aux composants, clairement indiquées sur la notice. Plus de 50 000 patients ont utilisé ce produit sans incident.",Excellent,9.6,9.62,0,1,0,1,Expert,Commande,1,Neutre
CONV00360,PHYTOFANE Lotion anti chute,Effets Secondaires,Standard,J'ai entendu que ce produit peut causer des effets indésirables. Est-ce vrai ?,"PHYTOFANE Lotion anti chute est un complément alimentaire avec un excellent profil de sécurité. Les études cliniques n'ont montré aucun effet indésirable significatif. Les seules précautions sont les contre-indications classiques pour les femmes enceintes et les allergies aux composants, clairement indiquées sur la notice. Plus de 50 000 patients ont utilisé ce produit sans incident.",Excellent,9.3,9.46,0,1,0,1,Expert,Rendez-vous futur,1,Neutre
CONV00217,"Echinacée, Zinc, Vit.C",Effets Secondaires,Standard,J'ai entendu que ce produit peut causer des effets indésirables. Est-ce vrai ?,"Echinacée, Zinc, Vit.C est un complément alimentaire avec un excellent profil de sécurité. Les études cliniques n'ont montré aucun effet indésirable significatif. Les seules précautions sont les contre-indications classiques pour les femmes enceintes et les allergies aux composants, clairement indiquées sur la notice. Plus de 50 000 patients ont utilisé ce produit sans incident.",Excellent,9.5,9.44,0,1,0,1,Expert,Rendez-vous futur,1,Neutre
CONV00248,LV Vitamine A,Effets Secondaires,Standard,J'ai entendu que ce produit peut causer des effets indésirables. Est-ce vrai ?,"LV Vitamine A est un complément alimentaire avec un excellent profil de sécurité. Les études cliniques n'ont montré aucun effet indésirable significatif. Les seules précautions sont les contre-indications classiques pour les femmes enceintes et les allergies aux composants, clairement indiquées sur la notice. Plus de 50 000 patients ont utilisé ce produit sans incident.",Excellent,9.2,9.26,0,1,0,1,Expert,Commande,1,Positif
CONV00039,"Echinacée, Zinc, Vit.C",Effets Secondaires,Standard,J'ai entendu que ce produit peut causer des effets indésirables. Est-ce vrai ?,"Echinacée, Zinc, Vit.C est un complément alimentaire avec un excellent profil de sécurité. Les études cliniques n'ont montré aucun effet indésirable significatif. Les seules précautions sont les contre-indications classiques pour les femmes enceintes et les allergies aux composants, clairement indiquées sur la notice. Plus de 50 000 patients ont utilisé ce produit sans incident.",Excellent,9.2,9.24,0,1,0,1,Expert,Commande,1,Positif
CONV00381,OLIGOVIT Trio,Effets Secondaires,Standard,J'ai entendu que ce produit peut causer des effets indésirables. Est-ce vrai ?,"OLIGOVIT Trio est un complément alimentaire avec un excellent profil de sécurité. Les études cliniques n'ont montré aucun effet indésirable significatif. Les seules précautions sont les contre-indications classiques pour les femmes enceintes et les allergies aux composants, clairement indiquées sur la notice. Plus de 50 000 patients ont utilisé ce produit sans incident.",Excellent,9.2,9.11,0,1,0,1,Expert,Intérêt Fort,1,Positif
CONV00355,LV Fersang junior,Effets Secondaires,Standard,J'ai entendu que ce produit peut causer des effets indésirables. Est-ce vrai ?,"LV Fersang junior est un complément alimentaire avec un excellent profil de sécurité. Les études cliniques n'ont montré aucun effet indésirable significatif. Les seules précautions sont les contre-indications classiques pour les femmes enceintes et les allergies aux composants, clairement indiquées sur la notice. Plus de 50 000 patients ont utilisé ce produit sans incident.",Excellent,9.0,8.86,0,1,0,1,Expert,Rendez-vous futur,1,Neutre
CONV00062,LV CYSPROTECT,Effets Secondaires,Standard,J'ai entendu que ce produit peut causer des effets indésirables. Est-ce vrai ?,"LV CYSPROTECT est un complément alimentaire avec un excellent profil de sécurité. Les études cliniques n'ont montré aucun effet indésirable significatif. Les seules précautions sont les contre-indications classiques pour les femmes enceintes et les allergies aux composants, clairement indiquées sur la notice. Plus de 50 000 patients ont utilisé ce produit sans incident.",Excellent,8.6,8.65,0,1,0,1,Expert,Rendez-vous futur,1,Neutre
CONV00146,Omevie Omega 3 – 1000,Effets Secondaires,Standard,J'ai entendu que ce produit peut causer des effets indésirables. Est-ce vrai ?,"Omevie Omega 3 – 1000 est un complément alimentaire avec un excellent profil de sécurité. Les études cliniques n'ont montré aucun effet indésirable significatif. Les seules précautions sont les contre-indications classiques pour les femmes enceintes et les allergies aux composants, clairement indiquées sur la notice. Plus de 50 000 patients ont utilisé ce produit sans incident.",Excellent,8.7,8.6,0,1,0,1,Expert,Rendez-vous futur,1,Positif
CONV00281,LV CYSPROTECT,Effets Secondaires,Standard,J'ai entendu que ce produit peut causer des effets indésirables. Est-ce vrai ?,"LV CYSPROTECT est un complément alimentaire avec un excellent profil de sécurité. Les études cliniques n'ont montré aucun effet indésirable significatif. Les seules précautions sont les contre-indications classiques pour les femmes enceintes et les allergies aux composants, clairement indiquées sur la notice. Plus de 50 000 patients ont utilisé ce produit sans incident.",Excellent,8.6,8.52,0,1,0,1,Expert,Intérêt Fort,1,Positif
CONV00105,PHYTOFANE Lotion anti chute,Effets Secondaires,Standard,J'ai entendu que ce produit peut causer des effets indésirables. Est-ce vrai ?,"PHYTOFANE Lotion anti chute est un complément alimentaire avec un excellent profil de sécurité. Les études cliniques n'ont montré aucun effet indésirable significatif. Les seules précautions sont les contre-indications classiques pour les femmes enceintes et les allergies aux composants, clairement indiquées sur la notice. Plus de 50 000 patients ont utilisé ce produit sans incident.",Excellent,8.4,8.4,0,1,0,1,Expert,Commande,1,Positif
CONV00282,"Echinacée, Zinc, Vit.C",Effets Secondaires,Standard,J'ai entendu que ce produit peut causer des effets indésirables. Est-ce vrai ?,"Echinacée, Zinc, Vit.C est un complément alimentaire avec un excellent profil de sécurité. Les études cliniques n'ont montré aucun effet indésirable significatif. Les seules précautions sont les contre-indications classiques pour les femmes enceintes et les allergies aux composants, clairement indiquées sur la notice. Plus de 50 000 patients ont utilisé ce produit sans incident.",Excellent,8.4,8.39,0,1,0,1,Expert,Commande,1,Positif
CONV00388,LV Vitamine A,Effets Secondaires,Standard,J'ai entendu que ce produit peut causer des effets indésirables. Est-ce vrai ?,"LV Vitamine A est un complément alimentaire avec un excellent profil de sécurité. Les études cliniques n'ont montré aucun effet indésirable significatif. Les seules précautions sont les contre-indications classiques pour les femmes enceintes et les allergies aux composants, clairement indiquées sur la notice. Plus de 50 000 patients ont utilisé ce produit sans incident.",Excellent,8.4,8.38,0,1,0,1,Expert,Intérêt Fort,1,Positif
CONV00075,Vitonic Tonus,Efficacité douteuse,Standard,J'ai des doutes sur l'efficacité réelle de ce produit. Avez-vous des preuves scientifiques ?,Excellente question ! Vitonic Tonus a fait l'objet de plusieurs études cliniques. Je peux vous montrer les résultats publiés qui démontrent une amélioration de 75% des symptômes après 4 semaines. Nous avons également des témoignages de médecins prescripteurs. Puis-je vous laisser cette documentation scientifique ?,Excellent,9.5,9.45,0,1,0,2,Expert,Intérêt Fort,1,Neutre
CONV00034,"Echinacée, Zinc, Vit.C",Efficacité douteuse,Standard,J'ai des doutes sur l'efficacité réelle de ce produit. Avez-vous des preuves scientifiques ?,"Excellente question ! Echinacée, Zinc, Vit.C a fait l'objet de plusieurs études cliniques. Je peux vous montrer les résultats publiés qui démontrent une amélioration de 75% des symptômes après 4 semaines. Nous avons également des témoignages de médecins prescripteurs. Puis-je vous laisser cette documentation scientifique ?",Excellent,9.4,9.38,0,1,0,2,Expert,Commande,1,Neutre
CONV00161,LV CYSPROTECT,Efficacité douteuse,Standard,J'ai des doutes sur l'efficacité réelle de ce produit. Avez-vous des preuves scientifiques ?,Excellente question ! LV CYSPROTECT a fait l'objet de plusieurs études cliniques. Je peux vous montrer les résultats publiés qui démontrent une amélioration de 75% des symptômes après 4 semaines. Nous avons également des témoignages de médecins prescripteurs. Puis-je vous laisser cette documentation scientifique ?,Excellent,9.3,9.29,0,1,0,2,Expert,Commande,1,Positif
CONV00125,Vitonic Tonus,Efficacité douteuse,Standard,J'ai des doutes sur l'efficacité réelle de ce produit. Avez-vous des preuves scientifiques ?,Excellente question ! Vitonic Tonus a fait l'objet de plusieurs études cliniques. Je peux vous montrer les résultats publiés qui démontrent une amélioration de 75% des symptômes après 4 semaines. Nous avons également des témoignages de médecins prescripteurs. Puis-je vous laisser cette documentation scientifique ?,Excellent,9.2,9.29,0,1,0,2,Expert,Rendez-vous futur,1,Positif
CONV00255,"Echinacée, Zinc, Vit.C",Efficacité douteuse,Standard,J'ai des doutes sur l'efficacité réelle de ce produit. Avez-vous des preuves scientifiques ?,"Excellente question ! Echinacée, Zinc, Vit.C a fait l'objet de plusieurs études cliniques. Je peux vous montrer les résultats publiés qui démontrent une amélioration de 75% des symptômes après 4 semaines. Nous avons également des témoignages de médecins prescripteurs. Puis-je vous laisser cette documentation scientifique ?",Excellent,9.2,9.18,0,1,0,2,Expert,Rendez-vous futur,1,Positif
CONV00374,Vitonic Tonus,Efficacité douteuse,Standard,J'ai des doutes sur l'efficacité réelle de ce produit. Avez-vous des preuves scientifiques ?,Excellente question ! Vitonic Tonus a fait l'objet de plusieurs études cliniques. Je peux vous montrer les résultats publiés qui démontrent une amélioration de 75% des symptômes après 4 semaines. Nous avons également des témoignages de médecins prescripteurs. Puis-je vous laisser cette documentation scientifique ?,Excellent,8.9,9.0,0,1,0,2,Expert,Rendez-vous futur,1,Neutre
CONV00001,LV Vitamine A,Efficacité douteuse,Standard,J'ai des doutes sur l'efficacité réelle de ce produit. Avez-vous des preuves scientifiques ?,Excellente question ! LV Vitamine A a fait l'objet de plusieurs études cliniques. Je peux vous montrer les résultats publiés qui démontrent une amélioration de 75% des symptômes après 4 semaines. Nous avons également des témoignages de médecins prescripteurs. Puis-je vous laisser cette documentation scientifique ?,Excellent,8.9,9.0,0,1,0,2,Expert,Rendez-vous futur,1,Positif
CONV00163,Omevie Omega 3 – 1000,Efficacité douteuse,Standard,J'ai des doutes sur l'efficacité réelle de ce produit. Avez-vous des preuves scientifiques ?,Excellente question ! Omevie Omega 3 – 1000 a fait l'objet de plusieurs études cliniques. Je peux vous montrer les résultats publiés qui démontrent une amélioration de 75% des symptômes après 4 semaines. Nous avons également des témoignages de médecins prescripteurs. Puis-je vous laisser cette documentation scientifique ?,Excellent,8.9,8.93,0,1,0,2,Expert,Commande,1,Négatif
CONV00120,LV Vitamine A,Efficacité douteuse,Standard,J'ai des doutes sur l'efficacité réelle de ce produit. Avez-vous des preuves scientifiques ?,Excellente question ! LV Vitamine A a fait l'objet de plusieurs études cliniques. Je peux vous montrer les résultats publiés qui démontrent une amélioration de 75% des symptômes après 4 semaines. Nous avons également des témoignages de médecins prescripteurs. Puis-je vous laisser cette documentation scientifique ?,Excellent,8.9,8.92,0,1,0,2,Expert,Rendez-vous futur,1,Positif
CONV00168,LV Vitamine A,Efficacité douteuse,Standard,J'ai des doutes sur l'efficacité réelle de ce produit. Avez-vous des preuves scientifiques ?,Excellente question ! LV Vitamine A a fait l'objet de plusieurs études cliniques. Je peux vous montrer les résultats publiés qui démontrent une amélioration de 75% des symptômes après 4 semaines. Nous avons également des témoignages de médecins prescripteurs. Puis-je vous laisser cette documentation scientifique ?,Excellent,8.9,8.83,0,1,0,2,Expert,Rendez-vous futur,1,Négatif
CONV00143,Omevie Omega 3 – 1000,Efficacité douteuse,Standard,J'ai des doutes sur l'efficacité réelle de ce produit. Avez-vous des preuves scientifiques ?,Excellente question ! Omevie Omega 3 – 1000 a fait l'objet de plusieurs études cliniques. Je peux vous montrer les résultats publiés qui démontrent une amélioration de 75% des symptômes après 4 semaines. Nous avons également des témoignages de médecins prescripteurs. Puis-je vous laisser cette documentation scientifique ?,Excellent,8.9,8.73,0,1,0,2,Expert,Intérêt Fort,1,Négatif
CONV00141,OLIGOVIT Trio,Efficacité douteuse,Standard,J'ai des doutes sur l'efficacité réelle de ce produit. Avez-vous des preuves scientifiques ?,Excellente question ! OLIGOVIT Trio a fait l'objet de plusieurs études cliniques. Je peux vous montrer les résultats publiés qui démontrent une amélioration de 75% des symptômes après 4 semaines. Nous avons également des témoignages de médecins prescripteurs. Puis-je vous laisser cette documentation scientifique ?,Excellent,8.8,8.7,0,1,0,2,Expert,Commande,1,Positif
CONV00384,Omevie Omega 3 – 1000,Efficacité douteuse,Standard,J'ai des doutes sur l'efficacité réelle de ce produit. Avez-vous des preuves scientifiques ?,Excellente question ! Omevie Omega 3 – 1000 a fait l'objet de plusieurs études cliniques. Je peux vous montrer les résultats publiés qui démontrent une amélioration de 75% des symptômes après 4 semaines. Nous avons également des témoignages de médecins prescripteurs. Puis-je vous laisser cette documentation scientifique ?,Excellent,8.7,8.6,0,1,0,2,Expert,Commande,1,Négatif
CONV00127,LV CYSPROTECT,Efficacité douteuse,Standard,J'ai des doutes sur l'efficacité réelle de ce produit. Avez-vous des preuves scientifiques ?,Excellente question ! LV CYSPROTECT a fait l'objet de plusieurs études cliniques. Je peux vous montrer les résultats publiés qui démontrent une amélioration de 75% des symptômes après 4 semaines. Nous avons également des témoignages de médecins prescripteurs. Puis-je vous laisser cette documentation scientifique ?,Excellent,8.6,8.59,0,1,0,2,Expert,Intérêt Fort,1,Neutre
CONV00218,"Echinacée, Zinc, Vit.C",Efficacité douteuse,Standard,J'ai des doutes sur l'efficacité réelle de ce produit. Avez-vous des preuves scientifiques ?,"Excellente question ! Echinacée, Zinc, Vit.C a fait l'objet de plusieurs études cliniques. Je peux vous montrer les résultats publiés qui démontrent une amélioration de 75% des symptômes après 4 semaines. Nous avons également des témoignages de médecins prescripteurs. Puis-je vous laisser cette documentation scientifique ?",Excellent,8.4,8.54,0,1,0,2,Expert,Intérêt Fort,1,Négatif
CONV00151,"Echinacée, Zinc, Vit.C",Efficacité douteuse,Standard,J'ai des doutes sur l'efficacité réelle de ce produit. Avez-vous des preuves scientifiques ?,"Excellente question ! Echinacée, Zinc, Vit.C a fait l'objet de plusieurs études cliniques. Je peux vous montrer les résultats publiés qui démontrent une amélioration de 75% des symptômes après 4 semaines. Nous avons également des témoignages de médecins prescripteurs. Puis-je vous laisser cette documentation scientifique ?",Excellent,8.5,8.52,0,1,0,2,Expert,Intérêt Fort,1,Positif
CONV00296,OLIGOVIT Trio,Efficacité douteuse,Standard,J'ai des doutes sur l'efficacité réelle de ce produit. Avez-vous des preuves scientifiques ?,Excellente question ! OLIGOVIT Trio a fait l'objet de plusieurs études cliniques. Je peux vous montrer les résultats publiés qui démontrent une amélioration de 75% des symptômes après 4 semaines. Nous avons également des témoignages de médecins prescripteurs. Puis-je vous laisser cette documentation scientifique ?,Excellent,8.4,8.38,0,1,0,2,Expert,Intérêt Fort,1,Négatif
CONV00300,OLIGOVIT Trio,Efficacité douteuse,Standard,J'ai des doutes sur l'efficacité réelle de ce produit. Avez-vous des preuves scientifiques ?,Excellente question ! OLIGOVIT Trio a fait l'objet de plusieurs études cliniques. Je peux vous montrer les résultats publiés qui démontrent une amélioration de 75% des symptômes après 4 semaines. Nous avons également des témoignages de médecins prescripteurs. Puis-je vous laisser cette documentation scientifique ?,Excellent,8.3,8.26,0,1,0,2,Expert,Commande,1,Neutre
CONV00213,Vitonic Tonus,Marque inconnue,Difficile,Je ne connais pas bien votre laboratoire. Mes clients préfèrent les marques établies.,Je comprends cette réticence. Vital Laboratories existe depuis 15 ans et est leader sur plusieurs segments en Tunisie avec plus de 200 références. Nous sommes certifiés ISO 9001 et nos produits sont fabriqués selon les normes européennes. Nous avons une excellente réputation auprès des médecins. Puis-je vous montrer nos certifications et nos autres produits que vous connaissez peut-être ?,Excellent,9.6,9.58,1,0,0,2,Expert,Commande,1,Négatif
CONV00215,LV Vitamine A,Marque inconnue,Difficile,Je ne connais pas bien votre laboratoire. Mes clients préfèrent les marques établies.,Je comprends cette réticence. Vital Laboratories existe depuis 15 ans et est leader sur plusieurs segments en Tunisie avec plus de 200 références. Nous sommes certifiés ISO 9001 et nos produits sont fabriqués selon les normes européennes. Nous avons une excellente réputation auprès des médecins. Puis-je vous montrer nos certifications et nos autres produits que vous connaissez peut-être ?,Excellent,9.2,9.32,1,0,0,2,Expert,Commande,1,Négatif
CONV00389,LV CYSPROTECT,Marque inconnue,Difficile,Je ne connais pas bien votre laboratoire. Mes clients préfèrent les marques établies.,Je comprends cette réticence. Vital Laboratories existe depuis 15 ans et est leader sur plusieurs segments en Tunisie avec plus de 200 références. Nous sommes certifiés ISO 9001 et nos produits sont fabriqués selon les normes européennes. Nous avons une excellente réputation auprès des médecins. Puis-je vous montrer nos certifications et nos autres produits que vous connaissez peut-être ?,Excellent,9.2,9.09,1,0,0,2,Expert,Rendez-vous futur,1,Négatif
CONV00370,LV Vitamine A,Marque inconnue,Difficile,Je ne connais pas bien votre laboratoire. Mes clients préfèrent les marques établies.,Je comprends cette réticence. Vital Laboratories existe depuis 15 ans et est leader sur plusieurs segments en Tunisie avec plus de 200 références. Nous sommes certifiés ISO 9001 et nos produits sont fabriqués selon les normes européennes. Nous avons une excellente réputation auprès des médecins. Puis-je vous montrer nos certifications et nos autres produits que vous connaissez peut-être ?,Excellent,9.2,9.09,1,0,0,2,Expert,Commande,1,Négatif
CONV00307,Omevie Omega 3 – 1000,Marque inconnue,Difficile,Je ne connais pas bien votre laboratoire. Mes clients préfèrent les marques établies.,Je comprends cette réticence. Vital Laboratories existe depuis 15 ans et est leader sur plusieurs segments en Tunisie avec plus de 200 références. Nous sommes certifiés ISO 9001 et nos produits sont fabriqués selon les normes européennes. Nous avons une excellente réputation auprès des médecins. Puis-je vous montrer nos certifications et nos autres produits que vous connaissez peut-être ?,Excellent,9.1,9.07,1,0,0,2,Expert,Intérêt Fort,1,Négatif
CONV00149,Omevie Omega 3 – 1000,Marque inconnue,Difficile,Je ne connais pas bien votre laboratoire. Mes clients préfèrent les marques établies.,Je comprends cette réticence. Vital Laboratories existe depuis 15 ans et est leader sur plusieurs segments en Tunisie avec plus de 200 références. Nous sommes certifiés ISO 9001 et nos produits sont fabriqués selon les normes européennes. Nous avons une excellente réputation auprès des médecins. Puis-je vous montrer nos certifications et nos autres produits que vous connaissez peut-être ?,Excellent,9.0,9.04,1,0,0,2,Expert,Intérêt Fort,1,Neutre
CONV00195,LV Fersang junior,Marque inconnue,Difficile,Je ne connais pas bien votre laboratoire. Mes clients préfèrent les marques établies.,Je comprends cette réticence. Vital Laboratories existe depuis 15 ans et est leader sur plusieurs segments en Tunisie avec plus de 200 références. Nous sommes certifiés ISO 9001 et nos produits sont fabriqués selon les normes européennes. Nous avons une excellente réputation auprès des médecins. Puis-je vous montrer nos certifications et nos autres produits que vous connaissez peut-être ?,Excellent,9.0,9.02,1,0,0,2,Expert,Rendez-vous futur,1,Négatif
CONV00210,LV Fersang junior,Marque inconnue,Difficile,Je ne connais pas bien votre laboratoire. Mes clients préfèrent les marques établies.,Je comprends cette réticence. Vital Laboratories existe depuis 15 ans et est leader sur plusieurs segments en Tunisie avec plus de 200 références. Nous sommes certifiés ISO 9001 et nos produits sont fabriqués selon les normes européennes. Nous avons une excellente réputation auprès des médecins. Puis-je vous montrer nos certifications et nos autres produits que vous connaissez peut-être ?,Excellent,8.8,8.94,1,0,0,2,Expert,Rendez-vous futur,1,Neutre
CONV00078,LV Fersang junior,Marque inconnue,Difficile,Je ne connais pas bien votre laboratoire. Mes clients préfèrent les marques établies.,Je comprends cette réticence. Vital Laboratories existe depuis 15 ans et est leader sur plusieurs segments en Tunisie avec plus de 200 références. Nous sommes certifiés ISO 9001 et nos produits sont fabriqués selon les normes européennes. Nous avons une excellente réputation auprès des médecins. Puis-je vous montrer nos certifications et nos autres produits que vous connaissez peut-être ?,Excellent,8.8,8.9,1,0,0,2,Expert,Commande,1,Neutre
CONV00129,PHYTOFANE Lotion anti chute,Marque inconnue,Difficile,Je ne connais pas bien votre laboratoire. Mes clients préfèrent les marques établies.,Je comprends cette réticence. Vital Laboratories existe depuis 15 ans et est leader sur plusieurs segments en Tunisie avec plus de 200 références. Nous sommes certifiés ISO 9001 et nos produits sont fabriqués selon les normes européennes. Nous avons une excellente réputation auprès des médecins. Puis-je vous montrer nos certifications et nos autres produits que vous connaissez peut-être ?,Excellent,8.7,8.9,1,0,0,2,Expert,Intérêt Fort,1,Neutre
CONV00343,LV Vitamine A,Marque inconnue,Difficile,Je ne connais pas bien votre laboratoire. Mes clients préfèrent les marques établies.,Je comprends cette réticence. Vital Laboratories existe depuis 15 ans et est leader sur plusieurs segments en Tunisie avec plus de 200 références. Nous sommes certifiés ISO 9001 et nos produits sont fabriqués selon les normes européennes. Nous avons une excellente réputation auprès des médecins. Puis-je vous montrer nos certifications et nos autres produits que vous connaissez peut-être ?,Excellent,8.9,8.9,1,0,0,2,Expert,Rendez-vous futur,1,Neutre
CONV00288,Vitonic Tonus,Marque inconnue,Difficile,Je ne connais pas bien votre laboratoire. Mes clients préfèrent les marques établies.,Je comprends cette réticence. Vital Laboratories existe depuis 15 ans et est leader sur plusieurs segments en Tunisie avec plus de 200 références. Nous sommes certifiés ISO 9001 et nos produits sont fabriqués selon les normes européennes. Nous avons une excellente réputation auprès des médecins. Puis-je vous montrer nos certifications et nos autres produits que vous connaissez peut-être ?,Excellent,8.8,8.88,1,0,0,2,Expert,Commande,1,Neutre
CONV00308,Omevie Omega 3 – 1000,Marque inconnue,Difficile,Je ne connais pas bien votre laboratoire. Mes clients préfèrent les marques établies.,Je comprends cette réticence. Vital Laboratories existe depuis 15 ans et est leader sur plusieurs segments en Tunisie avec plus de 200 références. Nous sommes certifiés ISO 9001 et nos produits sont fabriqués selon les normes européennes. Nous avons une excellente réputation auprès des médecins. Puis-je vous montrer nos certifications et nos autres produits que vous connaissez peut-être ?,Excellent,9.0,8.86,1,0,0,2,Expert,Intérêt Fort,1,Négatif
CONV00266,LV Fersang junior,Marque inconnue,Difficile,Je ne connais pas bien votre laboratoire. Mes clients préfèrent les marques établies.,Je comprends cette réticence. Vital Laboratories existe depuis 15 ans et est leader sur plusieurs segments en Tunisie avec plus de 200 références. Nous sommes certifiés ISO 9001 et nos produits sont fabriqués selon les normes européennes. Nous avons une excellente réputation auprès des médecins. Puis-je vous montrer nos certifications et nos autres produits que vous connaissez peut-être ?,Excellent,8.6,8.78,1,0,0,2,Expert,Rendez-vous futur,1,Négatif
CONV00294,Omevie Omega 3 – 1000,Marque inconnue,Difficile,Je ne connais pas bien votre laboratoire. Mes clients préfèrent les marques établies.,Je comprends cette réticence. Vital Laboratories existe depuis 15 ans et est leader sur plusieurs segments en Tunisie avec plus de 200 références. Nous sommes certifiés ISO 9001 et nos produits sont fabriqués selon les normes européennes. Nous avons une excellente réputation auprès des médecins. Puis-je vous montrer nos certifications et nos autres produits que vous connaissez peut-être ?,Excellent,8.7,8.75,1,0,0,2,Expert,Intérêt Fort,1,Neutre
CONV00311,Vitonic Tonus,Marque inconnue,Difficile,Je ne connais pas bien votre laboratoire. Mes clients préfèrent les marques établies.,Je comprends cette réticence. Vital Laboratories existe depuis 15 ans et est leader sur plusieurs segments en Tunisie avec plus de 200 références. Nous sommes certifiés ISO 9001 et nos produits sont fabriqués selon les normes européennes. Nous avons une excellente réputation auprès des médecins. Puis-je vous montrer nos certifications et nos autres produits que vous connaissez peut-être ?,Excellent,8.7,8.65,1,0,0,2,Expert,Rendez-vous futur,1,Neutre
CONV00242,LV Fersang junior,Posologie complexe,Difficile,La posologie semble compliquée. Mes clients vont avoir du mal à comprendre.,"Au contraire, nous avons simplifié au maximum : 1 gélule matin et soir pendant les repas. C'est tout ! Nous fournissons un petit dépliant illustré très clair. De plus, chaque boîte contient un pilulier hebdomadaire gratuit pour faciliter l'observance. Voulez-vous que je vous montre ?",Excellent,9.6,9.62,0,0,0,1,Expert,Rendez-vous futur,1,Neutre
CONV00333,"Echinacée, Zinc, Vit.C",Posologie complexe,Difficile,La posologie semble compliquée. Mes clients vont avoir du mal à comprendre.,"Au contraire, nous avons simplifié au maximum : 1 gélule matin et soir pendant les repas. C'est tout ! Nous fournissons un petit dépliant illustré très clair. De plus, chaque boîte contient un pilulier hebdomadaire gratuit pour faciliter l'observance. Voulez-vous que je vous montre ?",Excellent,9.5,9.58,0,0,0,1,Expert,Intérêt Fort,1,Neutre
CONV00122,Omevie Omega 3 – 1000,Posologie complexe,Difficile,La posologie semble compliquée. Mes clients vont avoir du mal à comprendre.,"Au contraire, nous avons simplifié au maximum : 1 gélule matin et soir pendant les repas. C'est tout ! Nous fournissons un petit dépliant illustré très clair. De plus, chaque boîte contient un pilulier hebdomadaire gratuit pour faciliter l'observance. Voulez-vous que je vous montre ?",Excellent,9.4,9.38,0,0,0,1,Expert,Intérêt Fort,1,Neutre
CONV00182,OLIGOVIT Trio,Posologie complexe,Difficile,La posologie semble compliquée. Mes clients vont avoir du mal à comprendre.,"Au contraire, nous avons simplifié au maximum : 1 gélule matin et soir pendant les repas. C'est tout ! Nous fournissons un petit dépliant illustré très clair. De plus, chaque boîte contient un pilulier hebdomadaire gratuit pour faciliter l'observance. Voulez-vous que je vous montre ?",Excellent,9.3,9.34,0,0,0,1,Expert,Rendez-vous futur,1,Positif
CONV00371,LV Fersang junior,Posologie complexe,Difficile,La posologie semble compliquée. Mes clients vont avoir du mal à comprendre.,"Au contraire, nous avons simplifié au maximum : 1 gélule matin et soir pendant les repas. C'est tout ! Nous fournissons un petit dépliant illustré très clair. De plus, chaque boîte contient un pilulier hebdomadaire gratuit pour faciliter l'observance. Voulez-vous que je vous montre ?",Excellent,9.4,9.24,0,0,0,1,Expert,Rendez-vous futur,1,Positif
CONV00257,PHYTOFANE Lotion anti chute,Posologie complexe,Difficile,La posologie semble compliquée. Mes clients vont avoir du mal à comprendre.,"Au contraire, nous avons simplifié au maximum : 1 gélule matin et soir pendant les repas. C'est tout ! Nous fournissons un petit dépliant illustré très clair. De plus, chaque boîte contient un pilulier hebdomadaire gratuit pour faciliter l'observance. Voulez-vous que je vous montre ?",Excellent,9.2,9.21,0,0,0,1,Expert,Intérêt Fort,1,Neutre
CONV00377,LV Vitamine A,Posologie complexe,Difficile,La posologie semble compliquée. Mes clients vont avoir du mal à comprendre.,"Au contraire, nous avons simplifié au maximum : 1 gélule matin et soir pendant les repas. C'est tout ! Nous fournissons un petit dépliant illustré très clair. De plus, chaque boîte contient un pilulier hebdomadaire gratuit pour faciliter l'observance. Voulez-vous que je vous montre ?",Excellent,9.2,9.18,0,0,0,1,Expert,Rendez-vous futur,1,Neutre
CONV00362,LV Vitamine A,Posologie complexe,Difficile,La posologie semble compliquée. Mes clients vont avoir du mal à comprendre.,"Au contraire, nous avons simplifié au maximum : 1 gélule matin et soir pendant les repas. C'est tout ! Nous fournissons un petit dépliant illustré très clair. De plus, chaque boîte contient un pilulier hebdomadaire gratuit pour faciliter l'observance. Voulez-vous que je vous montre ?",Excellent,9.1,9.12,0,0,0,1,Expert,Commande,1,Positif
CONV00199,Vitonic Tonus,Posologie complexe,Difficile,La posologie semble compliquée. Mes clients vont avoir du mal à comprendre.,"Au contraire, nous avons simplifié au maximum : 1 gélule matin et soir pendant les repas. C'est tout ! Nous fournissons un petit dépliant illustré très clair. De plus, chaque boîte contient un pilulier hebdomadaire gratuit pour faciliter l'observance. Voulez-vous que je vous montre ?",Excellent,9.0,9.04,0,0,0,1,Expert,Rendez-vous futur,1,Positif
CONV00246,LV CYSPROTECT,Posologie complexe,Difficile,La posologie semble compliquée. Mes clients vont avoir du mal à comprendre.,"Au contraire, nous avons simplifié au maximum : 1 gélule matin et soir pendant les repas. C'est tout ! Nous fournissons un petit dépliant illustré très clair. De plus, chaque boîte contient un pilulier hebdomadaire gratuit pour faciliter l'observance. Voulez-vous que je vous montre ?",Excellent,9.0,8.93,0,0,0,1,Expert,Commande,1,Positif
CONV00056,OLIGOVIT Trio,Posologie complexe,Difficile,La posologie semble compliquée. Mes clients vont avoir du mal à comprendre.,"Au contraire, nous avons simplifié au maximum : 1 gélule matin et soir pendant les repas. C'est tout ! Nous fournissons un petit dépliant illustré très clair. De plus, chaque boîte contient un pilulier hebdomadaire gratuit pour faciliter l'observance. Voulez-vous que je vous montre ?",Excellent,8.9,8.91,0,0,0,1,Expert,Intérêt Fort,1,Positif
CONV00072,Omevie Omega 3 – 1000,Posologie complexe,Difficile,La posologie semble compliquée. Mes clients vont avoir du mal à comprendre.,"Au contraire, nous avons simplifié au maximum : 1 gélule matin et soir pendant les repas. C'est tout ! Nous fournissons un petit dépliant illustré très clair. De plus, chaque boîte contient un pilulier hebdomadaire gratuit pour faciliter l'observance. Voulez-vous que je vous montre ?",Excellent,8.5,8.57,0,0,0,1,Expert,Intérêt Fort,1,Neutre
CONV00250,Vitonic Tonus,Posologie complexe,Difficile,La posologie semble compliquée. Mes clients vont avoir du mal à comprendre.,"Au contraire, nous avons simplifié au maximum : 1 gélule matin et soir pendant les repas. C'est tout ! Nous fournissons un petit dépliant illustré très clair. De plus, chaque boîte contient un pilulier hebdomadaire gratuit pour faciliter l'observance. Voulez-vous que je vous montre ?",Excellent,8.5,8.5,0,0,0,1,Expert,Rendez-vous futur,1,Neutre
CONV00004,LV Fersang junior,Posologie complexe,Difficile,La posologie semble compliquée. Mes clients vont avoir du mal à comprendre.,"Au contraire, nous avons simplifié au maximum : 1 gélule matin et soir pendant les repas. C'est tout ! Nous fournissons un petit dépliant illustré très clair. De plus, chaque boîte contient un pilulier hebdomadaire gratuit pour faciliter l'observance. Voulez-vous que je vous montre ?",Excellent,8.4,8.38,0,0,0,1,Expert,Intérêt Fort,1,Neutre
CONV00220,Vitonic Tonus,Prix élevé,Standard,Le prix est vraiment élevé par rapport aux autres marques. Mes clients vont hésiter.,"Je comprends votre préoccupation. Cependant, Vitonic Tonus contient des ingrédients de qualité pharmaceutique avec une concentration optimale. Le rapport qualité-prix est excellent car une boîte dure plus longtemps. De plus, nous proposons une marge attractive de 30% qui compense l'investissement.",Excellent,9.7,9.74,1,1,0,2,Expert,Intérêt Fort,1,Neutre
CONV00119,PHYTOFANE Lotion anti chute,Prix élevé,Standard,Le prix est vraiment élevé par rapport aux autres marques. Mes clients vont hésiter.,"Je comprends votre préoccupation. Cependant, PHYTOFANE Lotion anti chute contient des ingrédients de qualité pharmaceutique avec une concentration optimale. Le rapport qualité-prix est excellent car une boîte dure plus longtemps. De plus, nous proposons une marge attractive de 30% qui compense l'investissement.",Excellent,9.6,9.6,1,1,0,2,Expert,Intérêt Fort,1,Positif
CONV00162,LV Fersang junior,Prix élevé,Standard,Le prix est vraiment élevé par rapport aux autres marques. Mes clients vont hésiter.,"Je comprends votre préoccupation. Cependant, LV Fersang junior contient des ingrédients de qualité pharmaceutique avec une concentration optimale. Le rapport qualité-prix est excellent car une boîte dure plus longtemps. De plus, nous proposons une marge attractive de 30% qui compense l'investissement.",Excellent,9.4,9.48,1,1,0,2,Expert,Rendez-vous futur,1,Positif
CONV00031,OLIGOVIT Trio,Prix élevé,Standard,Le prix est vraiment élevé par rapport aux autres marques. Mes clients vont hésiter.,"Je comprends votre préoccupation. Cependant, OLIGOVIT Trio contient des ingrédients de qualité pharmaceutique avec une concentration optimale. Le rapport qualité-prix est excellent car une boîte dure plus longtemps. De plus, nous proposons une marge attractive de 30% qui compense l'investissement.",Excellent,9.3,9.41,1,1,0,2,Expert,Commande,1,Positif
CONV00280,"Echinacée, Zinc, Vit.C",Prix élevé,Standard,Le prix est vraiment élevé par rapport aux autres marques. Mes clients vont hésiter.,"Je comprends votre préoccupation. Cependant, Echinacée, Zinc, Vit.C contient des ingrédients de qualité pharmaceutique avec une concentration optimale. Le rapport qualité-prix est excellent car une boîte dure plus longtemps. De plus, nous proposons une marge attractive de 30% qui compense l'investissement.",Excellent,9.2,9.26,1,1,0,2,Expert,Rendez-vous futur,1,Positif
CONV00036,LV Fersang junior,Prix élevé,Standard,Le prix est vraiment élevé par rapport aux autres marques. Mes clients vont hésiter.,"Je comprends votre préoccupation. Cependant, LV Fersang junior contient des ingrédients de qualité pharmaceutique avec une concentration optimale. Le rapport qualité-prix est excellent car une boîte dure plus longtemps. De plus, nous proposons une marge attractive de 30% qui compense l'investissement.",Excellent,9.2,9.23,1,1,0,2,Expert,Intérêt Fort,1,Neutre
CONV00385,"Echinacée, Zinc, Vit.C",Prix élevé,Standard,Le prix est vraiment élevé par rapport aux autres marques. Mes clients vont hésiter.,"Je comprends votre préoccupation. Cependant, Echinacée, Zinc, Vit.C contient des ingrédients de qualité pharmaceutique avec une concentration optimale. Le rapport qualité-prix est excellent car une boîte dure plus longtemps. De plus, nous proposons une marge attractive de 30% qui compense l'investissement.",Excellent,9.1,9.16,1,1,0,2,Expert,Rendez-vous futur,1,Neutre
CONV00283,PHYTOFANE Lotion anti chute,Prix élevé,Standard,Le prix est vraiment élevé par rapport aux autres marques. Mes clients vont hésiter.,"Je comprends votre préoccupation. Cependant, PHYTOFANE Lotion anti chute contient des ingrédients de qualité pharmaceutique avec une concentration optimale. Le rapport qualité-prix est excellent car une boîte dure plus longtemps. De plus, nous proposons une marge attractive de 30% qui compense l'investissement.",Excellent,9.0,9.1,1,1,0,2,Expert,Intérêt Fort,1,Neutre
CONV00337,Vitonic Tonus,Prix élevé,Standard,Le prix est vraiment élevé par rapport aux autres marques. Mes clients vont hésiter.,"Je comprends votre préoccupation. Cependant, Vitonic Tonus contient des ingrédients de qualité pharmaceutique avec une concentration optimale. Le rapport qualité-prix est excellent car une boîte dure plus longtemps. De plus, nous proposons une marge attractive de 30% qui compense l'investissement.",Excellent,9.1,9.09,1,1,0,2,Expert,Commande,1,Neutre
CONV00207,Omevie Omega 3 – 1000,Prix élevé,Standard,Le prix est vraiment élevé par rapport aux autres marques. Mes clients vont hésiter.,"Je comprends votre préoccupation. Cependant, Omevie Omega 3 – 1000 contient des ingrédients de qualité pharmaceutique avec une concentration optimale. Le rapport qualité-prix est excellent car une boîte dure plus longtemps. De plus, nous proposons une marge attractive de 30% qui compense l'investissement.",Excellent,9.0,9.04,1,1,0,2,Expert,Rendez-vous futur,1,Neutre
CONV00035,PHYTOFANE Lotion anti chute,Prix élevé,Standard,Le prix est vraiment élevé par rapport aux autres marques. Mes clients vont hésiter.,"Je comprends votre préoccupation. Cependant, PHYTOFANE Lotion anti chute contient des ingrédients de qualité pharmaceutique avec une concentration optimale. Le rapport qualité-prix est excellent car une boîte dure plus longtemps. De plus, nous proposons une marge attractive de 30% qui compense l'investissement.",Excellent,9.1,9.04,1,1,0,2,Expert,Rendez-vous futur,1,Positif
CONV00330,LV Fersang junior,Prix élevé,Standard,Le prix est vraiment élevé par rapport aux autres marques. Mes clients vont hésiter.,"Je comprends votre préoccupation. Cependant, LV Fersang junior contient des ingrédients de qualité pharmaceutique avec une concentration optimale. Le rapport qualité-prix est excellent car une boîte dure plus longtemps. De plus, nous proposons une marge attractive de 30% qui compense l'investissement.",Excellent,9.1,9.04,1,1,0,2,Expert,Commande,1,Neutre
CONV00050,"Echinacée, Zinc, Vit.C",Prix élevé,Standard,Le prix est vraiment élevé par rapport aux autres marques. Mes clients vont hésiter.,"Je comprends votre préoccupation. Cependant, Echinacée, Zinc, Vit.C contient des ingrédients de qualité pharmaceutique avec une concentration optimale. Le rapport qualité-prix est excellent car une boîte dure plus longtemps. De plus, nous proposons une marge attractive de 30% qui compense l'investissement.",Excellent,9.0,8.91,1,1,0,2,Expert,Intérêt Fort,1,Positif
CONV00240,PHYTOFANE Lotion anti chute,Prix élevé,Standard,Le prix est vraiment élevé par rapport aux autres marques. Mes clients vont hésiter.,"Je comprends votre préoccupation. Cependant, PHYTOFANE Lotion anti chute contient des ingrédients de qualité pharmaceutique avec une concentration optimale. Le rapport qualité-prix est excellent car une boîte dure plus longtemps. De plus, nous proposons une marge attractive de 30% qui compense l'investissement.",Excellent,8.8,8.91,1,1,0,2,Expert,Commande,1,Neutre
CONV00196,"Echinacée, Zinc, Vit.C",Prix élevé,Standard,Le prix est vraiment élevé par rapport aux autres marques. Mes clients vont hésiter.,"Je comprends votre préoccupation. Cependant, Echinacée, Zinc, Vit.C contient des ingrédients de qualité pharmaceutique avec une concentration optimale. Le rapport qualité-prix est excellent car une boîte dure plus longtemps. De plus, nous proposons une marge attractive de 30% qui compense l'investissement.",Excellent,8.8,8.9,1,1,0,2,Expert,Rendez-vous futur,1,Neutre
CONV00235,"Echinacée, Zinc, Vit.C",Prix élevé,Standard,Le prix est vraiment élevé par rapport aux autres marques. Mes clients vont hésiter.,"Je comprends votre préoccupation. Cependant, Echinacée, Zinc, Vit.C contient des ingrédients de qualité pharmaceutique avec une concentration optimale. Le rapport qualité-prix est excellent car une boîte dure plus longtemps. De plus, nous proposons une marge attractive de 30% qui compense l'investissement.",Excellent,8.8,8.88,1,1,0,2,Expert,Rendez-vous futur,1,Neutre
CONV00225,Omevie Omega 3 – 1000,Prix élevé,Standard,Le prix est vraiment élevé par rapport aux autres marques. Mes clients vont hésiter.,"Je comprends votre préoccupation. Cependant, Omevie Omega 3 – 1000 contient des ingrédients de qualité pharmaceutique avec une concentration optimale. Le rapport qualité-prix est excellent car une boîte dure plus longtemps. De plus, nous proposons une marge attractive de 30% qui compense l'investissement.",Excellent,8.8,8.86,1,1,0,2,Expert,Intérêt Fort,1,Neutre
CONV00088,Omevie Omega 3 – 1000,Prix élevé,Standard,Le prix est vraiment élevé par rapport aux autres marques. Mes clients vont hésiter.,"Je comprends votre préoccupation. Cependant, Omevie Omega 3 – 1000 contient des ingrédients de qualité pharmaceutique avec une concentration optimale. Le rapport qualité-prix est excellent car une boîte dure plus longtemps. De plus, nous proposons une marge attractive de 30% qui compense l'investissement.",Excellent,8.9,8.8,1,1,0,2,Expert,Commande,1,Neutre
CONV00201,PHYTOFANE Lotion anti chute,Prix élevé,Standard,Le prix est vraiment élevé par rapport aux autres marques. Mes clients vont hésiter.,"Je comprends votre préoccupation. Cependant, PHYTOFANE Lotion anti chute contient des ingrédients de qualité pharmaceutique avec une concentration optimale. Le rapport qualité-prix est excellent car une boîte dure plus longtemps. De plus, nous proposons une marge attractive de 30% qui compense l'investissement.",Excellent,8.9,8.76,1,1,0,2,Expert,Rendez-vous futur,1,Neutre
CONV00103,OLIGOVIT Trio,Prix élevé,Standard,Le prix est vraiment élevé par rapport aux autres marques. Mes clients vont hésiter.,"Je comprends votre préoccupation. Cependant, OLIGOVIT Trio contient des ingrédients de qualité pharmaceutique avec une concentration optimale. Le rapport qualité-prix est excellent car une boîte dure plus longtemps. De plus, nous proposons une marge attractive de 30% qui compense l'investissement.",Excellent,8.8,8.68,1,1,0,2,Expert,Commande,1,Positif
CONV00144,PHYTOFANE Lotion anti chute,Prix élevé,Standard,Le prix est vraiment élevé par rapport aux autres marques. Mes clients vont hésiter.,"Je comprends votre préoccupation. Cependant, PHYTOFANE Lotion anti chute contient des ingrédients de qualité pharmaceutique avec une concentration optimale. Le rapport qualité-prix est excellent car une boîte dure plus longtemps. De plus, nous proposons une marge attractive de 30% qui compense l'investissement.",Excellent,8.7,8.68,1,1,0,2,Expert,Rendez-vous futur,1,Neutre
CONV00284,"Echinacée, Zinc, Vit.C",Prix élevé,Standard,Le prix est vraiment élevé par rapport aux autres marques. Mes clients vont hésiter.,"Je comprends votre préoccupation. Cependant, Echinacée, Zinc, Vit.C contient des ingrédients de qualité pharmaceutique avec une concentration optimale. Le rapport qualité-prix est excellent car une boîte dure plus longtemps. De plus, nous proposons une marge attractive de 30% qui compense l'investissement.",Excellent,8.7,8.62,1,1,0,2,Expert,Commande,1,Neutre
CONV00157,LV Fersang junior,Stock suffisant,Difficile,J'ai encore du stock du mois dernier. Je ne peux pas commander maintenant.,"Parfait, ça montre que vous avez bien géré votre stock. Puis-je noter votre intérêt pour une livraison dans 2-3 semaines ? En attendant, je peux vous laisser notre nouveau catalogue et des brochures pour vos clients. Avez-vous remarqué une augmentation de la demande récemment ?",Excellent,9.7,9.67,0,0,0,1,Expert,Intérêt Fort,1,Positif
CONV00264,PHYTOFANE Lotion anti chute,Stock suffisant,Difficile,J'ai encore du stock du mois dernier. Je ne peux pas commander maintenant.,"Parfait, ça montre que vous avez bien géré votre stock. Puis-je noter votre intérêt pour une livraison dans 2-3 semaines ? En attendant, je peux vous laisser notre nouveau catalogue et des brochures pour vos clients. Avez-vous remarqué une augmentation de la demande récemment ?",Excellent,9.6,9.47,0,0,0,1,Expert,Commande,1,Neutre
CONV00170,PHYTOFANE Lotion anti chute,Stock suffisant,Difficile,J'ai encore du stock du mois dernier. Je ne peux pas commander maintenant.,"Parfait, ça montre que vous avez bien géré votre stock. Puis-je noter votre intérêt pour une livraison dans 2-3 semaines ? En attendant, je peux vous laisser notre nouveau catalogue et des brochures pour vos clients. Avez-vous remarqué une augmentation de la demande récemment ?",Excellent,9.4,9.4,0,0,0,1,Expert,Intérêt Fort,1,Neutre
CONV00387,Vitonic Tonus,Stock suffisant,Difficile,J'ai encore du stock du mois dernier. Je ne peux pas commander maintenant.,"Parfait, ça montre que vous avez bien géré votre stock. Puis-je noter votre intérêt pour une livraison dans 2-3 semaines ? En attendant, je peux vous laisser notre nouveau catalogue et des brochures pour vos clients. Avez-vous remarqué une augmentation de la demande récemment ?",Excellent,9.3,9.37,0,0,0,1,Expert,Commande,1,Positif
CONV00010,Vitonic Tonus,Stock suffisant,Difficile,J'ai encore du stock du mois dernier. Je ne peux pas commander maintenant.,"Parfait, ça montre que vous avez bien géré votre stock. Puis-je noter votre intérêt pour une livraison dans 2-3 semaines ? En attendant, je peux vous laisser notre nouveau catalogue et des brochures pour vos clients. Avez-vous remarqué une augmentation de la demande récemment ?",Excellent,9.0,9.16,0,0,0,1,Expert,Intérêt Fort,1,Neutre
CONV00275,LV Vitamine A,Stock suffisant,Difficile,J'ai encore du stock du mois dernier. Je ne peux pas commander maintenant.,"Parfait, ça montre que vous avez bien géré votre stock. Puis-je noter votre intérêt pour une livraison dans 2-3 semaines ? En attendant, je peux vous laisser notre nouveau catalogue et des brochures pour vos clients. Avez-vous remarqué une augmentation de la demande récemment ?",Excellent,9.2,9.13,0,0,0,1,Expert,Commande,1,Positif
CONV00231,OLIGOVIT Trio,Stock suffisant,Difficile,J'ai encore du stock du mois dernier. Je ne peux pas commander maintenant.,"Parfait, ça montre que vous avez bien géré votre stock. Puis-je noter votre intérêt pour une livraison dans 2-3 semaines ? En attendant, je peux vous laisser notre nouveau catalogue et des brochures pour vos clients. Avez-vous remarqué une augmentation de la demande récemment ?",Excellent,9.1,9.13,0,0,0,1,Expert,Rendez-vous futur,1,Neutre
CONV00366,PHYTOFANE Lotion anti chute,Stock suffisant,Difficile,J'ai encore du stock du mois dernier. Je ne peux pas commander maintenant.,"Parfait, ça montre que vous avez bien géré votre stock. Puis-je noter votre intérêt pour une livraison dans 2-3 semaines ? En attendant, je peux vous laisser notre nouveau catalogue et des brochures pour vos clients. Avez-vous remarqué une augmentation de la demande récemment ?",Excellent,9.2,9.02,0,0,0,1,Expert,Commande,1,Positif
CONV00017,LV Vitamine A,Stock suffisant,Difficile,J'ai encore du stock du mois dernier. Je ne peux pas commander maintenant.,"Parfait, ça montre que vous avez bien géré votre stock. Puis-je noter votre intérêt pour une livraison dans 2-3 semaines ? En attendant, je peux vous laisser notre nouveau catalogue et des brochures pour vos clients. Avez-vous remarqué une augmentation de la demande récemment ?",Excellent,9.2,9.0,0,0,0,1,Expert,Commande,1,Positif
CONV00200,PHYTOFANE Lotion anti chute,Stock suffisant,Difficile,J'ai encore du stock du mois dernier. Je ne peux pas commander maintenant.,"Parfait, ça montre que vous avez bien géré votre stock. Puis-je noter votre intérêt pour une livraison dans 2-3 semaines ? En attendant, je peux vous laisser notre nouveau catalogue et des brochures pour vos clients. Avez-vous remarqué une augmentation de la demande récemment ?",Excellent,9.1,8.94,0,0,0,1,Expert,Rendez-vous futur,1,Positif
CONV00273,LV Vitamine A,Stock suffisant,Difficile,J'ai encore du stock du mois dernier. Je ne peux pas commander maintenant.,"Parfait, ça montre que vous avez bien géré votre stock. Puis-je noter votre intérêt pour une livraison dans 2-3 semaines ? En attendant, je peux vous laisser notre nouveau catalogue et des brochures pour vos clients. Avez-vous remarqué une augmentation de la demande récemment ?",Excellent,9.0,8.9,0,0,0,1,Expert,Commande,1,Positif
CONV00209,"Echinacée, Zinc, Vit.C",Stock suffisant,Difficile,J'ai encore du stock du mois dernier. Je ne peux pas commander maintenant.,"Parfait, ça montre que vous avez bien géré votre stock. Puis-je noter votre intérêt pour une livraison dans 2-3 semaines ? En attendant, je peux vous laisser notre nouveau catalogue et des brochures pour vos clients. Avez-vous remarqué une augmentation de la demande récemment ?",Excellent,8.9,8.89,0,0,0,1,Expert,Intérêt Fort,1,Positif
CONV00306,LV Fersang junior,Stock suffisant,Difficile,J'ai encore du stock du mois dernier. Je ne peux pas commander maintenant.,"Parfait, ça montre que vous avez bien géré votre stock. Puis-je noter votre intérêt pour une livraison dans 2-3 semaines ? En attendant, je peux vous laisser notre nouveau catalogue et des brochures pour vos clients. Avez-vous remarqué une augmentation de la demande récemment ?",Excellent,8.8,8.83,0,0,0,1,Expert,Intérêt Fort,1,Positif
CONV00020,PHYTOFANE Lotion anti chute,Stock suffisant,Difficile,J'ai encore du stock du mois dernier. Je ne peux pas commander maintenant.,"Parfait, ça montre que vous avez bien géré votre stock. Puis-je noter votre intérêt pour une livraison dans 2-3 semaines ? En attendant, je peux vous laisser notre nouveau catalogue et des brochures pour vos clients. Avez-vous remarqué une augmentation de la demande récemment ?",Excellent,8.9,8.82,0,0,0,1,Expert,Rendez-vous futur,1,Neutre
CONV00319,LV Vitamine A,Stock suffisant,Difficile,J'ai encore du stock du mois dernier. Je ne peux pas commander maintenant.,"Parfait, ça montre que vous avez bien géré votre stock. Puis-je noter votre intérêt pour une livraison dans 2-3 semaines ? En attendant, je peux vous laisser notre nouveau catalogue et des brochures pour vos clients. Avez-vous remarqué une augmentation de la demande récemment ?",Excellent,8.8,8.8,0,0,0,1,Expert,Commande,1,Neutre
CONV00184,LV Vitamine A,Stock suffisant,Difficile,J'ai encore du stock du mois dernier. Je ne peux pas commander maintenant.,"Parfait, ça montre que vous avez bien géré votre stock. Puis-je noter votre intérêt pour une livraison dans 2-3 semaines ? En attendant, je peux vous laisser notre nouveau catalogue et des brochures pour vos clients. Avez-vous remarqué une augmentation de la demande récemment ?",Excellent,8.6,8.66,0,0,0,1,Expert,Rendez-vous futur,1,Neutre
CONV00046,Omevie Omega 3 – 1000,Stock suffisant,Difficile,J'ai encore du stock du mois dernier. Je ne peux pas commander maintenant.,"Parfait, ça montre que vous avez bien géré votre stock. Puis-je noter votre intérêt pour une livraison dans 2-3 semaines ? En attendant, je peux vous laisser notre nouveau catalogue et des brochures pour vos clients. Avez-vous remarqué une augmentation de la demande récemment ?",Excellent,8.7,8.62,0,0,0,1,Expert,Commande,1,Positif
CONV00227,Vitonic Tonus,Stock suffisant,Difficile,J'ai encore du stock du mois dernier. Je ne peux pas commander maintenant.,"Parfait, ça montre que vous avez bien géré votre stock. Puis-je noter votre intérêt pour une livraison dans 2-3 semaines ? En attendant, je peux vous laisser notre nouveau catalogue et des brochures pour vos clients. Avez-vous remarqué une augmentation de la demande récemment ?",Excellent,8.4,8.35,0,0,0,1,Expert,Intérêt Fort,1,Positif
