conversation_id,rep_id,client_id,date,month,month_name,product,objection_type,objection_difficulty,response_quality,quality_label,overall_score,context_weighted_score,objection_handling_score,client_sentiment,sentiment_label,outcome,is_success,is_success_broad,skill_level,argumentation_richness,duration_minutes,duration_category,year
CONV00100,REP022,CLI0191,2025-08-20,8,August,OLIGOVIT Trio,Marque inconnue,Difficile,Bon,1,6.5,6.38,5.8,Négatif,-1,Intérêt Modéré,0,1,Confirmé,0,6.6,Standard (6-10 min),2025
CONV00364,REP017,CLI0201,2025-08-20,8,August,PHYTOFANE Lotion anti chute,Posologie complexe,Difficile,Bon,1,6.2,6.18,5.8,Positif,1,Demande info,0,1,Confirmé,0,4.45,Courte (3-6 min),2025
CONV00075,REP011,CLI0106,2025-08-21,8,August,Vitonic Tonus,Efficacité douteuse,Standard,Excellent,2,9.5,9.45,9.1,Neutre,0,Intérêt Fort,1,1,Expert,2,6.22,Standard (6-10 min),2025
CONV00136,REP006,CLI0047,2025-08-21,8,August,Vitonic Tonus,Posologie complexe,Difficile,Bon,1,6.8,6.46,5.1,Neutre,0,À rappeler,0,0,Confirmé,0,8.57,Standard (6-10 min),2025
CONV00069,REP014,CLI0116,2025-08-22,8,August,LV Vitamine A,Concurrence,Standard,Bon,1,6.1,6.02,5.6,Neutre,0,À rappeler,0,0,Confirmé,0,7.07,Standard (6-10 min),2025
CONV00349,REP017,CLI0134,2025-08-22,8,August,OLIGOVIT Trio,Stock suffisant,Difficile,Bon,1,6.8,6.68,6.0,Positif,1,Demande info,0,1,Confirmé,0,7.97,Standard (6-10 min),2025
CONV00092,REP019,CLI0222,2025-08-23,8,August,LV Vitamine A,Demande Faible,Standard,Bon,1,6.4,6.38,6.0,Neutre,0,À rappeler,0,0,Confirmé,0,8.63,Standard (6-10 min),2025
CONV00285,REP013,CLI0096,2025-08-23,8,August,PHYTOFANE Lotion anti chute,Concurrence,Standard,Faible,0,4.3,4.42,4.8,Neutre,0,Pas intéressé,0,0,À améliorer,0,7.37,Standard (6-10 min),2025
CONV00193,REP025,CLI0064,2025-08-24,8,August,PHYTOFANE Lotion anti chute,Marque inconnue,Difficile,Bon,1,6.9,6.78,6.1,Neutre,0,À rappeler,0,0,Confirmé,0,8.43,Standard (6-10 min),2025
CONV00322,REP017,CLI0006,2025-08-24,8,August,"Echinacée, Zinc, Vit.C",Demande Faible,Standard,Bon,1,6.4,6.44,6.6,Négatif,-1,Intérêt Modéré,0,1,Confirmé,0,2.07,Très courte (<3 min),2025
CONV00236,REP013,CLI0119,2025-08-25,8,August,OLIGOVIT Trio,Marque inconnue,Difficile,Bon,1,6.8,6.68,6.0,Négatif,-1,À rappeler,0,0,Confirmé,0,7.02,Standard (6-10 min),2025
CONV00053,REP005,CLI0122,2025-08-27,8,August,PHYTOFANE Lotion anti chute,Concurrence,Standard,Bon,1,6.8,6.75,6.5,Neutre,0,Intérêt Modéré,0,1,Confirmé,0,2.97,Très courte (<3 min),2025
CONV00112,REP014,CLI0091,2025-08-28,8,August,LV Fersang junior,Effets Secondaires,Standard,Bon,1,6.5,6.3,5.6,Positif,1,À rappeler,0,0,Confirmé,0,8.4,Standard (6-10 min),2025
CONV00050,REP019,CLI0145,2025-08-29,8,August,"Echinacée, Zinc, Vit.C",Prix élevé,Standard,Excellent,2,9.0,8.91,8.4,Positif,1,Intérêt Fort,1,1,Expert,2,2.22,Très courte (<3 min),2025
CONV00070,REP021,CLI0151,2025-08-29,8,August,Omevie Omega 3 – 1000,Stock suffisant,Difficile,Faible,0,4.3,4.21,3.9,Neutre,0,Objections non résolues,0,0,À améliorer,0,8.85,Standard (6-10 min),2025
CONV00325,REP009,CLI0067,2025-08-31,8,August,OLIGOVIT Trio,Demande Faible,Standard,Faible,0,4.1,3.95,3.6,Neutre,0,Pas intéressé,0,0,À améliorer,0,8.07,Standard (6-10 min),2025
CONV00109,REP023,CLI0030,2025-08-31,8,August,LV Fersang junior,Posologie complexe,Difficile,Faible,0,4.5,4.34,3.3,Positif,1,Pas intéressé,0,0,À améliorer,0,7.55,Standard (6-10 min),2025
CONV00381,REP005,CLI0172,2025-08-31,8,August,OLIGOVIT Trio,Effets Secondaires,Standard,Excellent,2,9.2,9.11,8.6,Positif,1,Intérêt Fort,1,1,Expert,1,4.0,Courte (3-6 min),2025
CONV00257,REP023,CLI0034,2025-09-01,9,September,PHYTOFANE Lotion anti chute,Posologie complexe,Difficile,Excellent,2,9.2,9.21,9.3,Neutre,0,Intérêt Fort,1,1,Expert,1,4.57,Courte (3-6 min),2025
CONV00052,REP012,CLI0058,2025-09-01,9,September,LV Vitamine A,Prix élevé,Standard,Bon,1,7.2,7.18,6.9,Neutre,0,Intérêt Modéré,0,1,Confirmé,0,2.58,Très courte (<3 min),2025
CONV00372,REP010,CLI0230,2025-09-01,9,September,LV Vitamine A,Marque inconnue,Difficile,Bon,1,6.4,6.52,6.9,Neutre,0,Demande info,0,1,Confirmé,0,3.63,Courte (3-6 min),2025
CONV00337,REP004,CLI0094,2025-09-01,9,September,Vitonic Tonus,Prix élevé,Standard,Excellent,2,9.1,9.09,9.1,Neutre,0,Commande,1,1,Expert,2,8.75,Standard (6-10 min),2025
CONV00389,REP002,CLI0011,2025-09-01,9,September,LV CYSPROTECT,Marque inconnue,Difficile,Excellent,2,9.2,9.09,8.5,Négatif,-1,Rendez-vous futur,1,1,Expert,2,4.75,Courte (3-6 min),2025
CONV00379,REP007,CLI0106,2025-09-02,9,September,OLIGOVIT Trio,Stock suffisant,Difficile,Bon,1,6.5,6.51,6.7,Neutre,0,Intérêt Modéré,0,1,Confirmé,0,9.25,Standard (6-10 min),2025
CONV00056,REP003,CLI0130,2025-09-02,9,September,OLIGOVIT Trio,Posologie complexe,Difficile,Excellent,2,8.9,8.91,8.9,Positif,1,Intérêt Fort,1,1,Expert,1,4.9,Courte (3-6 min),2025
CONV00128,REP010,CLI0020,2025-09-02,9,September,OLIGOVIT Trio,Prix élevé,Standard,Faible,0,3.8,3.7,3.2,Neutre,0,Refus,0,0,À améliorer,0,9.37,Standard (6-10 min),2025
CONV00149,REP002,CLI0193,2025-09-02,9,September,Omevie Omega 3 – 1000,Marque inconnue,Difficile,Excellent,2,9.0,9.04,9.3,Neutre,0,Intérêt Fort,1,1,Expert,2,3.62,Courte (3-6 min),2025
CONV00154,REP003,CLI0061,2025-09-02,9,September,Vitonic Tonus,Prix élevé,Standard,Bon,1,6.4,6.19,5.3,Positif,1,À rappeler,0,0,Confirmé,0,5.12,Courte (3-6 min),2025
CONV00204,REP002,CLI0089,2025-09-03,9,September,LV CYSPROTECT,Posologie complexe,Difficile,Bon,1,6.7,6.58,5.8,Positif,1,À rappeler,0,0,Confirmé,0,7.72,Standard (6-10 min),2025
CONV00189,REP006,CLI0157,2025-09-04,9,September,PHYTOFANE Lotion anti chute,Demande Faible,Standard,Bon,1,6.5,6.34,5.8,Neutre,0,Intérêt Modéré,0,1,Confirmé,0,9.65,Standard (6-10 min),2025
CONV00087,REP004,CLI0195,2025-09-05,9,September,"Echinacée, Zinc, Vit.C",Efficacité douteuse,Standard,Faible,0,4.7,4.72,4.7,Positif,1,Pas intéressé,0,0,À améliorer,0,8.0,Standard (6-10 min),2025
CONV00268,REP013,CLI0151,2025-09-05,9,September,OLIGOVIT Trio,Concurrence,Standard,Faible,0,4.1,4.06,4.1,Neutre,0,Refus,0,0,À améliorer,0,8.5,Standard (6-10 min),2025
CONV00017,REP003,CLI0182,2025-09-06,9,September,LV Vitamine A,Stock suffisant,Difficile,Excellent,2,9.2,9.0,8.1,Positif,1,Commande,1,1,Expert,1,2.5,Très courte (<3 min),2025
CONV00375,REP013,CLI0116,2025-09-06,9,September,"Echinacée, Zinc, Vit.C",Demande Faible,Standard,Bon,1,6.5,6.44,6.1,Neutre,0,Demande info,0,1,Confirmé,0,5.45,Courte (3-6 min),2025
CONV00258,REP002,CLI0102,2025-09-07,9,September,Vitonic Tonus,Effets Secondaires,Standard,Bon,1,6.5,6.28,5.2,Neutre,0,Intérêt Modéré,0,1,Confirmé,0,4.6,Courte (3-6 min),2025
CONV00256,REP002,CLI0026,2025-09-07,9,September,LV Vitamine A,Effets Secondaires,Standard,Faible,0,3.8,3.62,2.5,Neutre,0,Objections non résolues,0,0,À améliorer,0,8.68,Standard (6-10 min),2025
CONV00114,REP018,CLI0197,2025-09-08,9,September,"Echinacée, Zinc, Vit.C",Stock suffisant,Difficile,Bon,1,6.9,6.77,6.3,Positif,1,Demande info,0,1,Confirmé,0,7.23,Standard (6-10 min),2025
CONV00108,REP005,CLI0071,2025-09-08,9,September,LV Fersang junior,Concurrence,Standard,Bon,1,6.8,6.68,6.2,Négatif,-1,À rappeler,0,0,Confirmé,0,7.4,Standard (6-10 min),2025
CONV00360,REP007,CLI0054,2025-09-08,9,September,PHYTOFANE Lotion anti chute,Effets Secondaires,Standard,Excellent,2,9.3,9.46,10.0,Neutre,0,Rendez-vous futur,1,1,Expert,1,8.08,Standard (6-10 min),2025
CONV00117,REP006,CLI0194,2025-09-09,9,September,Vitonic Tonus,Prix élevé,Standard,Bon,1,6.6,6.52,6.0,Positif,1,À rappeler,0,0,Confirmé,0,2.42,Très courte (<3 min),2025
CONV00098,REP016,CLI0007,2025-09-09,9,September,PHYTOFANE Lotion anti chute,Efficacité douteuse,Standard,Faible,0,4.2,4.2,3.9,Positif,1,Refus,0,0,À améliorer,0,9.53,Standard (6-10 min),2025
CONV00093,REP021,CLI0049,2025-09-09,9,September,PHYTOFANE Lotion anti chute,Effets Secondaires,Standard,Bon,1,7.1,7.06,6.7,Neutre,0,Demande info,0,1,Confirmé,0,4.13,Courte (3-6 min),2025
CONV00067,REP020,CLI0153,2025-09-09,9,September,"Echinacée, Zinc, Vit.C",Efficacité douteuse,Standard,Bon,1,6.7,6.56,5.6,Positif,1,Demande info,0,1,Confirmé,1,3.92,Courte (3-6 min),2025
CONV00229,REP011,CLI0216,2025-09-09,9,September,"Echinacée, Zinc, Vit.C",Prix élevé,Standard,Faible,0,4.1,4.18,4.4,Neutre,0,Refus,0,0,À améliorer,0,5.23,Courte (3-6 min),2025
CONV00288,REP002,CLI0158,2025-09-09,9,September,Vitonic Tonus,Marque inconnue,Difficile,Excellent,2,8.8,8.88,9.1,Neutre,0,Commande,1,1,Expert,2,7.25,Standard (6-10 min),2025
CONV00168,REP010,CLI0099,2025-09-10,9,September,LV Vitamine A,Efficacité douteuse,Standard,Excellent,2,8.9,8.83,8.7,Négatif,-1,Rendez-vous futur,1,1,Expert,2,5.57,Courte (3-6 min),2025
CONV00303,REP011,CLI0153,2025-09-10,9,September,LV Fersang junior,Efficacité douteuse,Standard,Bon,1,6.4,6.28,5.3,Neutre,0,À rappeler,0,0,Confirmé,1,9.62,Standard (6-10 min),2025
CONV00347,REP025,CLI0092,2025-09-11,9,September,"Echinacée, Zinc, Vit.C",Concurrence,Standard,Faible,0,5.2,5.08,4.7,Négatif,-1,Objections non résolues,0,0,À améliorer,0,2.23,Très courte (<3 min),2025
CONV00078,REP001,CLI0162,2025-09-12,9,September,LV Fersang junior,Marque inconnue,Difficile,Excellent,2,8.8,8.9,9.1,Neutre,0,Commande,1,1,Expert,2,8.82,Standard (6-10 min),2025
CONV00395,REP007,CLI0115,2025-09-12,9,September,LV Fersang junior,Demande Faible,Standard,Faible,0,4.3,4.23,3.8,Neutre,0,Refus,0,0,À améliorer,0,6.02,Standard (6-10 min),2025
CONV00151,REP003,CLI0111,2025-09-13,9,September,"Echinacée, Zinc, Vit.C",Efficacité douteuse,Standard,Excellent,2,8.5,8.52,8.7,Positif,1,Intérêt Fort,1,1,Expert,2,9.02,Standard (6-10 min),2025
CONV00164,REP022,CLI0160,2025-09-13,9,September,Vitonic Tonus,Concurrence,Standard,Faible,0,4.1,3.77,2.1,Négatif,-1,Pas intéressé,0,0,À améliorer,0,4.87,Courte (3-6 min),2025
CONV00187,REP010,CLI0146,2025-09-13,9,September,LV Vitamine A,Prix élevé,Standard,Faible,0,4.1,4.08,3.9,Positif,1,Refus,0,0,À améliorer,0,2.9,Très courte (<3 min),2025
CONV00207,REP013,CLI0173,2025-09-13,9,September,Omevie Omega 3 – 1000,Prix élevé,Standard,Excellent,2,9.0,9.04,9.2,Neutre,0,Rendez-vous futur,1,1,Expert,2,7.13,Standard (6-10 min),2025
CONV00398,REP022,CLI0034,2025-09-13,9,September,LV CYSPROTECT,Efficacité douteuse,Standard,Faible,0,5.0,4.77,3.9,Positif,1,Refus,0,0,À améliorer,0,6.6,Standard (6-10 min),2025
CONV00024,REP006,CLI0018,2025-09-15,9,September,LV Fersang junior,Prix élevé,Standard,Bon,1,6.5,6.54,6.8,Neutre,0,Intérêt Modéré,0,1,Confirmé,0,2.57,Très courte (<3 min),2025
CONV00259,REP003,CLI0034,2025-09-16,9,September,LV CYSPROTECT,Stock suffisant,Difficile,Bon,1,6.2,6.09,5.7,Positif,1,Intérêt Modéré,0,1,Confirmé,0,3.92,Courte (3-6 min),2025
CONV00393,REP016,CLI0054,2025-09-16,9,September,LV CYSPROTECT,Marque inconnue,Difficile,Bon,1,6.2,6.04,5.3,Neutre,0,Demande info,0,1,Confirmé,0,3.37,Courte (3-6 min),2025
CONV00084,REP005,CLI0129,2025-09-16,9,September,LV Vitamine A,Marque inconnue,Difficile,Faible,0,4.5,4.31,3.6,Neutre,0,Objections non résolues,0,0,À améliorer,0,4.82,Courte (3-6 min),2025
CONV00123,REP008,CLI0112,2025-09-17,9,September,LV Fersang junior,Posologie complexe,Difficile,Bon,1,6.4,6.24,5.7,Neutre,0,À rappeler,0,0,Confirmé,0,5.42,Courte (3-6 min),2025
CONV00386,REP008,CLI0229,2025-09-17,9,September,"Echinacée, Zinc, Vit.C",Effets Secondaires,Standard,Faible,0,3.4,3.23,2.3,Neutre,0,Objections non résolues,0,0,À améliorer,0,8.25,Standard (6-10 min),2025
CONV00090,REP015,CLI0089,2025-09-17,9,September,LV Fersang junior,Concurrence,Standard,Bon,1,6.7,6.66,6.7,Négatif,-1,Intérêt Modéré,0,1,Confirmé,0,4.55,Courte (3-6 min),2025
CONV00367,REP005,CLI0042,2025-09-18,9,September,Omevie Omega 3 – 1000,Demande Faible,Standard,Excellent,2,8.8,8.73,8.3,Négatif,-1,Commande,1,1,Expert,3,9.22,Standard (6-10 min),2025
CONV00074,REP009,CLI0047,2025-09-18,9,September,LV CYSPROTECT,Marque inconnue,Difficile,Bon,1,6.3,6.18,5.7,Négatif,-1,À rappeler,0,0,Confirmé,0,5.72,Courte (3-6 min),2025
CONV00177,REP024,CLI0014,2025-09-18,9,September,PHYTOFANE Lotion anti chute,Demande Faible,Standard,Excellent,2,9.4,9.45,9.7,Neutre,0,Commande,1,1,Expert,3,6.08,Standard (6-10 min),2025
CONV00254,REP016,CLI0084,2025-09-19,9,September,LV CYSPROTECT,Effets Secondaires,Standard,Faible,0,4.6,4.57,4.9,Positif,1,Refus,0,0,À améliorer,0,2.02,Très courte (<3 min),2025
CONV00211,REP018,CLI0150,2025-09-19,9,September,Omevie Omega 3 – 1000,Prix élevé,Standard,Bon,1,6.3,6.2,5.8,Positif,1,Intérêt Modéré,0,1,Confirmé,0,8.13,Standard (6-10 min),2025
CONV00094,REP015,CLI0009,2025-09-19,9,September,Omevie Omega 3 – 1000,Prix élevé,Standard,Bon,1,6.4,6.46,6.5,Neutre,0,Intérêt Modéré,0,1,Confirmé,0,5.1,Courte (3-6 min),2025
CONV00036,REP009,CLI0046,2025-09-19,9,September,LV Fersang junior,Prix élevé,Standard,Excellent,2,9.2,9.23,9.6,Neutre,0,Intérêt Fort,1,1,Expert,2,4.25,Courte (3-6 min),2025
CONV00066,REP016,CLI0019,2025-09-20,9,September,"Echinacée, Zinc, Vit.C",Efficacité douteuse,Standard,Bon,1,6.9,6.96,6.9,Neutre,0,Intérêt Modéré,0,1,Confirmé,1,7.37,Standard (6-10 min),2025
CONV00292,REP025,CLI0057,2025-09-20,9,September,LV Vitamine A,Demande Faible,Standard,Faible,0,5.0,5.04,5.0,Neutre,0,Pas intéressé,0,0,À améliorer,0,9.22,Standard (6-10 min),2025
CONV00073,REP022,CLI0215,2025-09-20,9,September,PHYTOFANE Lotion anti chute,Efficacité douteuse,Standard,Faible,0,4.6,4.26,2.8,Neutre,0,Pas intéressé,0,0,À améliorer,0,7.0,Standard (6-10 min),2025
CONV00091,REP008,CLI0098,2025-09-21,9,September,LV Fersang junior,Marque inconnue,Difficile,Bon,1,7.2,7.13,7.0,Négatif,-1,Demande info,0,1,Confirmé,0,5.05,Courte (3-6 min),2025
CONV00155,REP025,CLI0020,2025-09-21,9,September,LV CYSPROTECT,Effets Secondaires,Standard,Bon,1,6.5,6.36,5.5,Neutre,0,Intérêt Modéré,0,1,Confirmé,0,3.17,Courte (3-6 min),2025
CONV00018,REP018,CLI0034,2025-09-21,9,September,PHYTOFANE Lotion anti chute,Marque inconnue,Difficile,Bon,1,6.9,6.61,5.4,Négatif,-1,Intérêt Modéré,0,1,Confirmé,0,6.92,Standard (6-10 min),2025
CONV00305,REP002,CLI0101,2025-09-21,9,September,LV Fersang junior,Stock suffisant,Difficile,Faible,0,3.6,3.59,3.3,Positif,1,Objections non résolues,0,0,À améliorer,0,6.68,Standard (6-10 min),2025
CONV00368,REP016,CLI0203,2025-09-21,9,September,Omevie Omega 3 – 1000,Prix élevé,Standard,Bon,1,6.5,6.31,5.4,Neutre,0,Intérêt Modéré,0,1,Confirmé,0,6.68,Standard (6-10 min),2025
CONV00103,REP008,CLI0033,2025-09-23,9,September,OLIGOVIT Trio,Prix élevé,Standard,Excellent,2,8.8,8.68,8.4,Positif,1,Commande,1,1,Expert,2,3.75,Courte (3-6 min),2025
CONV00025,REP022,CLI0150,2025-09-23,9,September,"Echinacée, Zinc, Vit.C",Efficacité douteuse,Standard,Bon,1,6.5,6.34,5.6,Positif,1,À rappeler,0,0,Confirmé,1,6.45,Standard (6-10 min),2025
CONV00126,REP022,CLI0226,2025-09-23,9,September,LV CYSPROTECT,Marque inconnue,Difficile,Bon,1,7.1,6.94,6.3,Négatif,-1,Intérêt Modéré,0,1,Confirmé,0,7.48,Standard (6-10 min),2025
CONV00261,REP003,CLI0136,2025-09-23,9,September,Vitonic Tonus,Concurrence,Standard,Bon,1,6.1,6.02,5.4,Neutre,0,Demande info,0,1,Confirmé,0,2.07,Très courte (<3 min),2025
CONV00361,REP025,CLI0091,2025-09-24,9,September,LV Fersang junior,Effets Secondaires,Standard,Bon,1,7.2,7.03,6.3,Positif,1,Demande info,0,1,Confirmé,0,6.08,Standard (6-10 min),2025
CONV00179,REP017,CLI0054,2025-09-24,9,September,Vitonic Tonus,Prix élevé,Standard,Faible,0,4.5,4.54,4.9,Positif,1,Objections non résolues,0,0,À améliorer,0,4.77,Courte (3-6 min),2025
CONV00181,REP016,CLI0090,2025-09-24,9,September,OLIGOVIT Trio,Marque inconnue,Difficile,Faible,0,4.3,4.14,3.7,Négatif,-1,Refus,0,0,À améliorer,0,9.97,Standard (6-10 min),2025
CONV00156,REP017,CLI0100,2025-09-24,9,September,LV CYSPROTECT,Concurrence,Standard,Excellent,2,9.1,9.3,10.0,Négatif,-1,Intérêt Fort,1,1,Expert,1,3.0,Courte (3-6 min),2025
CONV00297,REP006,CLI0182,2025-09-24,9,September,OLIGOVIT Trio,Marque inconnue,Difficile,Faible,0,4.3,4.23,4.0,Négatif,-1,Pas intéressé,0,0,À améliorer,0,7.92,Standard (6-10 min),2025
CONV00378,REP001,CLI0142,2025-09-25,9,September,OLIGOVIT Trio,Demande Faible,Standard,Excellent,2,8.8,8.86,9.1,Négatif,-1,Commande,1,1,Expert,3,3.2,Courte (3-6 min),2025
CONV00218,REP013,CLI0097,2025-09-26,9,September,"Echinacée, Zinc, Vit.C",Efficacité douteuse,Standard,Excellent,2,8.4,8.54,9.0,Négatif,-1,Intérêt Fort,1,1,Expert,2,6.05,Standard (6-10 min),2025
CONV00215,REP001,CLI0137,2025-09-26,9,September,LV Vitamine A,Marque inconnue,Difficile,Excellent,2,9.2,9.32,10.0,Négatif,-1,Commande,1,1,Expert,2,5.5,Courte (3-6 min),2025
CONV00039,REP023,CLI0076,2025-09-26,9,September,"Echinacée, Zinc, Vit.C",Effets Secondaires,Standard,Excellent,2,9.2,9.24,9.5,Positif,1,Commande,1,1,Expert,1,3.08,Courte (3-6 min),2025
CONV00163,REP007,CLI0163,2025-09-26,9,September,Omevie Omega 3 – 1000,Efficacité douteuse,Standard,Excellent,2,8.9,8.93,9.0,Négatif,-1,Commande,1,1,Expert,2,4.33,Courte (3-6 min),2025
CONV00284,REP015,CLI0143,2025-09-27,9,September,"Echinacée, Zinc, Vit.C",Prix élevé,Standard,Excellent,2,8.7,8.62,8.2,Neutre,0,Commande,1,1,Expert,2,4.12,Courte (3-6 min),2025
CONV00015,REP022,CLI0122,2025-09-27,9,September,Vitonic Tonus,Concurrence,Standard,Excellent,2,9.0,8.84,8.4,Neutre,0,Rendez-vous futur,1,1,Expert,1,3.4,Courte (3-6 min),2025
CONV00082,REP018,CLI0196,2025-09-28,9,September,OLIGOVIT Trio,Effets Secondaires,Standard,Bon,1,6.5,6.45,6.4,Positif,1,Demande info,0,1,Confirmé,0,5.22,Courte (3-6 min),2025
CONV00307,REP003,CLI0165,2025-09-28,9,September,Omevie Omega 3 – 1000,Marque inconnue,Difficile,Excellent,2,9.1,9.07,8.9,Négatif,-1,Intérêt Fort,1,1,Expert,2,5.3,Courte (3-6 min),2025
CONV00135,REP004,CLI0130,2025-09-29,9,September,Omevie Omega 3 – 1000,Efficacité douteuse,Standard,Bon,1,7.1,7.02,6.8,Neutre,0,Demande info,0,1,Confirmé,1,9.12,Standard (6-10 min),2025
CONV00371,REP013,CLI0066,2025-09-29,9,September,LV Fersang junior,Posologie complexe,Difficile,Excellent,2,9.4,9.24,8.7,Positif,1,Rendez-vous futur,1,1,Expert,1,8.17,Standard (6-10 min),2025
CONV00221,REP022,CLI0230,2025-09-29,9,September,"Echinacée, Zinc, Vit.C",Stock suffisant,Difficile,Bon,1,7.2,7.04,6.4,Positif,1,Intérêt Modéré,0,1,Confirmé,0,4.82,Courte (3-6 min),2025
CONV00244,REP016,CLI0163,2025-09-30,9,September,Vitonic Tonus,Posologie complexe,Difficile,Faible,0,3.9,3.62,2.5,Neutre,0,Objections non résolues,0,0,À améliorer,0,7.92,Standard (6-10 min),2025
CONV00384,REP005,CLI0229,2025-09-30,9,September,Omevie Omega 3 – 1000,Efficacité douteuse,Standard,Excellent,2,8.7,8.6,8.2,Négatif,-1,Commande,1,1,Expert,2,3.67,Courte (3-6 min),2025
CONV00097,REP001,CLI0068,2025-09-30,9,September,"Echinacée, Zinc, Vit.C",Efficacité douteuse,Standard,Bon,1,6.9,6.8,6.2,Positif,1,Demande info,0,1,Confirmé,1,3.05,Courte (3-6 min),2025
CONV00234,REP012,CLI0180,2025-09-30,9,September,LV Vitamine A,Posologie complexe,Difficile,Bon,1,6.7,6.64,6.3,Neutre,0,À rappeler,0,0,Confirmé,0,7.07,Standard (6-10 min),2025
CONV00183,REP007,CLI0212,2025-09-30,9,September,PHYTOFANE Lotion anti chute,Marque inconnue,Difficile,Faible,0,4.1,4.0,3.8,Neutre,0,Refus,0,0,À améliorer,0,4.3,Courte (3-6 min),2025
CONV00377,REP016,CLI0041,2025-10-01,10,October,LV Vitamine A,Posologie complexe,Difficile,Excellent,2,9.2,9.18,9.1,Neutre,0,Rendez-vous futur,1,1,Expert,1,3.87,Courte (3-6 min),2025
CONV00011,REP020,CLI0120,2025-10-02,10,October,"Echinacée, Zinc, Vit.C",Posologie complexe,Difficile,Faible,0,4.3,4.19,4.2,Positif,1,Refus,0,0,À améliorer,0,4.13,Courte (3-6 min),2025
CONV00116,REP003,CLI0192,2025-10-02,10,October,LV Vitamine A,Concurrence,Standard,Bon,1,6.3,6.14,5.6,Neutre,0,À rappeler,0,0,Confirmé,0,3.83,Courte (3-6 min),2025
CONV00309,REP013,CLI0210,2025-10-04,10,October,LV Vitamine A,Stock suffisant,Difficile,Faible,0,4.9,4.68,3.7,Positif,1,Pas intéressé,0,0,À améliorer,0,5.57,Courte (3-6 min),2025
CONV00057,REP006,CLI0188,2025-10-04,10,October,"Echinacée, Zinc, Vit.C",Concurrence,Standard,Excellent,2,9.2,9.18,9.0,Négatif,-1,Intérêt Fort,1,1,Expert,1,7.55,Standard (6-10 min),2025
CONV00161,REP015,CLI0175,2025-10-05,10,October,LV CYSPROTECT,Efficacité douteuse,Standard,Excellent,2,9.3,9.29,9.2,Positif,1,Commande,1,1,Expert,2,4.93,Courte (3-6 min),2025
CONV00342,REP005,CLI0024,2025-10-07,10,October,LV CYSPROTECT,Efficacité douteuse,Standard,Bon,1,6.1,5.98,5.5,Positif,1,À rappeler,0,0,Confirmé,1,2.63,Très courte (<3 min),2025
CONV00172,REP003,CLI0099,2025-10-08,10,October,Omevie Omega 3 – 1000,Effets Secondaires,Standard,Bon,1,7.0,6.93,6.4,Neutre,0,Intérêt Modéré,0,1,Confirmé,0,5.83,Courte (3-6 min),2025
CONV00145,REP017,CLI0140,2025-10-08,10,October,LV Fersang junior,Effets Secondaires,Standard,Faible,0,4.1,3.96,3.4,Positif,1,Refus,0,0,À améliorer,0,8.7,Standard (6-10 min),2025
CONV00357,REP022,CLI0151,2025-10-08,10,October,LV CYSPROTECT,Marque inconnue,Difficile,Faible,0,4.0,3.98,3.7,Négatif,-1,Objections non résolues,0,0,À améliorer,0,3.13,Courte (3-6 min),2025
CONV00351,REP009,CLI0013,2025-10-08,10,October,OLIGOVIT Trio,Stock suffisant,Difficile,Bon,1,6.5,6.32,5.2,Positif,1,À rappeler,0,0,Confirmé,0,3.9,Courte (3-6 min),2025
CONV00287,REP024,CLI0102,2025-10-10,10,October,"Echinacée, Zinc, Vit.C",Concurrence,Standard,Bon,1,6.8,6.8,6.8,Négatif,-1,À rappeler,0,0,Confirmé,0,2.25,Très courte (<3 min),2025
CONV00341,REP002,CLI0141,2025-10-10,10,October,Vitonic Tonus,Demande Faible,Standard,Excellent,2,8.9,8.68,8.0,Neutre,0,Rendez-vous futur,1,1,Expert,3,9.77,Standard (6-10 min),2025
CONV00169,REP025,CLI0041,2025-10-10,10,October,PHYTOFANE Lotion anti chute,Effets Secondaires,Standard,Bon,1,6.7,6.39,5.2,Positif,1,À rappeler,0,0,Confirmé,0,6.38,Standard (6-10 min),2025
CONV00077,REP020,CLI0194,2025-10-10,10,October,OLIGOVIT Trio,Stock suffisant,Difficile,Bon,1,6.0,5.86,5.3,Positif,1,À rappeler,0,0,Confirmé,0,7.33,Standard (6-10 min),2025
CONV00159,REP008,CLI0203,2025-10-11,10,October,Vitonic Tonus,Stock suffisant,Difficile,Bon,1,7.0,6.99,7.0,Neutre,0,Intérêt Modéré,0,1,Confirmé,0,2.22,Très courte (<3 min),2025
CONV00072,REP017,CLI0139,2025-10-11,10,October,Omevie Omega 3 – 1000,Posologie complexe,Difficile,Excellent,2,8.5,8.57,8.6,Neutre,0,Intérêt Fort,1,1,Expert,1,5.73,Courte (3-6 min),2025
CONV00212,REP025,CLI0211,2025-10-12,10,October,Omevie Omega 3 – 1000,Effets Secondaires,Standard,Bon,1,6.6,6.61,6.6,Neutre,0,Intérêt Modéré,0,1,Confirmé,0,8.17,Standard (6-10 min),2025
CONV00060,REP024,CLI0105,2025-10-12,10,October,PHYTOFANE Lotion anti chute,Efficacité douteuse,Standard,Bon,1,6.9,6.74,6.0,Neutre,0,Intérêt Modéré,0,1,Confirmé,1,6.73,Standard (6-10 min),2025
CONV00290,REP018,CLI0201,2025-10-13,10,October,LV CYSPROTECT,Effets Secondaires,Standard,Faible,0,3.7,3.51,2.5,Neutre,0,Objections non résolues,0,0,À améliorer,0,4.93,Courte (3-6 min),2025
CONV00388,REP008,CLI0195,2025-10-13,10,October,LV Vitamine A,Effets Secondaires,Standard,Excellent,2,8.4,8.38,8.4,Positif,1,Intérêt Fort,1,1,Expert,1,3.97,Courte (3-6 min),2025
CONV00049,REP009,CLI0112,2025-10-13,10,October,PHYTOFANE Lotion anti chute,Marque inconnue,Difficile,Bon,1,7.1,6.98,6.4,Neutre,0,À rappeler,0,0,Confirmé,0,2.23,Très courte (<3 min),2025
CONV00086,REP021,CLI0184,2025-10-13,10,October,OLIGOVIT Trio,Posologie complexe,Difficile,Bon,1,6.7,6.63,6.4,Neutre,0,À rappeler,0,0,Confirmé,0,9.43,Standard (6-10 min),2025
CONV00391,REP016,CLI0203,2025-10-14,10,October,OLIGOVIT Trio,Effets Secondaires,Standard,Bon,1,6.2,6.02,5.3,Positif,1,Intérêt Modéré,0,1,Confirmé,0,9.57,Standard (6-10 min),2025
CONV00113,REP005,CLI0169,2025-10-14,10,October,PHYTOFANE Lotion anti chute,Efficacité douteuse,Standard,Faible,0,3.7,3.47,2.3,Négatif,-1,Objections non résolues,0,0,À améliorer,0,3.9,Courte (3-6 min),2025
CONV00333,REP013,CLI0110,2025-10-15,10,October,"Echinacée, Zinc, Vit.C",Posologie complexe,Difficile,Excellent,2,9.5,9.58,9.9,Neutre,0,Intérêt Fort,1,1,Expert,1,5.27,Courte (3-6 min),2025
CONV00160,REP013,CLI0184,2025-10-15,10,October,Omevie Omega 3 – 1000,Efficacité douteuse,Standard,Bon,1,6.4,6.22,5.3,Négatif,-1,À rappeler,0,0,Confirmé,1,6.48,Standard (6-10 min),2025
CONV00185,REP014,CLI0168,2025-10-16,10,October,Vitonic Tonus,Prix élevé,Standard,Bon,1,6.6,6.38,5.6,Neutre,0,Intérêt Modéré,0,1,Confirmé,0,6.07,Standard (6-10 min),2025
CONV00129,REP011,CLI0155,2025-10-16,10,October,PHYTOFANE Lotion anti chute,Marque inconnue,Difficile,Excellent,2,8.7,8.9,9.8,Neutre,0,Intérêt Fort,1,1,Expert,2,6.27,Standard (6-10 min),2025
CONV00083,REP002,CLI0082,2025-10-16,10,October,"Echinacée, Zinc, Vit.C",Stock suffisant,Difficile,Faible,0,4.8,4.8,4.4,Neutre,0,Refus,0,0,À améliorer,0,8.02,Standard (6-10 min),2025
CONV00034,REP002,CLI0220,2025-10-17,10,October,"Echinacée, Zinc, Vit.C",Efficacité douteuse,Standard,Excellent,2,9.4,9.38,9.6,Neutre,0,Commande,1,1,Expert,2,3.88,Courte (3-6 min),2025
CONV00291,REP002,CLI0208,2025-10-17,10,October,Omevie Omega 3 – 1000,Prix élevé,Standard,Bon,1,6.3,6.14,5.3,Neutre,0,Intérêt Modéré,0,1,Confirmé,0,6.52,Standard (6-10 min),2025
CONV00328,REP010,CLI0025,2025-10-17,10,October,Vitonic Tonus,Concurrence,Standard,Bon,1,7.1,7.06,6.8,Négatif,-1,Demande info,0,1,Confirmé,0,3.08,Courte (3-6 min),2025
CONV00142,REP025,CLI0181,2025-10-17,10,October,Vitonic Tonus,Marque inconnue,Difficile,Bon,1,6.4,6.18,5.4,Négatif,-1,Intérêt Modéré,0,1,Confirmé,0,5.82,Courte (3-6 min),2025
CONV00275,REP013,CLI0018,2025-10-18,10,October,LV Vitamine A,Stock suffisant,Difficile,Excellent,2,9.2,9.13,9.1,Positif,1,Commande,1,1,Expert,1,9.38,Standard (6-10 min),2025
CONV00380,REP025,CLI0141,2025-10-19,10,October,LV Vitamine A,Concurrence,Standard,Bon,1,6.0,5.82,5.2,Négatif,-1,Demande info,0,1,Confirmé,0,7.5,Standard (6-10 min),2025
CONV00247,REP006,CLI0200,2025-10-20,10,October,Omevie Omega 3 – 1000,Stock suffisant,Difficile,Bon,1,6.6,6.35,5.2,Positif,1,Intérêt Modéré,0,1,Confirmé,0,6.82,Standard (6-10 min),2025
CONV00331,REP014,CLI0146,2025-10-20,10,October,OLIGOVIT Trio,Stock suffisant,Difficile,Bon,1,7.0,6.83,6.0,Neutre,0,Demande info,0,1,Confirmé,0,3.22,Courte (3-6 min),2025
CONV00242,REP012,CLI0091,2025-10-20,10,October,LV Fersang junior,Posologie complexe,Difficile,Excellent,2,9.6,9.62,9.8,Neutre,0,Rendez-vous futur,1,1,Expert,1,7.27,Standard (6-10 min),2025
CONV00241,REP011,CLI0051,2025-10-20,10,October,OLIGOVIT Trio,Concurrence,Standard,Excellent,2,9.4,9.34,9.3,Négatif,-1,Rendez-vous futur,1,1,Expert,1,2.97,Très courte (<3 min),2025
CONV00356,REP013,CLI0056,2025-10-20,10,October,LV Fersang junior,Stock suffisant,Difficile,Bon,1,6.5,6.32,5.8,Neutre,0,Demande info,0,1,Confirmé,0,9.03,Standard (6-10 min),2025
CONV00148,REP023,CLI0199,2025-10-20,10,October,LV Fersang junior,Concurrence,Standard,Excellent,2,8.2,8.19,8.1,Négatif,-1,Intérêt Fort,1,1,Expert,1,2.3,Très courte (<3 min),2025
CONV00022,REP009,CLI0201,2025-10-21,10,October,"Echinacée, Zinc, Vit.C",Prix élevé,Standard,Bon,1,7.3,7.12,6.1,Positif,1,Demande info,0,1,Confirmé,0,4.43,Courte (3-6 min),2025
CONV00058,REP003,CLI0072,2025-10-22,10,October,PHYTOFANE Lotion anti chute,Effets Secondaires,Standard,Bon,1,6.7,6.53,5.7,Positif,1,À rappeler,0,0,Confirmé,0,4.07,Courte (3-6 min),2025
CONV00140,REP003,CLI0057,2025-10-22,10,October,"Echinacée, Zinc, Vit.C",Concurrence,Standard,Bon,1,6.1,6.06,6.0,Négatif,-1,Intérêt Modéré,0,1,Confirmé,0,9.53,Standard (6-10 min),2025
CONV00320,REP016,CLI0153,2025-10-23,10,October,OLIGOVIT Trio,Stock suffisant,Difficile,Faible,0,4.0,3.86,3.0,Neutre,0,Objections non résolues,0,0,À améliorer,0,3.5,Courte (3-6 min),2025
CONV00137,REP025,CLI0192,2025-10-23,10,October,Omevie Omega 3 – 1000,Marque inconnue,Difficile,Bon,1,6.7,6.58,5.9,Négatif,-1,Intérêt Modéré,0,1,Confirmé,0,3.98,Courte (3-6 min),2025
CONV00152,REP006,CLI0177,2025-10-24,10,October,"Echinacée, Zinc, Vit.C",Marque inconnue,Difficile,Bon,1,7.2,7.0,6.2,Négatif,-1,À rappeler,0,0,Confirmé,0,4.98,Courte (3-6 min),2025
CONV00246,REP014,CLI0182,2025-10-24,10,October,LV CYSPROTECT,Posologie complexe,Difficile,Excellent,2,9.0,8.93,8.4,Positif,1,Commande,1,1,Expert,1,6.17,Standard (6-10 min),2025
CONV00248,REP025,CLI0185,2025-10-25,10,October,LV Vitamine A,Effets Secondaires,Standard,Excellent,2,9.2,9.26,9.3,Positif,1,Commande,1,1,Expert,1,6.65,Standard (6-10 min),2025
CONV00178,REP007,CLI0005,2025-10-25,10,October,LV Fersang junior,Prix élevé,Standard,Bon,1,6.4,6.32,6.0,Positif,1,Demande info,0,1,Confirmé,0,4.67,Courte (3-6 min),2025
CONV00130,REP008,CLI0182,2025-10-25,10,October,LV Vitamine A,Concurrence,Standard,Bon,1,6.9,6.87,6.8,Négatif,-1,À rappeler,0,0,Confirmé,0,5.73,Courte (3-6 min),2025
CONV00150,REP013,CLI0191,2025-10-25,10,October,"Echinacée, Zinc, Vit.C",Effets Secondaires,Standard,Faible,0,3.9,3.92,4.1,Positif,1,Objections non résolues,0,0,À améliorer,0,9.63,Standard (6-10 min),2025
CONV00121,REP024,CLI0011,2025-10-26,10,October,"Echinacée, Zinc, Vit.C",Efficacité douteuse,Standard,Bon,1,6.2,6.18,5.9,Négatif,-1,À rappeler,0,0,Confirmé,1,2.15,Très courte (<3 min),2025
CONV00037,REP009,CLI0012,2025-10-26,10,October,PHYTOFANE Lotion anti chute,Posologie complexe,Difficile,Bon,1,7.3,7.22,6.9,Neutre,0,Demande info,0,1,Confirmé,0,2.0,Très courte (<3 min),2025
CONV00088,REP012,CLI0096,2025-10-27,10,October,Omevie Omega 3 – 1000,Prix élevé,Standard,Excellent,2,8.9,8.8,8.4,Neutre,0,Commande,1,1,Expert,2,3.23,Courte (3-6 min),2025
CONV00235,REP025,CLI0085,2025-10-27,10,October,"Echinacée, Zinc, Vit.C",Prix élevé,Standard,Excellent,2,8.8,8.88,9.0,Neutre,0,Rendez-vous futur,1,1,Expert,2,2.9,Très courte (<3 min),2025
CONV00120,REP016,CLI0192,2025-10-27,10,October,LV Vitamine A,Efficacité douteuse,Standard,Excellent,2,8.9,8.92,9.1,Positif,1,Rendez-vous futur,1,1,Expert,2,3.48,Courte (3-6 min),2025
CONV00240,REP015,CLI0152,2025-10-28,10,October,PHYTOFANE Lotion anti chute,Prix élevé,Standard,Excellent,2,8.8,8.91,9.4,Neutre,0,Commande,1,1,Expert,2,5.32,Courte (3-6 min),2025
CONV00399,REP023,CLI0136,2025-10-28,10,October,LV Vitamine A,Effets Secondaires,Standard,Faible,0,4.3,4.08,3.1,Neutre,0,Refus,0,0,À améliorer,0,3.95,Courte (3-6 min),2025
CONV00239,REP011,CLI0144,2025-10-28,10,October,Vitonic Tonus,Concurrence,Standard,Excellent,2,8.8,8.91,9.3,Négatif,-1,Intérêt Fort,1,1,Expert,1,5.93,Courte (3-6 min),2025
CONV00047,REP003,CLI0107,2025-11-02,11,November,PHYTOFANE Lotion anti chute,Concurrence,Standard,Bon,1,6.3,6.23,5.8,Neutre,0,Demande info,0,1,Confirmé,0,4.82,Courte (3-6 min),2025
CONV00197,REP002,CLI0074,2025-11-02,11,November,LV CYSPROTECT,Efficacité douteuse,Standard,Bon,1,7.3,7.11,6.3,Positif,1,À rappeler,0,0,Confirmé,1,3.53,Courte (3-6 min),2025
CONV00318,REP023,CLI0130,2025-11-03,11,November,Omevie Omega 3 – 1000,Efficacité douteuse,Standard,Bon,1,6.5,6.26,5.3,Neutre,0,Intérêt Modéré,0,1,Confirmé,1,3.15,Courte (3-6 min),2025
CONV00076,REP011,CLI0030,2025-11-03,11,November,Omevie Omega 3 – 1000,Effets Secondaires,Standard,Bon,1,7.1,6.94,6.1,Neutre,0,À rappeler,0,0,Confirmé,0,9.37,Standard (6-10 min),2025
CONV00369,REP018,CLI0138,2025-11-03,11,November,"Echinacée, Zinc, Vit.C",Concurrence,Standard,Bon,1,6.9,6.7,5.7,Neutre,0,À rappeler,0,0,Confirmé,0,2.78,Très courte (<3 min),2025
CONV00153,REP022,CLI0164,2025-11-03,11,November,LV Fersang junior,Prix élevé,Standard,Bon,1,6.3,6.06,5.1,Positif,1,Demande info,0,1,Confirmé,0,5.1,Courte (3-6 min),2025
CONV00107,REP002,CLI0123,2025-11-04,11,November,LV Vitamine A,Marque inconnue,Difficile,Bon,1,6.6,6.38,5.1,Négatif,-1,Intérêt Modéré,0,1,Confirmé,0,5.63,Courte (3-6 min),2025
CONV00296,REP023,CLI0170,2025-11-05,11,November,OLIGOVIT Trio,Efficacité douteuse,Standard,Excellent,2,8.4,8.38,8.3,Négatif,-1,Intérêt Fort,1,1,Expert,2,7.0,Standard (6-10 min),2025
CONV00231,REP013,CLI0072,2025-11-06,11,November,OLIGOVIT Trio,Stock suffisant,Difficile,Excellent,2,9.1,9.13,9.1,Neutre,0,Rendez-vous futur,1,1,Expert,1,5.1,Courte (3-6 min),2025
CONV00080,REP018,CLI0038,2025-11-08,11,November,LV CYSPROTECT,Stock suffisant,Difficile,Faible,0,4.9,4.88,4.6,Positif,1,Objections non résolues,0,0,À améliorer,0,3.62,Courte (3-6 min),2025
CONV00260,REP003,CLI0059,2025-11-08,11,November,LV CYSPROTECT,Concurrence,Standard,Bon,1,6.5,6.59,6.8,Négatif,-1,Intérêt Modéré,0,1,Confirmé,0,2.75,Très courte (<3 min),2025
CONV00314,REP014,CLI0068,2025-11-08,11,November,OLIGOVIT Trio,Demande Faible,Standard,Bon,1,6.3,6.15,5.6,Négatif,-1,Intérêt Modéré,0,1,Confirmé,0,7.58,Standard (6-10 min),2025
CONV00007,REP006,CLI0119,2025-11-09,11,November,PHYTOFANE Lotion anti chute,Concurrence,Standard,Faible,0,4.6,4.48,4.1,Neutre,0,Pas intéressé,0,0,À améliorer,0,4.3,Courte (3-6 min),2025
CONV00138,REP025,CLI0073,2025-11-09,11,November,LV CYSPROTECT,Marque inconnue,Difficile,Bon,1,7.4,7.22,6.6,Négatif,-1,Intérêt Modéré,0,1,Confirmé,0,6.28,Standard (6-10 min),2025
CONV00253,REP021,CLI0107,2025-11-10,11,November,Omevie Omega 3 – 1000,Concurrence,Standard,Excellent,2,9.3,9.21,8.8,Négatif,-1,Rendez-vous futur,1,1,Expert,1,5.85,Courte (3-6 min),2025
CONV00323,REP014,CLI0230,2025-11-10,11,November,Omevie Omega 3 – 1000,Demande Faible,Standard,Bon,1,6.6,6.58,6.4,Négatif,-1,Demande info,0,1,Confirmé,0,9.27,Standard (6-10 min),2025
CONV00016,REP022,CLI0167,2025-11-11,11,November,"Echinacée, Zinc, Vit.C",Demande Faible,Standard,Faible,0,3.4,3.2,2.2,Neutre,0,Pas intéressé,0,0,À améliorer,0,5.73,Courte (3-6 min),2025
CONV00324,REP017,CLI0170,2025-11-11,11,November,LV Vitamine A,Efficacité douteuse,Standard,Bon,1,6.3,6.12,5.2,Positif,1,Intérêt Modéré,0,1,Confirmé,1,6.78,Standard (6-10 min),2025
CONV00279,REP023,CLI0230,2025-11-11,11,November,"Echinacée, Zinc, Vit.C",Stock suffisant,Difficile,Faible,0,3.0,2.9,2.4,Neutre,0,Objections non résolues,0,0,À améliorer,0,5.9,Courte (3-6 min),2025
CONV00167,REP005,CLI0195,2025-11-12,11,November,"Echinacée, Zinc, Vit.C",Effets Secondaires,Standard,Bon,1,6.3,6.2,5.5,Neutre,0,Intérêt Modéré,0,1,Confirmé,0,6.38,Standard (6-10 min),2025
CONV00101,REP002,CLI0177,2025-11-12,11,November,Omevie Omega 3 – 1000,Posologie complexe,Difficile,Bon,1,6.9,6.62,5.2,Positif,1,Demande info,0,1,Confirmé,0,3.85,Courte (3-6 min),2025
CONV00382,REP019,CLI0146,2025-11-13,11,November,Vitonic Tonus,Demande Faible,Standard,Bon,1,6.1,6.0,5.5,Négatif,-1,Intérêt Modéré,0,1,Confirmé,0,8.88,Standard (6-10 min),2025
CONV00354,REP023,CLI0169,2025-11-13,11,November,LV CYSPROTECT,Effets Secondaires,Standard,Bon,1,6.2,5.99,5.0,Positif,1,À rappeler,0,0,Confirmé,0,8.1,Standard (6-10 min),2025
CONV00390,REP021,CLI0097,2025-11-13,11,November,"Echinacée, Zinc, Vit.C",Concurrence,Standard,Bon,1,6.8,6.64,5.8,Négatif,-1,Intérêt Modéré,0,1,Confirmé,0,7.0,Standard (6-10 min),2025
CONV00006,REP021,CLI0214,2025-11-13,11,November,LV CYSPROTECT,Demande Faible,Standard,Bon,1,6.6,6.66,6.9,Neutre,0,Demande info,0,1,Confirmé,0,3.38,Courte (3-6 min),2025
CONV00319,REP015,CLI0013,2025-11-14,11,November,LV Vitamine A,Stock suffisant,Difficile,Excellent,2,8.8,8.8,8.8,Neutre,0,Commande,1,1,Expert,1,8.0,Standard (6-10 min),2025
CONV00392,REP006,CLI0041,2025-11-14,11,November,Vitonic Tonus,Stock suffisant,Difficile,Bon,1,6.4,6.47,6.6,Neutre,0,Demande info,0,1,Confirmé,0,7.13,Standard (6-10 min),2025
CONV00223,REP016,CLI0059,2025-11-15,11,November,LV CYSPROTECT,Demande Faible,Standard,Faible,0,4.4,4.38,4.0,Négatif,-1,Pas intéressé,0,0,À améliorer,0,6.72,Standard (6-10 min),2025
CONV00293,REP024,CLI0179,2025-11-15,11,November,OLIGOVIT Trio,Stock suffisant,Difficile,Bon,1,6.7,6.6,6.1,Neutre,0,Intérêt Modéré,0,1,Confirmé,0,9.78,Standard (6-10 min),2025
CONV00146,REP024,CLI0005,2025-11-15,11,November,Omevie Omega 3 – 1000,Effets Secondaires,Standard,Excellent,2,8.7,8.6,8.2,Positif,1,Rendez-vous futur,1,1,Expert,1,8.72,Standard (6-10 min),2025
CONV00282,REP004,CLI0138,2025-11-15,11,November,"Echinacée, Zinc, Vit.C",Effets Secondaires,Standard,Excellent,2,8.4,8.39,8.2,Positif,1,Commande,1,1,Expert,1,8.57,Standard (6-10 min),2025
CONV00032,REP022,CLI0027,2025-11-16,11,November,PHYTOFANE Lotion anti chute,Stock suffisant,Difficile,Bon,1,7.4,7.22,6.5,Neutre,0,Intérêt Modéré,0,1,Confirmé,0,8.65,Standard (6-10 min),2025
CONV00237,REP024,CLI0037,2025-11-17,11,November,LV Fersang junior,Efficacité douteuse,Standard,Bon,1,6.8,6.56,5.7,Positif,1,Intérêt Modéré,0,1,Confirmé,1,4.65,Courte (3-6 min),2025
CONV00004,REP012,CLI0217,2025-11-18,11,November,LV Fersang junior,Posologie complexe,Difficile,Excellent,2,8.4,8.38,8.2,Neutre,0,Intérêt Fort,1,1,Expert,1,7.15,Standard (6-10 min),2025
CONV00370,REP004,CLI0172,2025-11-18,11,November,LV Vitamine A,Marque inconnue,Difficile,Excellent,2,9.2,9.09,8.5,Négatif,-1,Commande,1,1,Expert,2,5.8,Courte (3-6 min),2025
CONV00396,REP024,CLI0176,2025-11-19,11,November,Vitonic Tonus,Demande Faible,Standard,Bon,1,6.5,6.36,5.8,Neutre,0,Intérêt Modéré,0,1,Confirmé,0,9.87,Standard (6-10 min),2025
CONV00147,REP012,CLI0140,2025-11-20,11,November,LV Vitamine A,Concurrence,Standard,Bon,1,7.4,7.3,7.0,Neutre,0,À rappeler,0,0,Confirmé,0,8.93,Standard (6-10 min),2025
CONV00051,REP015,CLI0084,2025-11-20,11,November,PHYTOFANE Lotion anti chute,Effets Secondaires,Standard,Faible,0,4.3,4.2,3.3,Positif,1,Pas intéressé,0,0,À améliorer,0,8.48,Standard (6-10 min),2025
CONV00173,REP012,CLI0204,2025-11-20,11,November,"Echinacée, Zinc, Vit.C",Efficacité douteuse,Standard,Faible,0,4.1,3.98,3.5,Neutre,0,Refus,0,0,À améliorer,0,6.75,Standard (6-10 min),2025
CONV00033,REP001,CLI0046,2025-11-21,11,November,"Echinacée, Zinc, Vit.C",Concurrence,Standard,Faible,0,5.1,5.01,4.4,Neutre,0,Objections non résolues,0,0,À améliorer,0,8.67,Standard (6-10 min),2025
CONV00131,REP021,CLI0166,2025-11-21,11,November,LV Vitamine A,Effets Secondaires,Standard,Bon,1,6.5,6.29,5.5,Neutre,0,Demande info,0,1,Confirmé,0,2.55,Très courte (<3 min),2025
CONV00174,REP005,CLI0183,2025-11-21,11,November,LV Vitamine A,Prix élevé,Standard,Bon,1,6.7,6.59,6.0,Positif,1,À rappeler,0,0,Confirmé,0,8.85,Standard (6-10 min),2025
CONV00038,REP003,CLI0171,2025-11-22,11,November,"Echinacée, Zinc, Vit.C",Effets Secondaires,Standard,Bon,1,6.9,6.67,5.6,Positif,1,À rappeler,0,0,Confirmé,0,7.32,Standard (6-10 min),2025
CONV00383,REP005,CLI0174,2025-11-22,11,November,OLIGOVIT Trio,Demande Faible,Standard,Bon,1,6.8,6.68,6.0,Neutre,0,Intérêt Modéré,0,1,Confirmé,0,9.48,Standard (6-10 min),2025
CONV00133,REP021,CLI0203,2025-11-22,11,November,"Echinacée, Zinc, Vit.C",Demande Faible,Standard,Excellent,2,9.8,9.82,10.0,Neutre,0,Rendez-vous futur,1,1,Expert,3,8.93,Standard (6-10 min),2025
CONV00374,REP001,CLI0118,2025-11-22,11,November,Vitonic Tonus,Efficacité douteuse,Standard,Excellent,2,8.9,9.0,9.1,Neutre,0,Rendez-vous futur,1,1,Expert,2,2.32,Très courte (<3 min),2025
CONV00295,REP023,CLI0046,2025-11-24,11,November,OLIGOVIT Trio,Concurrence,Standard,Excellent,2,9.5,9.52,9.5,Négatif,-1,Rendez-vous futur,1,1,Expert,1,2.5,Très courte (<3 min),2025
CONV00209,REP008,CLI0142,2025-11-24,11,November,"Echinacée, Zinc, Vit.C",Stock suffisant,Difficile,Excellent,2,8.9,8.89,8.6,Positif,1,Intérêt Fort,1,1,Expert,1,8.62,Standard (6-10 min),2025
CONV00141,REP008,CLI0008,2025-11-25,11,November,OLIGOVIT Trio,Efficacité douteuse,Standard,Excellent,2,8.8,8.7,8.3,Positif,1,Commande,1,1,Expert,2,9.93,Standard (6-10 min),2025
CONV00210,REP024,CLI0121,2025-11-25,11,November,LV Fersang junior,Marque inconnue,Difficile,Excellent,2,8.8,8.94,9.7,Neutre,0,Rendez-vous futur,1,1,Expert,2,9.8,Standard (6-10 min),2025
CONV00274,REP008,CLI0107,2025-11-25,11,November,OLIGOVIT Trio,Stock suffisant,Difficile,Faible,0,4.0,4.0,4.0,Neutre,0,Pas intéressé,0,0,À améliorer,0,4.3,Courte (3-6 min),2025
CONV00115,REP009,CLI0180,2025-11-27,11,November,Vitonic Tonus,Prix élevé,Standard,Bon,1,6.6,6.56,6.1,Neutre,0,À rappeler,0,0,Confirmé,0,9.85,Standard (6-10 min),2025
CONV00134,REP001,CLI0093,2025-11-27,11,November,OLIGOVIT Trio,Posologie complexe,Difficile,Faible,0,4.0,3.76,2.6,Neutre,0,Pas intéressé,0,0,À améliorer,0,3.53,Courte (3-6 min),2025
CONV00071,REP006,CLI0203,2025-11-28,11,November,LV Vitamine A,Efficacité douteuse,Standard,Bon,1,6.3,6.1,5.2,Positif,1,Demande info,0,1,Confirmé,1,7.07,Standard (6-10 min),2025
CONV00329,REP012,CLI0058,2025-11-28,11,November,PHYTOFANE Lotion anti chute,Efficacité douteuse,Standard,Bon,1,6.3,6.14,5.6,Positif,1,Intérêt Modéré,0,1,Confirmé,1,5.58,Courte (3-6 min),2025
CONV00243,REP004,CLI0062,2025-11-28,11,November,OLIGOVIT Trio,Concurrence,Standard,Excellent,2,9.1,9.01,8.8,Négatif,-1,Commande,1,1,Expert,1,2.98,Très courte (<3 min),2025
CONV00276,REP019,CLI0201,2025-11-29,11,November,Omevie Omega 3 – 1000,Stock suffisant,Difficile,Bon,1,6.7,6.59,6.0,Neutre,0,Intérêt Modéré,0,1,Confirmé,0,8.3,Standard (6-10 min),2025
CONV00162,REP017,CLI0040,2025-11-29,11,November,LV Fersang junior,Prix élevé,Standard,Excellent,2,9.4,9.48,9.9,Positif,1,Rendez-vous futur,1,1,Expert,2,3.4,Courte (3-6 min),2025
CONV00127,REP015,CLI0162,2025-11-29,11,November,LV CYSPROTECT,Efficacité douteuse,Standard,Excellent,2,8.6,8.59,8.6,Neutre,0,Intérêt Fort,1,1,Expert,2,8.78,Standard (6-10 min),2025
CONV00055,REP004,CLI0179,2025-11-29,11,November,PHYTOFANE Lotion anti chute,Efficacité douteuse,Standard,Bon,1,7.1,6.92,6.1,Positif,1,Intérêt Modéré,0,1,Confirmé,1,9.25,Standard (6-10 min),2025
CONV00081,REP001,CLI0073,2025-11-30,11,November,Omevie Omega 3 – 1000,Effets Secondaires,Standard,Bon,1,6.8,6.48,5.3,Positif,1,Demande info,0,1,Confirmé,0,9.13,Standard (6-10 min),2025
CONV00175,REP020,CLI0190,2025-11-30,11,November,"Echinacée, Zinc, Vit.C",Concurrence,Standard,Bon,1,7.1,6.94,6.4,Négatif,-1,À rappeler,0,0,Confirmé,0,7.05,Standard (6-10 min),2025
CONV00048,REP001,CLI0091,2025-11-30,11,November,LV CYSPROTECT,Posologie complexe,Difficile,Bon,1,7.2,7.0,6.1,Neutre,0,Demande info,0,1,Confirmé,0,8.42,Standard (6-10 min),2025
CONV00264,REP024,CLI0101,2025-12-01,12,December,PHYTOFANE Lotion anti chute,Stock suffisant,Difficile,Excellent,2,9.6,9.47,9.0,Neutre,0,Commande,1,1,Expert,1,7.5,Standard (6-10 min),2025
CONV00359,REP013,CLI0088,2025-12-01,12,December,Omevie Omega 3 – 1000,Stock suffisant,Difficile,Faible,0,4.3,4.4,4.7,Positif,1,Refus,0,0,À améliorer,0,5.85,Courte (3-6 min),2025
CONV00363,REP002,CLI0177,2025-12-01,12,December,Vitonic Tonus,Demande Faible,Standard,Bon,1,6.3,6.14,5.2,Neutre,0,Demande info,0,1,Confirmé,0,3.73,Courte (3-6 min),2025
CONV00232,REP015,CLI0205,2025-12-02,12,December,PHYTOFANE Lotion anti chute,Marque inconnue,Difficile,Bon,1,7.0,6.79,5.8,Neutre,0,À rappeler,0,0,Confirmé,0,9.08,Standard (6-10 min),2025
CONV00335,REP002,CLI0077,2025-12-02,12,December,LV Fersang junior,Concurrence,Standard,Bon,1,6.9,6.87,6.8,Négatif,-1,Intérêt Modéré,0,1,Confirmé,0,5.88,Courte (3-6 min),2025
CONV00144,REP023,CLI0037,2025-12-02,12,December,PHYTOFANE Lotion anti chute,Prix élevé,Standard,Excellent,2,8.7,8.68,8.4,Neutre,0,Rendez-vous futur,1,1,Expert,2,5.65,Courte (3-6 min),2025
CONV00046,REP015,CLI0020,2025-12-03,12,December,Omevie Omega 3 – 1000,Stock suffisant,Difficile,Excellent,2,8.7,8.62,8.3,Positif,1,Commande,1,1,Expert,1,4.0,Courte (3-6 min),2025
CONV00041,REP022,CLI0022,2025-12-04,12,December,Vitonic Tonus,Marque inconnue,Difficile,Bon,1,6.8,6.76,6.9,Négatif,-1,Intérêt Modéré,0,1,Confirmé,0,6.38,Standard (6-10 min),2025
CONV00065,REP001,CLI0147,2025-12-04,12,December,LV Fersang junior,Marque inconnue,Difficile,Bon,1,6.7,6.52,5.5,Neutre,0,À rappeler,0,0,Confirmé,0,6.0,Standard (6-10 min),2025
CONV00035,REP013,CLI0085,2025-12-05,12,December,PHYTOFANE Lotion anti chute,Prix élevé,Standard,Excellent,2,9.1,9.04,9.0,Positif,1,Rendez-vous futur,1,1,Expert,2,9.37,Standard (6-10 min),2025
CONV00332,REP001,CLI0116,2025-12-06,12,December,LV Vitamine A,Effets Secondaires,Standard,Bon,1,6.6,6.52,6.0,Neutre,0,Intérêt Modéré,0,1,Confirmé,0,3.78,Courte (3-6 min),2025
CONV00063,REP024,CLI0124,2025-12-06,12,December,PHYTOFANE Lotion anti chute,Stock suffisant,Difficile,Bon,1,7.2,7.18,7.0,Positif,1,Intérêt Modéré,0,1,Confirmé,0,8.17,Standard (6-10 min),2025
CONV00225,REP015,CLI0093,2025-12-07,12,December,Omevie Omega 3 – 1000,Prix élevé,Standard,Excellent,2,8.8,8.86,9.1,Neutre,0,Intérêt Fort,1,1,Expert,2,2.87,Très courte (<3 min),2025
CONV00095,REP017,CLI0129,2025-12-07,12,December,OLIGOVIT Trio,Concurrence,Standard,Excellent,2,9.9,9.88,9.9,Négatif,-1,Intérêt Fort,1,1,Expert,1,9.08,Standard (6-10 min),2025
CONV00251,REP010,CLI0147,2025-12-08,12,December,Omevie Omega 3 – 1000,Effets Secondaires,Standard,Bon,1,6.9,6.61,5.3,Neutre,0,À rappeler,0,0,Confirmé,0,9.32,Standard (6-10 min),2025
CONV00308,REP008,CLI0215,2025-12-08,12,December,Omevie Omega 3 – 1000,Marque inconnue,Difficile,Excellent,2,9.0,8.86,8.2,Négatif,-1,Intérêt Fort,1,1,Expert,2,6.8,Standard (6-10 min),2025
CONV00171,REP005,CLI0226,2025-12-09,12,December,"Echinacée, Zinc, Vit.C",Efficacité douteuse,Standard,Bon,1,6.0,5.82,5.1,Neutre,0,Demande info,0,1,Confirmé,1,8.2,Standard (6-10 min),2025
CONV00300,REP015,CLI0003,2025-12-09,12,December,OLIGOVIT Trio,Efficacité douteuse,Standard,Excellent,2,8.3,8.26,8.2,Neutre,0,Commande,1,1,Expert,2,3.78,Courte (3-6 min),2025
CONV00059,REP007,CLI0091,2025-12-10,12,December,LV CYSPROTECT,Concurrence,Standard,Excellent,2,9.4,9.34,9.1,Neutre,0,Rendez-vous futur,1,1,Expert,1,4.9,Courte (3-6 min),2025
CONV00062,REP009,CLI0079,2025-12-12,12,December,LV CYSPROTECT,Effets Secondaires,Standard,Excellent,2,8.6,8.65,9.1,Neutre,0,Rendez-vous futur,1,1,Expert,1,3.97,Courte (3-6 min),2025
CONV00029,REP017,CLI0126,2025-12-12,12,December,Omevie Omega 3 – 1000,Stock suffisant,Difficile,Faible,0,4.2,4.3,4.5,Neutre,0,Pas intéressé,0,0,À améliorer,0,9.72,Standard (6-10 min),2025
CONV00228,REP003,CLI0093,2025-12-12,12,December,LV CYSPROTECT,Demande Faible,Standard,Bon,1,6.7,6.56,5.9,Négatif,-1,Intérêt Modéré,0,1,Confirmé,0,4.1,Courte (3-6 min),2025
CONV00263,REP021,CLI0022,2025-12-13,12,December,Omevie Omega 3 – 1000,Stock suffisant,Difficile,Bon,1,7.0,6.94,6.9,Positif,1,Intérêt Modéré,0,1,Confirmé,0,6.72,Standard (6-10 min),2025
CONV00334,REP021,CLI0188,2025-12-13,12,December,LV Vitamine A,Prix élevé,Standard,Bon,1,6.3,6.18,5.8,Positif,1,Demande info,0,1,Confirmé,0,3.92,Courte (3-6 min),2025
CONV00044,REP002,CLI0143,2025-12-13,12,December,LV CYSPROTECT,Concurrence,Standard,Faible,0,4.6,4.52,4.0,Négatif,-1,Refus,0,0,À améliorer,0,9.82,Standard (6-10 min),2025
CONV00009,REP009,CLI0036,2025-12-13,12,December,Vitonic Tonus,Marque inconnue,Difficile,Bon,1,6.8,6.85,6.8,Négatif,-1,À rappeler,0,0,Confirmé,0,8.35,Standard (6-10 min),2025
CONV00217,REP015,CLI0145,2025-12-14,12,December,"Echinacée, Zinc, Vit.C",Effets Secondaires,Standard,Excellent,2,9.5,9.44,9.3,Neutre,0,Rendez-vous futur,1,1,Expert,1,7.93,Standard (6-10 min),2025
CONV00061,REP013,CLI0178,2025-12-14,12,December,PHYTOFANE Lotion anti chute,Demande Faible,Standard,Bon,1,6.5,6.37,5.7,Négatif,-1,Demande info,0,1,Confirmé,0,4.6,Courte (3-6 min),2025
CONV00027,REP003,CLI0226,2025-12-14,12,December,OLIGOVIT Trio,Concurrence,Standard,Excellent,2,8.9,8.82,8.6,Neutre,0,Rendez-vous futur,1,1,Expert,1,5.15,Courte (3-6 min),2025
CONV00001,REP024,CLI0071,2025-12-14,12,December,LV Vitamine A,Efficacité douteuse,Standard,Excellent,2,8.9,9.0,9.1,Positif,1,Rendez-vous futur,1,1,Expert,2,3.9,Courte (3-6 min),2025
CONV00278,REP007,CLI0136,2025-12-16,12,December,LV Fersang junior,Demande Faible,Standard,Bon,1,6.8,6.8,6.4,Neutre,0,Intérêt Modéré,0,1,Confirmé,0,5.57,Courte (3-6 min),2025
CONV00280,REP022,CLI0034,2025-12-16,12,December,"Echinacée, Zinc, Vit.C",Prix élevé,Standard,Excellent,2,9.2,9.26,9.4,Positif,1,Rendez-vous futur,1,1,Expert,2,4.48,Courte (3-6 min),2025
CONV00315,REP011,CLI0177,2025-12-16,12,December,"Echinacée, Zinc, Vit.C",Prix élevé,Standard,Bon,1,6.9,6.54,5.0,Positif,1,À rappeler,0,0,Confirmé,0,2.42,Très courte (<3 min),2025
CONV00021,REP003,CLI0193,2025-12-16,12,December,LV Vitamine A,Prix élevé,Standard,Bon,1,7.2,7.12,6.8,Positif,1,Intérêt Modéré,0,1,Confirmé,0,3.42,Courte (3-6 min),2025
CONV00277,REP014,CLI0007,2025-12-17,12,December,LV Vitamine A,Concurrence,Standard,Bon,1,7.5,7.37,6.9,Négatif,-1,Intérêt Modéré,0,1,Confirmé,0,6.62,Standard (6-10 min),2025
CONV00400,REP009,CLI0123,2025-12-17,12,December,Vitonic Tonus,Posologie complexe,Difficile,Faible,0,4.2,4.07,3.2,Neutre,0,Pas intéressé,0,0,À améliorer,0,9.75,Standard (6-10 min),2025
CONV00002,REP003,CLI0056,2025-12-17,12,December,LV Vitamine A,Prix élevé,Standard,Bon,1,7.0,6.88,6.4,Neutre,0,À rappeler,0,0,Confirmé,0,6.3,Standard (6-10 min),2025
CONV00219,REP017,CLI0011,2025-12-18,12,December,LV Fersang junior,Effets Secondaires,Standard,Faible,0,4.2,3.94,2.8,Positif,1,Pas intéressé,0,0,À améliorer,0,3.8,Courte (3-6 min),2025
CONV00184,REP022,CLI0136,2025-12-19,12,December,LV Vitamine A,Stock suffisant,Difficile,Excellent,2,8.6,8.66,8.9,Neutre,0,Rendez-vous futur,1,1,Expert,1,7.43,Standard (6-10 min),2025
CONV00205,REP008,CLI0218,2025-12-19,12,December,LV CYSPROTECT,Concurrence,Standard,Faible,0,3.3,3.16,2.2,Négatif,-1,Objections non résolues,0,0,À améliorer,0,4.55,Courte (3-6 min),2025
CONV00096,REP003,CLI0037,2025-12-19,12,December,LV CYSPROTECT,Efficacité douteuse,Standard,Bon,1,6.9,6.88,6.7,Positif,1,Demande info,0,1,Confirmé,1,9.33,Standard (6-10 min),2025
CONV00192,REP012,CLI0158,2025-12-20,12,December,Omevie Omega 3 – 1000,Efficacité douteuse,Standard,Faible,0,4.6,4.67,5.0,Positif,1,Objections non résolues,0,0,À améliorer,0,3.87,Courte (3-6 min),2025
CONV00327,REP024,CLI0183,2025-12-20,12,December,OLIGOVIT Trio,Stock suffisant,Difficile,Bon,1,7.2,7.08,6.3,Positif,1,Demande info,0,1,Confirmé,0,7.85,Standard (6-10 min),2025
CONV00202,REP008,CLI0139,2025-12-21,12,December,LV CYSPROTECT,Posologie complexe,Difficile,Faible,0,3.5,3.46,2.9,Positif,1,Refus,0,0,À améliorer,0,8.43,Standard (6-10 min),2025
CONV00255,REP007,CLI0110,2025-12-22,12,December,"Echinacée, Zinc, Vit.C",Efficacité douteuse,Standard,Excellent,2,9.2,9.18,9.2,Positif,1,Rendez-vous futur,1,1,Expert,2,6.22,Standard (6-10 min),2025
CONV00317,REP007,CLI0114,2025-12-22,12,December,LV Fersang junior,Posologie complexe,Difficile,Faible,0,5.0,4.96,4.6,Neutre,0,Pas intéressé,0,0,À améliorer,0,9.78,Standard (6-10 min),2025
CONV00385,REP025,CLI0152,2025-12-22,12,December,"Echinacée, Zinc, Vit.C",Prix élevé,Standard,Excellent,2,9.1,9.16,9.1,Neutre,0,Rendez-vous futur,1,1,Expert,2,9.73,Standard (6-10 min),2025
CONV00373,REP022,CLI0162,2025-12-22,12,December,PHYTOFANE Lotion anti chute,Efficacité douteuse,Standard,Bon,1,6.9,6.86,6.7,Positif,1,Demande info,0,1,Confirmé,1,9.37,Standard (6-10 min),2025
CONV00220,REP011,CLI0005,2025-12-23,12,December,Vitonic Tonus,Prix élevé,Standard,Excellent,2,9.7,9.74,9.9,Neutre,0,Intérêt Fort,1,1,Expert,2,7.0,Standard (6-10 min),2025
CONV00040,REP010,CLI0074,2025-12-23,12,December,LV Vitamine A,Posologie complexe,Difficile,Bon,1,6.6,6.44,5.9,Neutre,0,Demande info,0,1,Confirmé,0,5.67,Courte (3-6 min),2025
CONV00250,REP020,CLI0036,2025-12-24,12,December,Vitonic Tonus,Posologie complexe,Difficile,Excellent,2,8.5,8.5,8.6,Neutre,0,Rendez-vous futur,1,1,Expert,1,8.93,Standard (6-10 min),2025
CONV00206,REP008,CLI0066,2025-12-24,12,December,"Echinacée, Zinc, Vit.C",Concurrence,Standard,Bon,1,6.9,6.6,5.2,Neutre,0,Demande info,0,1,Confirmé,0,4.82,Courte (3-6 min),2025
CONV00353,REP017,CLI0144,2025-12-24,12,December,Omevie Omega 3 – 1000,Efficacité douteuse,Standard,Bon,1,6.6,6.28,5.1,Positif,1,Intérêt Modéré,0,1,Confirmé,1,7.58,Standard (6-10 min),2025
CONV00230,REP020,CLI0178,2025-12-25,12,December,OLIGOVIT Trio,Demande Faible,Standard,Bon,1,7.1,6.86,5.6,Négatif,-1,Demande info,0,1,Confirmé,0,6.08,Standard (6-10 min),2025
CONV00365,REP024,CLI0065,2025-12-25,12,December,LV Vitamine A,Prix élevé,Standard,Faible,0,4.2,3.9,2.7,Positif,1,Refus,0,0,À améliorer,0,7.28,Standard (6-10 min),2025
CONV00289,REP005,CLI0108,2025-12-25,12,December,"Echinacée, Zinc, Vit.C",Demande Faible,Standard,Faible,0,4.6,4.6,4.4,Négatif,-1,Pas intéressé,0,0,À améliorer,0,7.48,Standard (6-10 min),2025
CONV00194,REP018,CLI0130,2025-12-25,12,December,LV Vitamine A,Efficacité douteuse,Standard,Bon,1,6.6,6.54,5.9,Neutre,0,Demande info,0,1,Confirmé,1,6.88,Standard (6-10 min),2025
CONV00340,REP004,CLI0128,2025-12-26,12,December,LV Fersang junior,Demande Faible,Standard,Excellent,2,8.6,8.6,8.4,Négatif,-1,Rendez-vous futur,1,1,Expert,3,7.18,Standard (6-10 min),2025
CONV00180,REP020,CLI0124,2025-12-27,12,December,Omevie Omega 3 – 1000,Effets Secondaires,Standard,Excellent,2,9.5,9.62,10.0,Neutre,0,Intérêt Fort,1,1,Expert,1,4.1,Courte (3-6 min),2025
CONV00330,REP016,CLI0228,2025-12-27,12,December,LV Fersang junior,Prix élevé,Standard,Excellent,2,9.1,9.04,8.8,Neutre,0,Commande,1,1,Expert,2,6.27,Standard (6-10 min),2025
CONV00311,REP006,CLI0055,2025-12-27,12,December,Vitonic Tonus,Marque inconnue,Difficile,Excellent,2,8.7,8.65,8.4,Neutre,0,Rendez-vous futur,1,1,Expert,2,3.07,Courte (3-6 min),2025
CONV00124,REP017,CLI0131,2025-12-27,12,December,LV Fersang junior,Efficacité douteuse,Standard,Bon,1,7.0,6.88,6.3,Neutre,0,Intérêt Modéré,0,1,Confirmé,1,9.72,Standard (6-10 min),2025
CONV00304,REP011,CLI0053,2025-12-28,12,December,LV Fersang junior,Prix élevé,Standard,Bon,1,6.8,6.57,5.5,Positif,1,À rappeler,0,0,Confirmé,0,5.48,Courte (3-6 min),2025
CONV00102,REP013,CLI0071,2025-12-28,12,December,LV Vitamine A,Effets Secondaires,Standard,Faible,0,3.8,3.54,2.6,Neutre,0,Refus,0,0,À améliorer,0,3.03,Courte (3-6 min),2025
CONV00186,REP006,CLI0107,2025-12-31,12,December,LV Vitamine A,Stock suffisant,Difficile,Faible,0,4.6,4.34,3.5,Positif,1,Refus,0,0,À améliorer,0,9.97,Standard (6-10 min),2025
CONV00366,REP010,CLI0115,2025-12-31,12,December,PHYTOFANE Lotion anti chute,Stock suffisant,Difficile,Excellent,2,9.2,9.02,8.2,Positif,1,Commande,1,1,Expert,1,7.82,Standard (6-10 min),2025
CONV00343,REP004,CLI0209,2026-01-01,1,January,LV Vitamine A,Marque inconnue,Difficile,Excellent,2,8.9,8.9,8.6,Neutre,0,Rendez-vous futur,1,1,Expert,2,9.45,Standard (6-10 min),2026
CONV00125,REP009,CLI0051,2026-01-01,1,January,Vitonic Tonus,Efficacité douteuse,Standard,Excellent,2,9.2,9.29,9.9,Positif,1,Rendez-vous futur,1,1,Expert,2,7.13,Standard (6-10 min),2026
CONV00306,REP001,CLI0053,2026-01-02,1,January,LV Fersang junior,Stock suffisant,Difficile,Excellent,2,8.8,8.83,8.6,Positif,1,Intérêt Fort,1,1,Expert,1,7.43,Standard (6-10 min),2026
CONV00227,REP022,CLI0098,2026-01-02,1,January,Vitonic Tonus,Stock suffisant,Difficile,Excellent,2,8.4,8.35,8.3,Positif,1,Intérêt Fort,1,1,Expert,1,3.18,Courte (3-6 min),2026
CONV00336,REP025,CLI0049,2026-01-03,1,January,OLIGOVIT Trio,Marque inconnue,Difficile,Faible,0,4.0,4.05,4.2,Neutre,0,Pas intéressé,0,0,À améliorer,0,9.73,Standard (6-10 min),2026
CONV00355,REP002,CLI0230,2026-01-03,1,January,LV Fersang junior,Effets Secondaires,Standard,Excellent,2,9.0,8.86,8.2,Neutre,0,Rendez-vous futur,1,1,Expert,1,6.2,Standard (6-10 min),2026
CONV00301,REP024,CLI0108,2026-01-03,1,January,LV CYSPROTECT,Posologie complexe,Difficile,Bon,1,6.8,6.57,5.8,Neutre,0,À rappeler,0,0,Confirmé,0,9.53,Standard (6-10 min),2026
CONV00321,REP013,CLI0013,2026-01-04,1,January,LV Vitamine A,Demande Faible,Standard,Bon,1,7.3,7.12,6.3,Neutre,0,Demande info,0,1,Confirmé,0,9.28,Standard (6-10 min),2026
CONV00013,REP005,CLI0096,2026-01-04,1,January,PHYTOFANE Lotion anti chute,Demande Faible,Standard,Faible,0,5.1,4.9,3.8,Neutre,0,Objections non résolues,0,0,À améliorer,0,6.6,Standard (6-10 min),2026
CONV00270,REP023,CLI0003,2026-01-04,1,January,Vitonic Tonus,Prix élevé,Standard,Faible,0,4.7,4.63,4.2,Positif,1,Pas intéressé,0,0,À améliorer,0,6.23,Standard (6-10 min),2026
CONV00030,REP021,CLI0068,2026-01-04,1,January,Vitonic Tonus,Effets Secondaires,Standard,Bon,1,6.6,6.32,5.2,Neutre,0,Demande info,0,1,Confirmé,0,8.32,Standard (6-10 min),2026
CONV00045,REP018,CLI0115,2026-01-05,1,January,"Echinacée, Zinc, Vit.C",Marque inconnue,Difficile,Faible,0,4.7,4.72,4.5,Négatif,-1,Objections non résolues,0,0,À améliorer,0,8.33,Standard (6-10 min),2026
CONV00350,REP001,CLI0165,2026-01-05,1,January,LV Vitamine A,Concurrence,Standard,Faible,0,4.5,4.07,2.2,Négatif,-1,Objections non résolues,0,0,À améliorer,0,6.3,Standard (6-10 min),2026
CONV00012,REP010,CLI0112,2026-01-05,1,January,LV Fersang junior,Effets Secondaires,Standard,Excellent,2,9.6,9.62,9.9,Neutre,0,Commande,1,1,Expert,1,5.87,Courte (3-6 min),2026
CONV00003,REP001,CLI0195,2026-01-05,1,January,Omevie Omega 3 – 1000,Marque inconnue,Difficile,Bon,1,6.5,6.5,6.5,Neutre,0,Intérêt Modéré,0,1,Confirmé,0,7.95,Standard (6-10 min),2026
CONV00158,REP010,CLI0218,2026-01-05,1,January,Omevie Omega 3 – 1000,Efficacité douteuse,Standard,Bon,1,6.5,6.3,5.7,Neutre,0,Intérêt Modéré,0,1,Confirmé,1,8.07,Standard (6-10 min),2026
CONV00079,REP004,CLI0166,2026-01-06,1,January,LV CYSPROTECT,Efficacité douteuse,Standard,Faible,0,4.1,3.94,3.2,Positif,1,Objections non résolues,0,0,À améliorer,0,6.25,Standard (6-10 min),2026
CONV00200,REP015,CLI0089,2026-01-06,1,January,PHYTOFANE Lotion anti chute,Stock suffisant,Difficile,Excellent,2,9.1,8.94,8.1,Positif,1,Rendez-vous futur,1,1,Expert,1,4.35,Courte (3-6 min),2026
CONV00224,REP003,CLI0069,2026-01-06,1,January,LV Fersang junior,Stock suffisant,Difficile,Bon,1,6.8,6.6,5.6,Neutre,0,Intérêt Modéré,0,1,Confirmé,0,5.23,Courte (3-6 min),2026
CONV00233,REP009,CLI0169,2026-01-06,1,January,PHYTOFANE Lotion anti chute,Demande Faible,Standard,Bon,1,6.6,6.56,6.2,Négatif,-1,Demande info,0,1,Confirmé,0,8.1,Standard (6-10 min),2026
CONV00214,REP003,CLI0182,2026-01-07,1,January,PHYTOFANE Lotion anti chute,Concurrence,Standard,Excellent,2,8.8,8.84,9.3,Négatif,-1,Rendez-vous futur,1,1,Expert,1,2.07,Très courte (<3 min),2026
CONV00216,REP004,CLI0135,2026-01-07,1,January,LV Fersang junior,Concurrence,Standard,Excellent,2,9.1,8.98,8.5,Neutre,0,Intérêt Fort,1,1,Expert,1,4.05,Courte (3-6 min),2026
CONV00182,REP025,CLI0206,2026-01-08,1,January,OLIGOVIT Trio,Posologie complexe,Difficile,Excellent,2,9.3,9.34,9.8,Positif,1,Rendez-vous futur,1,1,Expert,1,4.47,Courte (3-6 min),2026
CONV00031,REP019,CLI0142,2026-01-08,1,January,OLIGOVIT Trio,Prix élevé,Standard,Excellent,2,9.3,9.41,9.6,Positif,1,Commande,1,1,Expert,2,5.67,Courte (3-6 min),2026
CONV00043,REP013,CLI0063,2026-01-08,1,January,LV CYSPROTECT,Posologie complexe,Difficile,Bon,1,7.4,7.32,6.8,Neutre,0,À rappeler,0,0,Confirmé,0,7.58,Standard (6-10 min),2026
CONV00313,REP014,CLI0039,2026-01-08,1,January,LV Fersang junior,Posologie complexe,Difficile,Bon,1,7.4,7.3,6.8,Neutre,0,Demande info,0,1,Confirmé,0,6.83,Standard (6-10 min),2026
CONV00104,REP009,CLI0220,2026-01-08,1,January,LV Vitamine A,Concurrence,Standard,Bon,1,6.8,6.78,6.7,Neutre,0,Intérêt Modéré,0,1,Confirmé,0,3.1,Courte (3-6 min),2026
CONV00132,REP019,CLI0170,2026-01-09,1,January,LV Fersang junior,Effets Secondaires,Standard,Bon,1,7.0,6.8,5.8,Neutre,0,Demande info,0,1,Confirmé,0,9.82,Standard (6-10 min),2026
CONV00203,REP010,CLI0225,2026-01-09,1,January,PHYTOFANE Lotion anti chute,Effets Secondaires,Standard,Bon,1,6.5,6.42,6.1,Neutre,0,Demande info,0,1,Confirmé,0,7.63,Standard (6-10 min),2026
CONV00089,REP016,CLI0150,2026-01-09,1,January,PHYTOFANE Lotion anti chute,Posologie complexe,Difficile,Bon,1,6.0,5.82,5.0,Positif,1,À rappeler,0,0,Confirmé,0,3.97,Courte (3-6 min),2026
CONV00344,REP001,CLI0219,2026-01-10,1,January,LV Vitamine A,Efficacité douteuse,Standard,Bon,1,7.1,7.12,6.9,Négatif,-1,À rappeler,0,0,Confirmé,1,7.65,Standard (6-10 min),2026
CONV00387,REP025,CLI0132,2026-01-10,1,January,Vitonic Tonus,Stock suffisant,Difficile,Excellent,2,9.3,9.37,9.7,Positif,1,Commande,1,1,Expert,1,5.8,Courte (3-6 min),2026
CONV00020,REP018,CLI0115,2026-01-10,1,January,PHYTOFANE Lotion anti chute,Stock suffisant,Difficile,Excellent,2,8.9,8.82,8.2,Neutre,0,Rendez-vous futur,1,1,Expert,1,5.6,Courte (3-6 min),2026
CONV00252,REP023,CLI0222,2026-01-12,1,January,Vitonic Tonus,Demande Faible,Standard,Excellent,2,8.9,9.06,9.7,Négatif,-1,Intérêt Fort,1,1,Expert,3,4.12,Courte (3-6 min),2026
CONV00358,REP024,CLI0209,2026-01-13,1,January,Vitonic Tonus,Concurrence,Standard,Bon,1,7.0,6.84,6.0,Négatif,-1,À rappeler,0,0,Confirmé,0,2.88,Très courte (<3 min),2026
CONV00286,REP021,CLI0114,2026-01-13,1,January,PHYTOFANE Lotion anti chute,Efficacité douteuse,Standard,Faible,0,3.9,3.52,2.1,Neutre,0,Objections non résolues,0,0,À améliorer,0,2.78,Très courte (<3 min),2026
CONV00143,REP008,CLI0078,2026-01-14,1,January,Omevie Omega 3 – 1000,Efficacité douteuse,Standard,Excellent,2,8.9,8.73,8.1,Négatif,-1,Intérêt Fort,1,1,Expert,2,2.4,Très courte (<3 min),2026
CONV00352,REP015,CLI0081,2026-01-15,1,January,LV CYSPROTECT,Efficacité douteuse,Standard,Bon,1,6.0,5.84,5.1,Neutre,0,Demande info,0,1,Confirmé,1,6.23,Standard (6-10 min),2026
CONV00271,REP024,CLI0227,2026-01-15,1,January,Omevie Omega 3 – 1000,Concurrence,Standard,Faible,0,4.0,3.91,3.6,Neutre,0,Objections non résolues,0,0,À améliorer,0,8.57,Standard (6-10 min),2026
CONV00345,REP011,CLI0047,2026-01-16,1,January,OLIGOVIT Trio,Efficacité douteuse,Standard,Bon,1,7.0,6.92,6.4,Positif,1,À rappeler,0,0,Confirmé,1,5.42,Courte (3-6 min),2026
CONV00338,REP002,CLI0177,2026-01-16,1,January,LV Vitamine A,Efficacité douteuse,Standard,Bon,1,6.4,6.38,6.4,Négatif,-1,Intérêt Modéré,0,1,Confirmé,1,5.55,Courte (3-6 min),2026
CONV00118,REP025,CLI0132,2026-01-16,1,January,PHYTOFANE Lotion anti chute,Demande Faible,Standard,Bon,1,6.7,6.57,6.0,Négatif,-1,Demande info,0,1,Confirmé,0,4.93,Courte (3-6 min),2026
CONV00269,REP003,CLI0112,2026-01-16,1,January,PHYTOFANE Lotion anti chute,Prix élevé,Standard,Bon,1,6.6,6.55,6.3,Neutre,0,Intérêt Modéré,0,1,Confirmé,0,5.87,Courte (3-6 min),2026
CONV00028,REP005,CLI0068,2026-01-16,1,January,LV Fersang junior,Demande Faible,Standard,Excellent,2,8.9,8.96,9.2,Négatif,-1,Rendez-vous futur,1,1,Expert,3,9.58,Standard (6-10 min),2026
CONV00176,REP011,CLI0173,2026-01-17,1,January,OLIGOVIT Trio,Prix élevé,Standard,Bon,1,7.2,7.03,6.4,Positif,1,Intérêt Modéré,0,1,Confirmé,0,5.55,Courte (3-6 min),2026
CONV00188,REP009,CLI0050,2026-01-17,1,January,LV CYSPROTECT,Concurrence,Standard,Excellent,2,8.6,8.56,8.4,Négatif,-1,Rendez-vous futur,1,1,Expert,1,4.82,Courte (3-6 min),2026
CONV00376,REP012,CLI0129,2026-01-18,1,January,LV Fersang junior,Prix élevé,Standard,Bon,1,6.4,6.44,6.5,Positif,1,À rappeler,0,0,Confirmé,0,4.47,Courte (3-6 min),2026
CONV00106,REP017,CLI0152,2026-01-18,1,January,OLIGOVIT Trio,Marque inconnue,Difficile,Bon,1,6.9,6.78,6.6,Négatif,-1,Demande info,0,1,Confirmé,0,5.85,Courte (3-6 min),2026
CONV00139,REP012,CLI0142,2026-01-19,1,January,LV CYSPROTECT,Prix élevé,Standard,Faible,0,4.6,4.5,4.3,Positif,1,Objections non résolues,0,0,À améliorer,0,8.07,Standard (6-10 min),2026
CONV00299,REP021,CLI0145,2026-01-19,1,January,PHYTOFANE Lotion anti chute,Effets Secondaires,Standard,Bon,1,6.2,6.1,5.7,Neutre,0,À rappeler,0,0,Confirmé,0,9.98,Standard (6-10 min),2026
CONV00262,REP007,CLI0023,2026-01-20,1,January,LV CYSPROTECT,Posologie complexe,Difficile,Bon,1,7.0,6.94,6.9,Neutre,0,À rappeler,0,0,Confirmé,0,3.18,Courte (3-6 min),2026
CONV00339,REP014,CLI0170,2026-01-20,1,January,Omevie Omega 3 – 1000,Prix élevé,Standard,Bon,1,6.8,6.63,5.8,Neutre,0,Intérêt Modéré,0,1,Confirmé,0,7.65,Standard (6-10 min),2026
CONV00201,REP007,CLI0018,2026-01-20,1,January,PHYTOFANE Lotion anti chute,Prix élevé,Standard,Excellent,2,8.9,8.76,8.1,Neutre,0,Rendez-vous futur,1,1,Expert,2,7.07,Standard (6-10 min),2026
CONV00316,REP023,CLI0176,2026-01-20,1,January,LV CYSPROTECT,Demande Faible,Standard,Excellent,2,9.2,9.28,9.5,Négatif,-1,Intérêt Fort,1,1,Expert,3,9.4,Standard (6-10 min),2026
CONV00068,REP020,CLI0190,2026-01-20,1,January,LV Vitamine A,Demande Faible,Standard,Excellent,2,8.7,8.62,8.3,Neutre,0,Commande,1,1,Expert,3,8.5,Standard (6-10 min),2026
CONV00110,REP013,CLI0107,2026-01-21,1,January,LV CYSPROTECT,Effets Secondaires,Standard,Bon,1,6.4,6.22,5.3,Neutre,0,À rappeler,0,0,Confirmé,0,4.67,Courte (3-6 min),2026
CONV00111,REP003,CLI0111,2026-01-21,1,January,LV Fersang junior,Efficacité douteuse,Standard,Bon,1,7.0,6.82,6.2,Négatif,-1,Demande info,0,1,Confirmé,1,8.35,Standard (6-10 min),2026
CONV00397,REP005,CLI0156,2026-01-21,1,January,"Echinacée, Zinc, Vit.C",Stock suffisant,Difficile,Bon,1,6.6,6.6,6.6,Neutre,0,Demande info,0,1,Confirmé,0,3.5,Courte (3-6 min),2026
CONV00226,REP012,CLI0142,2026-01-22,1,January,LV Fersang junior,Prix élevé,Standard,Bon,1,6.3,6.21,5.6,Neutre,0,À rappeler,0,0,Confirmé,0,7.08,Standard (6-10 min),2026
CONV00283,REP011,CLI0038,2026-01-22,1,January,PHYTOFANE Lotion anti chute,Prix élevé,Standard,Excellent,2,9.0,9.1,9.4,Neutre,0,Intérêt Fort,1,1,Expert,2,8.07,Standard (6-10 min),2026
CONV00010,REP017,CLI0127,2026-01-22,1,January,Vitonic Tonus,Stock suffisant,Difficile,Excellent,2,9.0,9.16,9.6,Neutre,0,Intérêt Fort,1,1,Expert,1,8.43,Standard (6-10 min),2026
CONV00249,REP009,CLI0090,2026-01-23,1,January,LV CYSPROTECT,Prix élevé,Standard,Faible,0,3.8,3.64,2.6,Positif,1,Refus,0,0,À améliorer,0,5.73,Courte (3-6 min),2026
CONV00267,REP023,CLI0103,2026-01-24,1,January,"Echinacée, Zinc, Vit.C",Posologie complexe,Difficile,Bon,1,6.5,6.3,5.6,Neutre,0,Demande info,0,1,Confirmé,0,7.45,Standard (6-10 min),2026
CONV00198,REP013,CLI0097,2026-01-25,1,January,LV CYSPROTECT,Posologie complexe,Difficile,Faible,0,4.5,4.49,4.6,Neutre,0,Pas intéressé,0,0,À améliorer,0,7.82,Standard (6-10 min),2026
CONV00085,REP021,CLI0040,2026-01-26,1,January,"Echinacée, Zinc, Vit.C",Concurrence,Standard,Bon,1,6.5,6.4,5.8,Négatif,-1,Intérêt Modéré,0,1,Confirmé,0,6.0,Standard (6-10 min),2026
CONV00222,REP014,CLI0060,2026-01-26,1,January,LV Fersang junior,Prix élevé,Standard,Bon,1,7.1,7.06,6.9,Neutre,0,À rappeler,0,0,Confirmé,0,4.9,Courte (3-6 min),2026
CONV00281,REP009,CLI0060,2026-01-26,1,January,LV CYSPROTECT,Effets Secondaires,Standard,Excellent,2,8.6,8.52,8.2,Positif,1,Intérêt Fort,1,1,Expert,1,3.72,Courte (3-6 min),2026
CONV00157,REP005,CLI0219,2026-01-27,1,January,LV Fersang junior,Stock suffisant,Difficile,Excellent,2,9.7,9.67,9.6,Positif,1,Intérêt Fort,1,1,Expert,1,5.85,Courte (3-6 min),2026
CONV00026,REP015,CLI0081,2026-01-27,1,January,Omevie Omega 3 – 1000,Concurrence,Standard,Bon,1,7.0,6.7,5.1,Négatif,-1,Intérêt Modéré,0,1,Confirmé,0,2.07,Très courte (<3 min),2026
CONV00005,REP019,CLI0050,2026-01-28,1,January,OLIGOVIT Trio,Demande Faible,Standard,Bon,1,7.4,7.29,6.7,Négatif,-1,Intérêt Modéré,0,1,Confirmé,0,2.38,Très courte (<3 min),2026
CONV00266,REP001,CLI0151,2026-01-28,1,January,LV Fersang junior,Marque inconnue,Difficile,Excellent,2,8.6,8.78,9.6,Négatif,-1,Rendez-vous futur,1,1,Expert,2,2.12,Très courte (<3 min),2026
CONV00312,REP024,CLI0207,2026-01-28,1,January,OLIGOVIT Trio,Demande Faible,Standard,Bon,1,6.4,6.23,5.6,Neutre,0,À rappeler,0,0,Confirmé,0,2.73,Très courte (<3 min),2026
CONV00348,REP015,CLI0012,2026-01-29,1,January,"Echinacée, Zinc, Vit.C",Efficacité douteuse,Standard,Bon,1,6.6,6.51,6.0,Négatif,-1,Demande info,0,1,Confirmé,1,4.22,Courte (3-6 min),2026
CONV00008,REP013,CLI0069,2026-01-29,1,January,OLIGOVIT Trio,Prix élevé,Standard,Faible,0,4.2,3.9,2.6,Positif,1,Objections non résolues,0,0,À améliorer,0,3.8,Courte (3-6 min),2026
CONV00213,REP018,CLI0165,2026-01-30,1,January,Vitonic Tonus,Marque inconnue,Difficile,Excellent,2,9.6,9.58,9.3,Négatif,-1,Commande,1,1,Expert,2,6.47,Standard (6-10 min),2026
CONV00346,REP005,CLI0179,2026-01-30,1,January,LV Fersang junior,Concurrence,Standard,Excellent,2,9.2,9.28,9.6,Négatif,-1,Rendez-vous futur,1,1,Expert,1,9.2,Standard (6-10 min),2026
CONV00191,REP023,CLI0061,2026-01-30,1,January,OLIGOVIT Trio,Demande Faible,Standard,Excellent,2,8.8,8.84,9.0,Négatif,-1,Rendez-vous futur,1,1,Expert,3,7.68,Standard (6-10 min),2026
CONV00166,REP003,CLI0177,2026-01-30,1,January,LV CYSPROTECT,Demande Faible,Standard,Bon,1,6.5,6.46,6.2,Négatif,-1,À rappeler,0,0,Confirmé,0,3.33,Courte (3-6 min),2026
CONV00394,REP019,CLI0038,2026-01-31,1,January,LV Vitamine A,Concurrence,Standard,Excellent,2,9.2,9.21,9.2,Neutre,0,Rendez-vous futur,1,1,Expert,1,3.42,Courte (3-6 min),2026
CONV00195,REP017,CLI0115,2026-01-31,1,January,LV Fersang junior,Marque inconnue,Difficile,Excellent,2,9.0,9.02,9.1,Négatif,-1,Rendez-vous futur,1,1,Expert,2,5.87,Courte (3-6 min),2026
CONV00272,REP017,CLI0093,2026-01-31,1,January,LV CYSPROTECT,Marque inconnue,Difficile,Faible,0,3.8,3.86,4.3,Neutre,0,Refus,0,0,À améliorer,0,6.25,Standard (6-10 min),2026
CONV00014,REP010,CLI0062,2026-01-31,1,January,OLIGOVIT Trio,Efficacité douteuse,Standard,Faible,0,4.2,4.01,3.5,Négatif,-1,Pas intéressé,0,0,À améliorer,0,4.05,Courte (3-6 min),2026
CONV00023,REP010,CLI0056,2026-01-31,1,January,PHYTOFANE Lotion anti chute,Concurrence,Standard,Bon,1,5.9,5.8,5.1,Neutre,0,À rappeler,0,0,Confirmé,0,6.93,Standard (6-10 min),2026
CONV00119,REP013,CLI0154,2026-01-31,1,January,PHYTOFANE Lotion anti chute,Prix élevé,Standard,Excellent,2,9.6,9.6,9.5,Positif,1,Intérêt Fort,1,1,Expert,2,2.05,Très courte (<3 min),2026
CONV00245,REP015,CLI0159,2026-02-01,2,February,OLIGOVIT Trio,Concurrence,Standard,Bon,1,6.3,6.36,6.6,Négatif,-1,Demande info,0,1,Confirmé,0,9.38,Standard (6-10 min),2026
CONV00019,REP014,CLI0120,2026-02-01,2,February,"Echinacée, Zinc, Vit.C",Effets Secondaires,Standard,Bon,1,6.6,6.58,6.5,Neutre,0,Intérêt Modéré,0,1,Confirmé,0,7.73,Standard (6-10 min),2026
CONV00170,REP019,CLI0091,2026-02-02,2,February,PHYTOFANE Lotion anti chute,Stock suffisant,Difficile,Excellent,2,9.4,9.4,9.3,Neutre,0,Intérêt Fort,1,1,Expert,1,2.42,Très courte (<3 min),2026
CONV00042,REP005,CLI0007,2026-02-03,2,February,PHYTOFANE Lotion anti chute,Stock suffisant,Difficile,Faible,0,4.5,4.32,3.4,Neutre,0,Refus,0,0,À améliorer,0,4.08,Courte (3-6 min),2026
CONV00238,REP003,CLI0077,2026-02-03,2,February,OLIGOVIT Trio,Marque inconnue,Difficile,Bon,1,6.0,5.85,5.2,Neutre,0,Intérêt Modéré,0,1,Confirmé,0,8.9,Standard (6-10 min),2026
CONV00099,REP004,CLI0036,2026-02-03,2,February,"Echinacée, Zinc, Vit.C",Demande Faible,Standard,Bon,1,6.7,6.67,6.8,Négatif,-1,Intérêt Modéré,0,1,Confirmé,0,2.32,Très courte (<3 min),2026
CONV00294,REP006,CLI0126,2026-02-05,2,February,Omevie Omega 3 – 1000,Marque inconnue,Difficile,Excellent,2,8.7,8.75,9.0,Neutre,0,Intérêt Fort,1,1,Expert,2,2.77,Très courte (<3 min),2026
CONV00310,REP013,CLI0219,2026-02-06,2,February,LV Fersang junior,Demande Faible,Standard,Bon,1,7.0,7.03,7.0,Neutre,0,Intérêt Modéré,0,1,Confirmé,0,6.28,Standard (6-10 min),2026
CONV00302,REP003,CLI0205,2026-02-06,2,February,LV CYSPROTECT,Concurrence,Standard,Excellent,2,8.5,8.5,8.7,Neutre,0,Intérêt Fort,1,1,Expert,1,4.5,Courte (3-6 min),2026
CONV00165,REP020,CLI0164,2026-02-07,2,February,"Echinacée, Zinc, Vit.C",Stock suffisant,Difficile,Faible,0,4.1,3.92,2.9,Positif,1,Pas intéressé,0,0,À améliorer,0,6.23,Standard (6-10 min),2026
CONV00054,REP004,CLI0149,2026-02-08,2,February,Omevie Omega 3 – 1000,Concurrence,Standard,Bon,1,7.0,6.83,5.8,Neutre,0,Demande info,0,1,Confirmé,0,9.92,Standard (6-10 min),2026
CONV00326,REP022,CLI0036,2026-02-08,2,February,OLIGOVIT Trio,Posologie complexe,Difficile,Bon,1,6.7,6.6,5.8,Neutre,0,Demande info,0,1,Confirmé,0,7.58,Standard (6-10 min),2026
CONV00362,REP017,CLI0028,2026-02-08,2,February,LV Vitamine A,Posologie complexe,Difficile,Excellent,2,9.1,9.12,9.5,Positif,1,Commande,1,1,Expert,1,5.25,Courte (3-6 min),2026
CONV00122,REP004,CLI0104,2026-02-09,2,February,Omevie Omega 3 – 1000,Posologie complexe,Difficile,Excellent,2,9.4,9.38,9.4,Neutre,0,Intérêt Fort,1,1,Expert,1,4.77,Courte (3-6 min),2026
CONV00105,REP019,CLI0083,2026-02-10,2,February,PHYTOFANE Lotion anti chute,Effets Secondaires,Standard,Excellent,2,8.4,8.4,8.2,Positif,1,Commande,1,1,Expert,1,3.48,Courte (3-6 min),2026
CONV00208,REP011,CLI0078,2026-02-11,2,February,PHYTOFANE Lotion anti chute,Marque inconnue,Difficile,Faible,0,4.8,4.74,5.0,Neutre,0,Objections non résolues,0,0,À améliorer,0,3.8,Courte (3-6 min),2026
CONV00273,REP002,CLI0220,2026-02-11,2,February,LV Vitamine A,Stock suffisant,Difficile,Excellent,2,9.0,8.9,8.4,Positif,1,Commande,1,1,Expert,1,4.08,Courte (3-6 min),2026
CONV00064,REP006,CLI0078,2026-02-11,2,February,OLIGOVIT Trio,Stock suffisant,Difficile,Bon,1,6.8,6.74,6.1,Neutre,0,Demande info,0,1,Confirmé,0,8.03,Standard (6-10 min),2026
CONV00265,REP017,CLI0228,2026-02-11,2,February,LV Fersang junior,Marque inconnue,Difficile,Faible,0,4.2,4.2,3.7,Neutre,0,Objections non résolues,0,0,À améliorer,0,5.07,Courte (3-6 min),2026
CONV00190,REP011,CLI0064,2026-02-13,2,February,LV CYSPROTECT,Concurrence,Standard,Bon,1,6.4,6.24,5.7,Neutre,0,Demande info,0,1,Confirmé,0,4.22,Courte (3-6 min),2026
CONV00298,REP005,CLI0046,2026-02-14,2,February,Omevie Omega 3 – 1000,Demande Faible,Standard,Faible,0,5.0,5.06,4.9,Neutre,0,Pas intéressé,0,0,À améliorer,0,7.98,Standard (6-10 min),2026
CONV00199,REP024,CLI0058,2026-02-14,2,February,Vitonic Tonus,Posologie complexe,Difficile,Excellent,2,9.0,9.04,9.1,Positif,1,Rendez-vous futur,1,1,Expert,1,8.45,Standard (6-10 min),2026
CONV00196,REP009,CLI0210,2026-02-14,2,February,"Echinacée, Zinc, Vit.C",Prix élevé,Standard,Excellent,2,8.8,8.9,9.4,Neutre,0,Rendez-vous futur,1,1,Expert,2,8.35,Standard (6-10 min),2026
