venue_id,venue_name,venue_address,latitude,longitude,forecast_available,day_int,day_text,day_mean,day_max,hour_0,hour_1,hour_2,hour_3,hour_4,hour_5,hour_6,hour_7,hour_8,hour_9,hour_10,hour_11,hour_12,hour_13,hour_14,hour_15,hour_16,hour_17,hour_18,hour_19,hour_20,hour_21,hour_22,hour_23,venue_name_clean,day_text_fr,distance_from_tunis_km,geo_zone
ven_415578655435645668734a5249525f32736265307834764a496843,Pharmacie Khemiri Lassaad,3 rue 10236 Cité Avicenne 2066 Tunisia,36.7608942,10.1865762,True,0,Monday,56.0,100.0,0.0,0.0,55.0,50.0,60.0,60.0,55.0,0.0,0.0,55.0,80.0,100.0,95.0,85.0,0.0,0.0,0.0,0.0,0.0,0.0,0.0,0.0,0.0,0.0,Pharmacie Khemiri Lassaad,Lundi,6.72,Nord-Est
ven_415578655435645668734a5249525f32736265307834764a496843,Pharmacie Khemiri Lassaad,3 rue 10236 Cité Avicenne 2066 Tunisia,36.7608942,10.1865762,True,1,Tuesday,33.0,92.0,0.0,0.0,30.0,35.0,40.0,25.0,30.0,0.0,0.0,25.0,35.0,60.0,90.0,75.0,0.0,0.0,0.0,0.0,0.0,0.0,0.0,0.0,0.0,0.0,Pharmacie Khemiri Lassaad,Mardi,6.72,Nord-Est
ven_415578655435645668734a5249525f32736265307834764a496843,Pharmacie Khemiri Lassaad,3 rue 10236 Cité Avicenne 2066 Tunisia,36.7608942,10.1865762,True,2,Wednesday,48.0,100.0,0.0,0.0,30.0,40.0,60.0,55.0,75.0,0.0,0.0,45.0,40.0,75.0,100.0,100.0,0.0,0.0,0.0,0.0,0.0,0.0,0.0,0.0,0.0,0.0,Pharmacie Khemiri Lassaad,Mercredi,6.72,Nord-Est
ven_415578655435645668734a5249525f32736265307834764a496843,Pharmacie Khemiri Lassaad,3 rue 10236 Cité Avicenne 2066 Tunisia,36.7608942,10.1865762,True,3,Thursday,38.0,84.0,0.0,0.0,15.0,25.0,50.0,55.0,60.0,0.0,0.0,30.0,45.0,60.0,85.0,100.0,0.0,0.0,0.0,0.0,0.0,0.0,0.0,0.0,0.0,0.0,Pharmacie Khemiri Lassaad,Jeudi,6.72,Nord-Est
ven_415578655435645668734a5249525f32736265307834764a496843,Pharmacie Khemiri Lassaad,3 rue 10236 Cité Avicenne 2066 Tunisia,36.7608942,10.1865762,True,4,Friday,48.0,84.0,0.0,0.0,30.0,40.0,55.0,55.0,70.0,0.0,0.0,55.0,70.0,75.0,85.0,65.0,0.0,0.0,0.0,0.0,0.0,0.0,0.0,0.0,0.0,0.0,Pharmacie Khemiri Lassaad,Vendredi,6.72,Nord-Est
ven_415578655435645668734a5249525f32736265307834764a496843,Pharmacie Khemiri Lassaad,3 rue 10236 Cité Avicenne 2066 Tunisia,36.7608942,10.1865762,True,5,Saturday,45.0,53.0,0.0,0.0,45.0,45.0,55.0,50.0,30.0,0.0,0.0,0.0,0.0,0.0,0.0,0.0,0.0,0.0,0.0,0.0,0.0,0.0,0.0,0.0,0.0,0.0,Pharmacie Khemiri Lassaad,Samedi,6.72,Nord-Est
ven_415578655435645668734a5249525f32736265307834764a496843,Pharmacie Khemiri Lassaad,3 rue 10236 Cité Avicenne 2066 Tunisia,36.7608942,10.1865762,True,6,Sunday,59.0,96.0,0.0,0.0,40.0,45.0,60.0,65.0,55.0,50.0,45.0,45.0,50.0,70.0,85.0,95.0,0.0,0.0,0.0,0.0,0.0,0.0,0.0,0.0,0.0,0.0,Pharmacie Khemiri Lassaad,Dimanche,6.72,Nord-Est
ven_456a61765a6134594b41455249525f30344262695652474a496843,Pharmacie Memmi Bellevue,"84 Ave de Bellevue, Tunis 1009, Tunisia",36.7756124,10.1881268,True,0,Monday,39.0,58.0,0.0,0.0,25.0,25.0,25.0,35.0,30.0,40.0,45.0,45.0,45.0,60.0,50.0,45.0,0.0,0.0,0.0,0.0,0.0,0.0,0.0,0.0,0.0,0.0,Pharmacie Memmi Bellevue,Lundi,5.22,Nord-Est
ven_456a61765a6134594b41455249525f30344262695652474a496843,Pharmacie Memmi Bellevue,"84 Ave de Bellevue, Tunis 1009, Tunisia",36.7756124,10.1881268,True,1,Tuesday,43.0,70.0,0.0,0.0,15.0,15.0,35.0,40.0,70.0,70.0,70.0,65.0,40.0,35.0,25.0,30.0,0.0,0.0,0.0,0.0,0.0,0.0,0.0,0.0,0.0,0.0,Pharmacie Memmi Bellevue,Mardi,5.22,Nord-Est
ven_456a61765a6134594b41455249525f30344262695652474a496843,Pharmacie Memmi Bellevue,"84 Ave de Bellevue, Tunis 1009, Tunisia",36.7756124,10.1881268,True,2,Wednesday,43.0,79.0,0.0,0.0,30.0,40.0,35.0,30.0,25.0,25.0,25.0,45.0,60.0,80.0,65.0,60.0,0.0,0.0,0.0,0.0,0.0,0.0,0.0,0.0,0.0,0.0,Pharmacie Memmi Bellevue,Mercredi,5.22,Nord-Est
ven_456a61765a6134594b41455249525f30344262695652474a496843,Pharmacie Memmi Bellevue,"84 Ave de Bellevue, Tunis 1009, Tunisia",36.7756124,10.1881268,True,3,Thursday,55.0,100.0,0.0,0.0,30.0,30.0,35.0,45.0,40.0,40.0,45.0,55.0,75.0,100.0,95.0,65.0,0.0,0.0,0.0,0.0,0.0,0.0,0.0,0.0,0.0,0.0,Pharmacie Memmi Bellevue,Jeudi,5.22,Nord-Est
ven_456a61765a6134594b41455249525f30344262695652474a496843,Pharmacie Memmi Bellevue,"84 Ave de Bellevue, Tunis 1009, Tunisia",36.7756124,10.1881268,True,4,Friday,40.0,75.0,0.0,0.0,25.0,15.0,20.0,20.0,20.0,30.0,50.0,65.0,75.0,65.0,45.0,50.0,0.0,0.0,0.0,0.0,0.0,0.0,0.0,0.0,0.0,0.0,Pharmacie Memmi Bellevue,Vendredi,5.22,Nord-Est
ven_456a61765a6134594b41455249525f30344262695652474a496843,Pharmacie Memmi Bellevue,"84 Ave de Bellevue, Tunis 1009, Tunisia",36.7756124,10.1881268,True,5,Saturday,45.0,50.0,0.0,0.0,40.0,45.0,50.0,50.0,40.0,30.0,0.0,0.0,0.0,0.0,0.0,0.0,0.0,0.0,0.0,0.0,0.0,0.0,0.0,0.0,0.0,0.0,Pharmacie Memmi Bellevue,Samedi,5.22,Nord-Est
ven_456a61765a6134594b41455249525f30344262695652474a496843,Pharmacie Memmi Bellevue,"84 Ave de Bellevue, Tunis 1009, Tunisia",36.7756124,10.1881268,True,6,Sunday,28.866242038216562,,0.0,0.0,0.0,0.0,0.0,0.0,0.0,0.0,0.0,0.0,0.0,0.0,0.0,0.0,0.0,0.0,0.0,0.0,0.0,0.0,0.0,0.0,0.0,0.0,Pharmacie Memmi Bellevue,Dimanche,5.22,Nord-Est
ven_4570736d7045625255366d5249525f306f6575694177704a496843,صيدلية غربال الأزرق,R5PV+GF5 Tunis Tunisia,36.8362671,10.1937208,True,0,Monday,54.0,100.0,0.0,0.0,25.0,30.0,45.0,80.0,100.0,100.0,70.0,60.0,50.0,40.0,30.0,25.0,0.0,0.0,0.0,0.0,0.0,0.0,0.0,0.0,0.0,0.0,صيدلية غربال الأزرق,Lundi,3.14,Grand Tunis
ven_4570736d7045625255366d5249525f306f6575694177704a496843,صيدلية غربال الأزرق,R5PV+GF5 Tunis Tunisia,36.8362671,10.1937208,True,1,Tuesday,28.866242038216562,,0.0,0.0,0.0,0.0,0.0,0.0,0.0,0.0,0.0,0.0,0.0,0.0,0.0,0.0,0.0,0.0,0.0,0.0,0.0,0.0,0.0,0.0,0.0,0.0,صيدلية غربال الأزرق,Mardi,3.14,Grand Tunis
ven_4570736d7045625255366d5249525f306f6575694177704a496843,صيدلية غربال الأزرق,R5PV+GF5 Tunis Tunisia,36.8362671,10.1937208,True,2,Wednesday,54.0,79.0,0.0,0.0,10.0,15.0,30.0,55.0,75.0,80.0,65.0,75.0,70.0,65.0,60.0,45.0,0.0,0.0,0.0,0.0,0.0,0.0,0.0,0.0,0.0,0.0,صيدلية غربال الأزرق,Mercredi,3.14,Grand Tunis
ven_4570736d7045625255366d5249525f306f6575694177704a496843,صيدلية غربال الأزرق,R5PV+GF5 Tunis Tunisia,36.8362671,10.1937208,True,3,Thursday,55.0,76.0,0.0,0.0,25.0,35.0,45.0,75.0,75.0,60.0,50.0,45.0,65.0,75.0,65.0,45.0,0.0,0.0,0.0,0.0,0.0,0.0,0.0,0.0,0.0,0.0,صيدلية غربال الأزرق,Jeudi,3.14,Grand Tunis
ven_4570736d7045625255366d5249525f306f6575694177704a496843,صيدلية غربال الأزرق,R5PV+GF5 Tunis Tunisia,36.8362671,10.1937208,True,4,Friday,44.0,67.0,0.0,0.0,20.0,25.0,15.0,30.0,50.0,65.0,65.0,60.0,55.0,50.0,45.0,45.0,0.0,0.0,0.0,0.0,0.0,0.0,0.0,0.0,0.0,0.0,صيدلية غربال الأزرق,Vendredi,3.14,Grand Tunis
ven_4570736d7045625255366d5249525f306f6575694177704a496843,صيدلية غربال الأزرق,R5PV+GF5 Tunis Tunisia,36.8362671,10.1937208,True,5,Saturday,30.0,50.0,0.0,0.0,25.0,25.0,30.0,40.0,50.0,40.0,35.0,25.0,15.0,20.0,25.0,30.0,0.0,0.0,0.0,0.0,0.0,0.0,0.0,0.0,0.0,0.0,صيدلية غربال الأزرق,Samedi,3.14,Grand Tunis
ven_4570736d7045625255366d5249525f306f6575694177704a496843,صيدلية غربال الأزرق,R5PV+GF5 Tunis Tunisia,36.8362671,10.1937208,True,6,Sunday,28.866242038216562,,0.0,0.0,0.0,0.0,0.0,0.0,0.0,0.0,0.0,0.0,0.0,0.0,0.0,0.0,0.0,0.0,0.0,0.0,0.0,0.0,0.0,0.0,0.0,0.0,صيدلية غربال الأزرق,Dimanche,3.14,Grand Tunis
ven_45796d544b6c587130495a5249525f315555787a3865584a496843,Pharmacie Chaouch - Tunis,"79 Av. Hédi Chaker, Tunis 1002, Tunisia",36.8165964,10.1807976,True,0,Monday,66.0,95.0,0.0,0.0,30.0,40.0,45.0,50.0,65.0,80.0,80.0,85.0,80.0,95.0,80.0,70.0,0.0,0.0,0.0,0.0,0.0,0.0,0.0,0.0,0.0,0.0,Pharmacie Chaouch - Tunis,Lundi,1.36,Grand Tunis
ven_45796d544b6c587130495a5249525f315555787a3865584a496843,Pharmacie Chaouch - Tunis,"79 Av. Hédi Chaker, Tunis 1002, Tunisia",36.8165964,10.1807976,True,1,Tuesday,49.0,86.0,0.0,0.0,25.0,45.0,70.0,85.0,80.0,65.0,45.0,40.0,30.0,25.0,25.0,40.0,0.0,0.0,0.0,0.0,0.0,0.0,0.0,0.0,0.0,0.0,Pharmacie Chaouch - Tunis,Mardi,1.36,Grand Tunis
ven_45796d544b6c587130495a5249525f315555787a3865584a496843,Pharmacie Chaouch - Tunis,"79 Av. Hédi Chaker, Tunis 1002, Tunisia",36.8165964,10.1807976,True,2,Wednesday,51.0,73.0,0.0,0.0,35.0,40.0,35.0,45.0,50.0,75.0,70.0,65.0,50.0,50.0,40.0,35.0,0.0,0.0,0.0,0.0,0.0,0.0,0.0,0.0,0.0,0.0,Pharmacie Chaouch - Tunis,Mercredi,1.36,Grand Tunis
ven_45796d544b6c587130495a5249525f315555787a3865584a496843,Pharmacie Chaouch - Tunis,"79 Av. Hédi Chaker, Tunis 1002, Tunisia",36.8165964,10.1807976,True,3,Thursday,65.0,100.0,0.0,0.0,30.0,45.0,65.0,85.0,100.0,80.0,80.0,60.0,60.0,45.0,65.0,75.0,0.0,0.0,0.0,0.0,0.0,0.0,0.0,0.0,0.0,0.0,Pharmacie Chaouch - Tunis,Jeudi,1.36,Grand Tunis
ven_45796d544b6c587130495a5249525f315555787a3865584a496843,Pharmacie Chaouch - Tunis,"79 Av. Hédi Chaker, Tunis 1002, Tunisia",36.8165964,10.1807976,True,4,Friday,48.0,65.0,0.0,0.0,40.0,30.0,35.0,40.0,45.0,65.0,65.0,45.0,45.0,55.0,65.0,65.0,0.0,0.0,0.0,0.0,0.0,0.0,0.0,0.0,0.0,0.0,Pharmacie Chaouch - Tunis,Vendredi,1.36,Grand Tunis
ven_45796d544b6c587130495a5249525f315555787a3865584a496843,Pharmacie Chaouch - Tunis,"79 Av. Hédi Chaker, Tunis 1002, Tunisia",36.8165964,10.1807976,True,5,Saturday,53.0,60.0,0.0,0.0,45.0,60.0,55.0,55.0,50.0,0.0,0.0,0.0,0.0,0.0,0.0,0.0,0.0,0.0,0.0,0.0,0.0,0.0,0.0,0.0,0.0,0.0,Pharmacie Chaouch - Tunis,Samedi,1.36,Grand Tunis
ven_45796d544b6c587130495a5249525f315555787a3865584a496843,Pharmacie Chaouch - Tunis,"79 Av. Hédi Chaker, Tunis 1002, Tunisia",36.8165964,10.1807976,True,6,Sunday,28.86624203821656,,0.0,0.0,0.0,0.0,0.0,0.0,0.0,0.0,0.0,0.0,0.0,0.0,0.0,0.0,0.0,0.0,0.0,0.0,0.0,0.0,0.0,0.0,0.0,0.0,Pharmacie Chaouch - Tunis,Dimanche,1.36,Grand Tunis
ven_63476c35775a716659716a5249525f3049334f494535614a496843,Pharmacie Nada Soussou,"9 Rue d'Alger, Tunis 1000, Tunisia",36.800496,10.1795993,True,0,Monday,59.0,100.0,0.0,0.0,60.0,95.0,100.0,75.0,45.0,35.0,45.0,35.0,45.0,45.0,70.0,60.0,0.0,0.0,0.0,0.0,0.0,0.0,0.0,0.0,0.0,0.0,Pharmacie Nada Soussou,Lundi,2.4,Grand Tunis
ven_63476c35775a716659716a5249525f3049334f494535614a496843,Pharmacie Nada Soussou,"9 Rue d'Alger, Tunis 1000, Tunisia",36.800496,10.1795993,True,1,Tuesday,60.0,77.0,0.0,0.0,25.0,40.0,50.0,65.0,70.0,70.0,75.0,65.0,55.0,65.0,65.0,55.0,0.0,0.0,0.0,0.0,0.0,0.0,0.0,0.0,0.0,0.0,Pharmacie Nada Soussou,Mardi,2.4,Grand Tunis
ven_63476c35775a716659716a5249525f3049334f494535614a496843,Pharmacie Nada Soussou,"9 Rue d'Alger, Tunis 1000, Tunisia",36.800496,10.1795993,True,2,Wednesday,51.0,94.0,0.0,0.0,20.0,40.0,35.0,45.0,40.0,65.0,65.0,95.0,60.0,55.0,45.0,50.0,0.0,0.0,0.0,0.0,0.0,0.0,0.0,0.0,0.0,0.0,Pharmacie Nada Soussou,Mercredi,2.4,Grand Tunis
ven_63476c35775a716659716a5249525f3049334f494535614a496843,Pharmacie Nada Soussou,"9 Rue d'Alger, Tunis 1000, Tunisia",36.800496,10.1795993,True,3,Thursday,59.0,83.0,0.0,0.0,40.0,25.0,40.0,55.0,75.0,85.0,75.0,75.0,70.0,55.0,50.0,50.0,0.0,0.0,0.0,0.0,0.0,0.0,0.0,0.0,0.0,0.0,Pharmacie Nada Soussou,Jeudi,2.4,Grand Tunis
ven_63476c35775a716659716a5249525f3049334f494535614a496843,Pharmacie Nada Soussou,"9 Rue d'Alger, Tunis 1000, Tunisia",36.800496,10.1795993,True,4,Friday,60.0,94.0,0.0,0.0,50.0,65.0,70.0,95.0,75.0,70.0,50.0,55.0,45.0,50.0,25.0,20.0,0.0,0.0,0.0,0.0,0.0,0.0,0.0,0.0,0.0,0.0,Pharmacie Nada Soussou,Vendredi,2.4,Grand Tunis
ven_63476c35775a716659716a5249525f3049334f494535614a496843,Pharmacie Nada Soussou,"9 Rue d'Alger, Tunis 1000, Tunisia",36.800496,10.1795993,True,5,Saturday,57.0,72.0,0.0,0.0,35.0,50.0,60.0,70.0,65.0,70.0,45.0,45.0,50.0,70.0,60.0,60.0,0.0,0.0,0.0,0.0,0.0,0.0,0.0,0.0,0.0,0.0,Pharmacie Nada Soussou,Samedi,2.4,Grand Tunis
ven_63476c35775a716659716a5249525f3049334f494535614a496843,Pharmacie Nada Soussou,"9 Rue d'Alger, Tunis 1000, Tunisia",36.800496,10.1795993,True,6,Sunday,39.0,72.0,0.0,0.0,40.0,70.0,50.0,50.0,25.0,35.0,35.0,45.0,35.0,35.0,15.0,5.0,0.0,0.0,0.0,0.0,0.0,0.0,0.0,0.0,0.0,0.0,Pharmacie Nada Soussou,Dimanche,2.4,Grand Tunis
ven_386e44595257337166694b5249525f4a526d376b4f7a4d4a496843,Pharmacie de nuit boumhel karabibene,centre commercial les roses 09 cite el saada Boumhel El Bassatine 2097 Tunisia,36.7244744,10.3015752,True,0,Monday,14.0,74.0,0.0,0.0,0.0,0.0,0.0,0.0,0.0,0.0,0.0,0.0,0.0,0.0,0.0,45.0,70.0,75.0,55.0,25.0,15.0,5.0,5.0,10.0,10.0,20.0,Pharmacie de nuit boumhel karabibene,Lundi,16.02,Nord-Est
ven_386e44595257337166694b5249525f4a526d376b4f7a4d4a496843,Pharmacie de nuit boumhel karabibene,centre commercial les roses 09 cite el saada Boumhel El Bassatine 2097 Tunisia,36.7244744,10.3015752,True,1,Tuesday,16.0,70.0,0.0,0.0,0.0,0.0,0.0,0.0,0.0,0.0,0.0,0.0,0.0,0.0,0.0,65.0,70.0,70.0,60.0,40.0,30.0,20.0,15.0,10.0,10.0,15.0,Pharmacie de nuit boumhel karabibene,Mardi,16.02,Nord-Est
ven_386e44595257337166694b5249525f4a526d376b4f7a4d4a496843,Pharmacie de nuit boumhel karabibene,centre commercial les roses 09 cite el saada Boumhel El Bassatine 2097 Tunisia,36.7244744,10.3015752,True,2,Wednesday,12.0,52.0,0.0,0.0,0.0,0.0,0.0,0.0,0.0,0.0,0.0,0.0,0.0,0.0,0.0,30.0,50.0,50.0,50.0,40.0,20.0,10.0,5.0,10.0,5.0,10.0,Pharmacie de nuit boumhel karabibene,Mercredi,16.02,Nord-Est
ven_386e44595257337166694b5249525f4a526d376b4f7a4d4a496843,Pharmacie de nuit boumhel karabibene,centre commercial les roses 09 cite el saada Boumhel El Bassatine 2097 Tunisia,36.7244744,10.3015752,True,3,Thursday,16.0,76.0,0.0,0.0,0.0,0.0,0.0,0.0,0.0,0.0,0.0,0.0,0.0,0.0,0.0,50.0,70.0,75.0,60.0,45.0,25.0,15.0,5.0,5.0,15.0,20.0,Pharmacie de nuit boumhel karabibene,Jeudi,16.02,Nord-Est
ven_386e44595257337166694b5249525f4a526d376b4f7a4d4a496843,Pharmacie de nuit boumhel karabibene,centre commercial les roses 09 cite el saada Boumhel El Bassatine 2097 Tunisia,36.7244744,10.3015752,True,4,Friday,14.0,78.0,0.0,0.0,0.0,0.0,0.0,0.0,0.0,0.0,0.0,0.0,0.0,0.0,0.0,65.0,80.0,60.0,45.0,30.0,15.0,10.0,10.0,10.0,5.0,5.0,Pharmacie de nuit boumhel karabibene,Vendredi,16.02,Nord-Est
ven_386e44595257337166694b5249525f4a526d376b4f7a4d4a496843,Pharmacie de nuit boumhel karabibene,centre commercial les roses 09 cite el saada Boumhel El Bassatine 2097 Tunisia,36.7244744,10.3015752,True,5,Saturday,18.0,89.0,0.0,0.0,0.0,0.0,0.0,0.0,0.0,0.0,0.0,0.0,0.0,0.0,0.0,70.0,90.0,80.0,65.0,40.0,25.0,15.0,10.0,10.0,10.0,10.0,Pharmacie de nuit boumhel karabibene,Samedi,16.02,Nord-Est
ven_386e44595257337166694b5249525f4a526d376b4f7a4d4a496843,Pharmacie de nuit boumhel karabibene,centre commercial les roses 09 cite el saada Boumhel El Bassatine 2097 Tunisia,36.7244744,10.3015752,True,6,Sunday,21.0,100.0,15.0,15.0,20.0,0.0,0.0,0.0,0.0,0.0,0.0,0.0,0.0,0.0,0.0,95.0,100.0,75.0,55.0,35.0,20.0,15.0,10.0,15.0,10.0,20.0,Pharmacie de nuit boumhel karabibene,Dimanche,16.02,Nord-Est
ven_41656c3749644a4a534b4e5249525f325558374c6955624a496843,Pharmacie du nuit,Mégrine Tunisia,36.7699737,10.2332015,True,0,Monday,27.0,94.0,0.0,0.0,0.0,0.0,0.0,0.0,0.0,0.0,0.0,0.0,0.0,0.0,0.0,45.0,60.0,95.0,80.0,80.0,65.0,50.0,35.0,40.0,50.0,40.0,Pharmacie du nuit,Lundi,8.11,Nord-Est
ven_41656c3749644a4a534b4e5249525f325558374c6955624a496843,Pharmacie du nuit,Mégrine Tunisia,36.7699737,10.2332015,True,1,Tuesday,23.0,76.0,0.0,0.0,0.0,0.0,0.0,0.0,0.0,0.0,0.0,0.0,0.0,0.0,0.0,60.0,65.0,65.0,40.0,30.0,30.0,50.0,75.0,70.0,40.0,30.0,Pharmacie du nuit,Mardi,8.11,Nord-Est
ven_41656c3749644a4a534b4e5249525f325558374c6955624a496843,Pharmacie du nuit,Mégrine Tunisia,36.7699737,10.2332015,True,2,Wednesday,21.0,88.0,0.0,0.0,0.0,0.0,0.0,0.0,0.0,0.0,0.0,0.0,0.0,0.0,0.0,60.0,75.0,40.0,30.0,25.0,25.0,25.0,30.0,45.0,90.0,70.0,Pharmacie du nuit,Mercredi,8.11,Nord-Est
ven_41656c3749644a4a534b4e5249525f325558374c6955624a496843,Pharmacie du nuit,Mégrine Tunisia,36.7699737,10.2332015,True,3,Thursday,27.0,94.0,0.0,0.0,0.0,0.0,0.0,0.0,0.0,0.0,0.0,0.0,0.0,0.0,0.0,95.0,80.0,70.0,35.0,15.0,15.0,50.0,90.0,80.0,60.0,45.0,Pharmacie du nuit,Jeudi,8.11,Nord-Est
ven_41656c3749644a4a534b4e5249525f325558374c6955624a496843,Pharmacie du nuit,Mégrine Tunisia,36.7699737,10.2332015,True,4,Friday,20.0,58.0,0.0,0.0,0.0,0.0,0.0,0.0,0.0,0.0,0.0,0.0,0.0,0.0,0.0,45.0,45.0,45.0,60.0,60.0,50.0,40.0,35.0,45.0,30.0,25.0,Pharmacie du nuit,Vendredi,8.11,Nord-Est
ven_41656c3749644a4a534b4e5249525f325558374c6955624a496843,Pharmacie du nuit,Mégrine Tunisia,36.7699737,10.2332015,True,5,Saturday,19.0,100.0,0.0,0.0,0.0,0.0,0.0,0.0,0.0,0.0,0.0,0.0,0.0,0.0,0.0,70.0,100.0,70.0,60.0,25.0,10.0,30.0,45.0,45.0,0.0,10.0,Pharmacie du nuit,Samedi,8.11,Nord-Est
ven_41656c3749644a4a534b4e5249525f325558374c6955624a496843,Pharmacie du nuit,Mégrine Tunisia,36.7699737,10.2332015,True,6,Sunday,16.0,58.0,25.0,15.0,15.0,0.0,0.0,0.0,0.0,0.0,0.0,0.0,0.0,0.0,0.0,60.0,40.0,30.0,30.0,25.0,30.0,25.0,25.0,5.0,30.0,30.0,Pharmacie du nuit,Dimanche,8.11,Nord-Est
ven_417a5970576b794a3238735249525f3341746557782d444a496843,Pharmacie De Nuit Amel Ben Hassine,13 complexe commercial et de loisirs Ben Arous 2013 Tunisia,36.7504514,10.2257058,True,0,Monday,12.0,45.0,0.0,0.0,0.0,0.0,0.0,0.0,0.0,0.0,0.0,0.0,0.0,0.0,0.0,40.0,45.0,40.0,30.0,15.0,15.0,5.0,5.0,30.0,35.0,40.0,Pharmacie De Nuit Amel Ben Hassine,Lundi,9.3,Nord-Est
ven_417a5970576b794a3238735249525f3341746557782d444a496843,Pharmacie De Nuit Amel Ben Hassine,13 complexe commercial et de loisirs Ben Arous 2013 Tunisia,36.7504514,10.2257058,True,1,Tuesday,17.0,55.0,0.0,0.0,0.0,0.0,0.0,0.0,0.0,0.0,0.0,0.0,0.0,0.0,0.0,40.0,30.0,15.0,15.0,25.0,45.0,55.0,50.0,45.0,40.0,45.0,Pharmacie De Nuit Amel Ben Hassine,Mardi,9.3,Nord-Est
ven_417a5970576b794a3238735249525f3341746557782d444a496843,Pharmacie De Nuit Amel Ben Hassine,13 complexe commercial et de loisirs Ben Arous 2013 Tunisia,36.7504514,10.2257058,True,2,Wednesday,16.0,55.0,0.0,0.0,0.0,0.0,0.0,0.0,0.0,0.0,0.0,0.0,0.0,0.0,0.0,20.0,30.0,35.0,45.0,45.0,45.0,55.0,40.0,40.0,25.0,5.0,Pharmacie De Nuit Amel Ben Hassine,Mercredi,9.3,Nord-Est
ven_417a5970576b794a3238735249525f3341746557782d444a496843,Pharmacie De Nuit Amel Ben Hassine,13 complexe commercial et de loisirs Ben Arous 2013 Tunisia,36.7504514,10.2257058,True,3,Thursday,15.0,50.0,0.0,0.0,0.0,0.0,0.0,0.0,0.0,0.0,0.0,0.0,0.0,0.0,0.0,30.0,40.0,50.0,45.0,35.0,20.0,25.0,35.0,30.0,30.0,30.0,Pharmacie De Nuit Amel Ben Hassine,Jeudi,9.3,Nord-Est
ven_417a5970576b794a3238735249525f3341746557782d444a496843,Pharmacie De Nuit Amel Ben Hassine,13 complexe commercial et de loisirs Ben Arous 2013 Tunisia,36.7504514,10.2257058,True,4,Friday,12.0,40.0,0.0,0.0,0.0,0.0,0.0,0.0,0.0,0.0,0.0,0.0,0.0,0.0,0.0,35.0,40.0,35.0,35.0,25.0,20.0,20.0,15.0,20.0,20.0,35.0,Pharmacie De Nuit Amel Ben Hassine,Vendredi,9.3,Nord-Est
ven_417a5970576b794a3238735249525f3341746557782d444a496843,Pharmacie De Nuit Amel Ben Hassine,13 complexe commercial et de loisirs Ben Arous 2013 Tunisia,36.7504514,10.2257058,True,5,Saturday,15.0,60.0,0.0,0.0,0.0,0.0,0.0,0.0,0.0,0.0,0.0,0.0,0.0,0.0,0.0,20.0,40.0,60.0,60.0,45.0,35.0,25.0,15.0,15.0,25.0,25.0,Pharmacie De Nuit Amel Ben Hassine,Samedi,9.3,Nord-Est
ven_417a5970576b794a3238735249525f3341746557782d444a496843,Pharmacie De Nuit Amel Ben Hassine,13 complexe commercial et de loisirs Ben Arous 2013 Tunisia,36.7504514,10.2257058,True,6,Sunday,22.0,100.0,35.0,40.0,35.0,0.0,0.0,0.0,0.0,0.0,0.0,0.0,0.0,0.0,0.0,50.0,40.0,40.0,25.0,15.0,10.0,25.0,35.0,35.0,50.0,100.0,Pharmacie De Nuit Amel Ben Hassine,Dimanche,9.3,Nord-Est
ven_67456d5734316c6e6c5f665249525f4b315244314978764a496843,Pharmacie de nuit Rades,Q79F+597 Av. De La République Radès Tunisia,36.767909,10.2734098,True,0,Monday,11.0,40.0,0.0,0.0,0.0,0.0,0.0,0.0,0.0,0.0,0.0,0.0,0.0,0.0,0.0,30.0,30.0,40.0,35.0,35.0,20.0,20.0,15.0,15.0,15.0,15.0,Pharmacie de nuit Rades,Lundi,11.14,Nord-Est
ven_67456d5734316c6e6c5f665249525f4b315244314978764a496843,Pharmacie de nuit Rades,Q79F+597 Av. De La République Radès Tunisia,36.767909,10.2734098,True,1,Tuesday,14.0,54.0,0.0,0.0,0.0,0.0,0.0,0.0,0.0,0.0,0.0,0.0,0.0,0.0,0.0,55.0,55.0,35.0,35.0,25.0,15.0,15.0,15.0,20.0,40.0,35.0,Pharmacie de nuit Rades,Mardi,11.14,Nord-Est
ven_67456d5734316c6e6c5f665249525f4b315244314978764a496843,Pharmacie de nuit Rades,Q79F+597 Av. De La République Radès Tunisia,36.767909,10.2734098,True,2,Wednesday,19.0,74.0,0.0,0.0,0.0,0.0,0.0,0.0,0.0,0.0,0.0,0.0,0.0,0.0,0.0,70.0,75.0,60.0,40.0,30.0,35.0,30.0,35.0,35.0,20.0,20.0,Pharmacie de nuit Rades,Mercredi,11.14,Nord-Est
ven_67456d5734316c6e6c5f665249525f4b315244314978764a496843,Pharmacie de nuit Rades,Q79F+597 Av. De La République Radès Tunisia,36.767909,10.2734098,True,3,Thursday,16.0,74.0,0.0,0.0,0.0,0.0,0.0,0.0,0.0,0.0,0.0,0.0,0.0,0.0,0.0,60.0,75.0,70.0,55.0,35.0,15.0,10.0,10.0,15.0,15.0,20.0,Pharmacie de nuit Rades,Jeudi,11.14,Nord-Est
ven_67456d5734316c6e6c5f665249525f4b315244314978764a496843,Pharmacie de nuit Rades,Q79F+597 Av. De La République Radès Tunisia,36.767909,10.2734098,True,4,Friday,20.0,94.0,0.0,0.0,0.0,0.0,0.0,0.0,0.0,0.0,0.0,0.0,0.0,0.0,0.0,55.0,95.0,85.0,70.0,40.0,35.0,35.0,30.0,25.0,0.0,10.0,Pharmacie de nuit Rades,Vendredi,11.14,Nord-Est
ven_67456d5734316c6e6c5f665249525f4b315244314978764a496843,Pharmacie de nuit Rades,Q79F+597 Av. De La République Radès Tunisia,36.767909,10.2734098,True,5,Saturday,19.0,77.0,0.0,0.0,0.0,0.0,0.0,0.0,0.0,0.0,0.0,0.0,0.0,0.0,0.0,40.0,60.0,70.0,75.0,60.0,35.0,15.0,10.0,5.0,35.0,35.0,Pharmacie de nuit Rades,Samedi,11.14,Nord-Est
ven_67456d5734316c6e6c5f665249525f4b315244314978764a496843,Pharmacie de nuit Rades,Q79F+597 Av. De La République Radès Tunisia,36.767909,10.2734098,True,6,Sunday,19.0,100.0,30.0,10.0,5.0,0.0,0.0,0.0,0.0,0.0,0.0,0.0,0.0,0.0,0.0,65.0,100.0,80.0,50.0,30.0,20.0,15.0,15.0,20.0,5.0,5.0,Pharmacie de nuit Rades,Dimanche,11.14,Nord-Est
ven_73567267334c56344c53315249525f4a427156546237344a496843,Night Pharmacy,P8R3+43J Ez Zahra Tunisia,36.7403317,10.3026304,True,0,Monday,21.0,100.0,0.0,0.0,0.0,0.0,0.0,0.0,0.0,0.0,0.0,0.0,0.0,0.0,0.0,65.0,100.0,80.0,65.0,40.0,35.0,20.0,25.0,25.0,20.0,20.0,Night Pharmacy,Lundi,15.0,Nord-Est
ven_73567267334c56344c53315249525f4a427156546237344a496843,Night Pharmacy,P8R3+43J Ez Zahra Tunisia,36.7403317,10.3026304,True,1,Tuesday,16.0,45.0,0.0,0.0,0.0,0.0,0.0,0.0,0.0,0.0,0.0,0.0,0.0,0.0,0.0,35.0,45.0,40.0,40.0,40.0,35.0,40.0,30.0,35.0,25.0,15.0,Night Pharmacy,Mardi,15.0,Nord-Est
ven_73567267334c56344c53315249525f4a427156546237344a496843,Night Pharmacy,P8R3+43J Ez Zahra Tunisia,36.7403317,10.3026304,True,2,Wednesday,15.0,50.0,0.0,0.0,0.0,0.0,0.0,0.0,0.0,0.0,0.0,0.0,0.0,0.0,0.0,45.0,50.0,35.0,25.0,35.0,30.0,30.0,25.0,30.0,20.0,20.0,Night Pharmacy,Mercredi,15.0,Nord-Est
ven_73567267334c56344c53315249525f4a427156546237344a496843,Night Pharmacy,P8R3+43J Ez Zahra Tunisia,36.7403317,10.3026304,True,3,Thursday,16.0,72.0,0.0,0.0,0.0,0.0,0.0,0.0,0.0,0.0,0.0,0.0,0.0,0.0,0.0,55.0,70.0,55.0,40.0,30.0,15.0,15.0,20.0,25.0,25.0,15.0,Night Pharmacy,Jeudi,15.0,Nord-Est
ven_73567267334c56344c53315249525f4a427156546237344a496843,Night Pharmacy,P8R3+43J Ez Zahra Tunisia,36.7403317,10.3026304,True,4,Friday,21.0,75.0,0.0,0.0,0.0,0.0,0.0,0.0,0.0,0.0,0.0,0.0,0.0,0.0,0.0,45.0,75.0,70.0,60.0,50.0,40.0,35.0,30.0,30.0,30.0,30.0,Night Pharmacy,Vendredi,15.0,Nord-Est
ven_73567267334c56344c53315249525f4a427156546237344a496843,Night Pharmacy,P8R3+43J Ez Zahra Tunisia,36.7403317,10.3026304,True,5,Saturday,20.0,87.0,0.0,0.0,0.0,0.0,0.0,0.0,0.0,0.0,0.0,0.0,0.0,0.0,0.0,55.0,85.0,85.0,75.0,40.0,25.0,10.0,15.0,20.0,30.0,25.0,Night Pharmacy,Samedi,15.0,Nord-Est
ven_73567267334c56344c53315249525f4a427156546237344a496843,Night Pharmacy,P8R3+43J Ez Zahra Tunisia,36.7403317,10.3026304,True,6,Sunday,21.0,80.0,25.0,20.0,20.0,0.0,0.0,0.0,0.0,0.0,0.0,0.0,0.0,0.0,0.0,50.0,80.0,60.0,50.0,30.0,20.0,20.0,20.0,35.0,30.0,35.0,Night Pharmacy,Dimanche,15.0,Nord-Est
ven_774967702d677053785f725249525f4a56454d423256794a496843,Pharmacie de Nuit Olfa belhadj,P7MV+GQJ Boumhel El Bassatine Tunisia,36.7337289,10.2944952,True,0,Monday,14.0,57.0,0.0,0.0,0.0,0.0,0.0,0.0,0.0,0.0,0.0,0.0,0.0,0.0,0.0,45.0,55.0,55.0,40.0,35.0,25.0,20.0,10.0,20.0,25.0,15.0,Pharmacie de Nuit Olfa belhadj,Lundi,14.88,Nord-Est
ven_774967702d677053785f725249525f4a56454d423256794a496843,Pharmacie de Nuit Olfa belhadj,P7MV+GQJ Boumhel El Bassatine Tunisia,36.7337289,10.2944952,True,1,Tuesday,17.0,76.0,0.0,0.0,0.0,0.0,0.0,0.0,0.0,0.0,0.0,0.0,0.0,0.0,0.0,70.0,75.0,75.0,40.0,35.0,25.0,20.0,25.0,20.0,15.0,20.0,Pharmacie de Nuit Olfa belhadj,Mardi,14.88,Nord-Est
ven_774967702d677053785f725249525f4a56454d423256794a496843,Pharmacie de Nuit Olfa belhadj,P7MV+GQJ Boumhel El Bassatine Tunisia,36.7337289,10.2944952,True,2,Wednesday,9.0,30.0,0.0,0.0,0.0,0.0,0.0,0.0,0.0,0.0,0.0,0.0,0.0,0.0,0.0,25.0,20.0,25.0,20.0,25.0,30.0,20.0,5.0,5.0,15.0,25.0,Pharmacie de Nuit Olfa belhadj,Mercredi,14.88,Nord-Est
ven_774967702d677053785f725249525f4a56454d423256794a496843,Pharmacie de Nuit Olfa belhadj,P7MV+GQJ Boumhel El Bassatine Tunisia,36.7337289,10.2944952,True,3,Thursday,24.0,100.0,0.0,0.0,0.0,0.0,0.0,0.0,0.0,0.0,0.0,0.0,0.0,0.0,0.0,85.0,100.0,95.0,75.0,55.0,40.0,25.0,10.0,5.0,40.0,55.0,Pharmacie de Nuit Olfa belhadj,Jeudi,14.88,Nord-Est
ven_774967702d677053785f725249525f4a56454d423256794a496843,Pharmacie de Nuit Olfa belhadj,P7MV+GQJ Boumhel El Bassatine Tunisia,36.7337289,10.2944952,True,4,Friday,19.0,76.0,0.0,0.0,0.0,0.0,0.0,0.0,0.0,0.0,0.0,0.0,0.0,0.0,0.0,40.0,65.0,75.0,60.0,50.0,35.0,30.0,25.0,35.0,20.0,25.0,Pharmacie de Nuit Olfa belhadj,Vendredi,14.88,Nord-Est
ven_774967702d677053785f725249525f4a56454d423256794a496843,Pharmacie de Nuit Olfa belhadj,P7MV+GQJ Boumhel El Bassatine Tunisia,36.7337289,10.2944952,True,5,Saturday,19.0,92.0,0.0,0.0,0.0,0.0,0.0,0.0,0.0,0.0,0.0,0.0,0.0,0.0,0.0,60.0,90.0,90.0,70.0,40.0,25.0,25.0,20.0,20.0,10.0,15.0,Pharmacie de Nuit Olfa belhadj,Samedi,14.88,Nord-Est
ven_774967702d677053785f725249525f4a56454d423256794a496843,Pharmacie de Nuit Olfa belhadj,P7MV+GQJ Boumhel El Bassatine Tunisia,36.7337289,10.2944952,True,6,Sunday,15.0,57.0,10.0,15.0,20.0,0.0,0.0,0.0,0.0,0.0,0.0,0.0,0.0,0.0,0.0,40.0,55.0,50.0,35.0,25.0,20.0,10.0,20.0,20.0,15.0,25.0,Pharmacie de Nuit Olfa belhadj,Dimanche,14.88,Nord-Est
ven_3068424a584946366931595249525f316b4d63344e59524a496843,Naziha Cheikh Night Pharmacy,"Ariana, Tunisia",36.8563096,10.1785261,True,0,Monday,17.0,57.0,0.0,0.0,0.0,0.0,0.0,0.0,0.0,0.0,0.0,0.0,0.0,0.0,0.0,30.0,40.0,50.0,55.0,55.0,45.0,45.0,25.0,25.0,30.0,20.0,Naziha Cheikh Night Pharmacy,Lundi,4.3,Grand Tunis
ven_3068424a584946366931595249525f316b4d63344e59524a496843,Naziha Cheikh Night Pharmacy,"Ariana, Tunisia",36.8563096,10.1785261,True,1,Tuesday,20.0,100.0,0.0,0.0,0.0,0.0,0.0,0.0,0.0,0.0,0.0,0.0,0.0,0.0,0.0,100.0,90.0,85.0,55.0,40.0,25.0,15.0,15.0,25.0,15.0,10.0,Naziha Cheikh Night Pharmacy,Mardi,4.3,Grand Tunis
ven_3068424a584946366931595249525f316b4d63344e59524a496843,Naziha Cheikh Night Pharmacy,"Ariana, Tunisia",36.8563096,10.1785261,True,2,Wednesday,20.0,80.0,0.0,0.0,0.0,0.0,0.0,0.0,0.0,0.0,0.0,0.0,0.0,0.0,0.0,80.0,60.0,55.0,40.0,40.0,50.0,50.0,40.0,25.0,20.0,30.0,Naziha Cheikh Night Pharmacy,Mercredi,4.3,Grand Tunis
ven_3068424a584946366931595249525f316b4d63344e59524a496843,Naziha Cheikh Night Pharmacy,"Ariana, Tunisia",36.8563096,10.1785261,True,3,Thursday,23.0,100.0,0.0,0.0,0.0,0.0,0.0,0.0,0.0,0.0,0.0,0.0,0.0,0.0,0.0,60.0,90.0,100.0,60.0,40.0,25.0,25.0,20.0,15.0,50.0,60.0,Naziha Cheikh Night Pharmacy,Jeudi,4.3,Grand Tunis
ven_3068424a584946366931595249525f316b4d63344e59524a496843,Naziha Cheikh Night Pharmacy,"Ariana, Tunisia",36.8563096,10.1785261,True,4,Friday,20.0,76.0,0.0,0.0,0.0,0.0,0.0,0.0,0.0,0.0,0.0,0.0,0.0,0.0,0.0,60.0,75.0,75.0,60.0,55.0,40.0,30.0,20.0,25.0,10.0,25.0,Naziha Cheikh Night Pharmacy,Vendredi,4.3,Grand Tunis
ven_3068424a584946366931595249525f316b4d63344e59524a496843,Naziha Cheikh Night Pharmacy,"Ariana, Tunisia",36.8563096,10.1785261,True,5,Saturday,13.0,69.0,0.0,0.0,0.0,0.0,0.0,0.0,0.0,0.0,0.0,0.0,0.0,0.0,0.0,25.0,40.0,55.0,70.0,45.0,20.0,5.0,15.0,15.0,5.0,25.0,Naziha Cheikh Night Pharmacy,Samedi,4.3,Grand Tunis
ven_3068424a584946366931595249525f316b4d63344e59524a496843,Naziha Cheikh Night Pharmacy,"Ariana, Tunisia",36.8563096,10.1785261,True,6,Sunday,24.0,69.0,40.0,55.0,50.0,0.0,0.0,0.0,0.0,0.0,0.0,0.0,0.0,0.0,0.0,60.0,70.0,55.0,60.0,50.0,40.0,20.0,10.0,5.0,25.0,45.0,Naziha Cheikh Night Pharmacy,Dimanche,4.3,Grand Tunis
ven_495645516651456a694a36524968344c4c6b61414159654a496843,Pharmacie de nuit,55 Av. Fethi Zouhir Ariana Tunisia,36.8793585,10.1854167,True,0,Monday,17.0,81.0,0.0,0.0,0.0,0.0,0.0,0.0,0.0,0.0,0.0,0.0,0.0,0.0,0.0,80.0,80.0,65.0,50.0,30.0,25.0,20.0,15.0,20.0,10.0,10.0,Pharmacie de nuit,Lundi,6.93,Grand Tunis
ven_495645516651456a694a36524968344c4c6b61414159654a496843,Pharmacie de nuit,55 Av. Fethi Zouhir Ariana Tunisia,36.8793585,10.1854167,True,1,Tuesday,14.0,61.0,0.0,0.0,0.0,0.0,0.0,0.0,0.0,0.0,0.0,0.0,0.0,0.0,0.0,60.0,60.0,50.0,40.0,30.0,25.0,20.0,15.0,10.0,10.0,15.0,Pharmacie de nuit,Mardi,6.93,Grand Tunis
ven_495645516651456a694a36524968344c4c6b61414159654a496843,Pharmacie de nuit,55 Av. Fethi Zouhir Ariana Tunisia,36.8793585,10.1854167,True,2,Wednesday,18.0,100.0,0.0,0.0,0.0,0.0,0.0,0.0,0.0,0.0,0.0,0.0,0.0,0.0,0.0,85.0,100.0,80.0,60.0,40.0,20.0,10.0,5.0,5.0,10.0,15.0,Pharmacie de nuit,Mercredi,6.93,Grand Tunis
ven_495645516651456a694a36524968344c4c6b61414159654a496843,Pharmacie de nuit,55 Av. Fethi Zouhir Ariana Tunisia,36.8793585,10.1854167,True,3,Thursday,19.0,86.0,0.0,0.0,0.0,0.0,0.0,0.0,0.0,0.0,0.0,0.0,0.0,0.0,0.0,80.0,85.0,75.0,55.0,45.0,25.0,20.0,15.0,15.0,15.0,20.0,Pharmacie de nuit,Jeudi,6.93,Grand Tunis
ven_495645516651456a694a36524968344c4c6b61414159654a496843,Pharmacie de nuit,55 Av. Fethi Zouhir Ariana Tunisia,36.8793585,10.1854167,True,4,Friday,15.0,67.0,0.0,0.0,0.0,0.0,0.0,0.0,0.0,0.0,0.0,0.0,0.0,0.0,0.0,55.0,65.0,65.0,45.0,30.0,15.0,15.0,15.0,15.0,15.0,15.0,Pharmacie de nuit,Vendredi,6.93,Grand Tunis
ven_495645516651456a694a36524968344c4c6b61414159654a496843,Pharmacie de nuit,55 Av. Fethi Zouhir Ariana Tunisia,36.8793585,10.1854167,True,5,Saturday,16.0,69.0,0.0,0.0,0.0,0.0,0.0,0.0,0.0,0.0,0.0,0.0,0.0,0.0,0.0,45.0,70.0,65.0,55.0,35.0,25.0,20.0,20.0,15.0,15.0,10.0,Pharmacie de nuit,Samedi,6.93,Grand Tunis
ven_495645516651456a694a36524968344c4c6b61414159654a496843,Pharmacie de nuit,55 Av. Fethi Zouhir Ariana Tunisia,36.8793585,10.1854167,True,6,Sunday,19.0,77.0,10.0,15.0,20.0,0.0,0.0,0.0,0.0,0.0,0.0,0.0,0.0,0.0,0.0,70.0,75.0,65.0,40.0,25.0,20.0,15.0,20.0,25.0,25.0,25.0,Pharmacie de nuit,Dimanche,6.93,Grand Tunis
ven_595572303032706a55746b5249525f7a674f6134415a5f4a496843,Karai Night Pharmacy,"12 Avenue Abdelaziz AL SAOUD, Tunis 2092, Tunisia",36.8419999,10.1637068,True,0,Monday,24.0,78.0,0.0,0.0,0.0,0.0,0.0,0.0,0.0,0.0,0.0,0.0,0.0,0.0,0.0,60.0,70.0,65.0,45.0,45.0,40.0,35.0,30.0,35.0,80.0,65.0,Karai Night Pharmacy,Lundi,2.56,Grand Tunis
ven_595572303032706a55746b5249525f7a674f6134415a5f4a496843,Karai Night Pharmacy,"12 Avenue Abdelaziz AL SAOUD, Tunis 2092, Tunisia",36.8419999,10.1637068,True,1,Tuesday,19.0,59.0,0.0,0.0,0.0,0.0,0.0,0.0,0.0,0.0,0.0,0.0,0.0,0.0,0.0,35.0,45.0,45.0,45.0,45.0,45.0,30.0,45.0,60.0,30.0,30.0,Karai Night Pharmacy,Mardi,2.56,Grand Tunis
ven_595572303032706a55746b5249525f7a674f6134415a5f4a496843,Karai Night Pharmacy,"12 Avenue Abdelaziz AL SAOUD, Tunis 2092, Tunisia",36.8419999,10.1637068,True,2,Wednesday,25.0,100.0,0.0,0.0,0.0,0.0,0.0,0.0,0.0,0.0,0.0,0.0,0.0,0.0,0.0,40.0,65.0,100.0,85.0,70.0,45.0,50.0,50.0,35.0,35.0,35.0,Karai Night Pharmacy,Mercredi,2.56,Grand Tunis
ven_595572303032706a55746b5249525f7a674f6134415a5f4a496843,Karai Night Pharmacy,"12 Avenue Abdelaziz AL SAOUD, Tunis 2092, Tunisia",36.8419999,10.1637068,True,3,Thursday,27.0,82.0,0.0,0.0,0.0,0.0,0.0,0.0,0.0,0.0,0.0,0.0,0.0,0.0,0.0,65.0,60.0,70.0,80.0,65.0,65.0,50.0,40.0,35.0,60.0,50.0,Karai Night Pharmacy,Jeudi,2.56,Grand Tunis
ven_595572303032706a55746b5249525f7a674f6134415a5f4a496843,Karai Night Pharmacy,"12 Avenue Abdelaziz AL SAOUD, Tunis 2092, Tunisia",36.8419999,10.1637068,True,4,Friday,21.0,65.0,0.0,0.0,0.0,0.0,0.0,0.0,0.0,0.0,0.0,0.0,0.0,0.0,0.0,40.0,45.0,55.0,45.0,40.0,40.0,50.0,65.0,65.0,30.0,30.0,Karai Night Pharmacy,Vendredi,2.56,Grand Tunis
ven_595572303032706a55746b5249525f7a674f6134415a5f4a496843,Karai Night Pharmacy,"12 Avenue Abdelaziz AL SAOUD, Tunis 2092, Tunisia",36.8419999,10.1637068,True,5,Saturday,18.0,53.0,0.0,0.0,0.0,0.0,0.0,0.0,0.0,0.0,0.0,0.0,0.0,0.0,0.0,35.0,35.0,50.0,55.0,55.0,40.0,40.0,30.0,30.0,30.0,30.0,Karai Night Pharmacy,Samedi,2.56,Grand Tunis
ven_595572303032706a55746b5249525f7a674f6134415a5f4a496843,Karai Night Pharmacy,"12 Avenue Abdelaziz AL SAOUD, Tunis 2092, Tunisia",36.8419999,10.1637068,True,6,Sunday,21.0,46.0,35.0,35.0,30.0,0.0,0.0,0.0,0.0,0.0,0.0,0.0,0.0,0.0,0.0,35.0,30.0,40.0,30.0,40.0,40.0,45.0,40.0,30.0,45.0,35.0,Karai Night Pharmacy,Dimanche,2.56,Grand Tunis
ven_59713858727239724946595249525f313436495062646a4a496843,Ariana Night Pharmacy,"V53P+XWC, Av. Habib Bourguiba, Tunis, Tunisia",36.8549488,10.1872781,True,0,Monday,19.0,100.0,0.0,0.0,0.0,0.0,0.0,0.0,0.0,0.0,0.0,0.0,0.0,0.0,0.0,70.0,100.0,90.0,60.0,35.0,25.0,20.0,15.0,15.0,15.0,15.0,Ariana Night Pharmacy,Lundi,4.43,Grand Tunis
ven_59713858727239724946595249525f313436495062646a4a496843,Ariana Night Pharmacy,"V53P+XWC, Av. Habib Bourguiba, Tunis, Tunisia",36.8549488,10.1872781,True,1,Tuesday,18.0,97.0,0.0,0.0,0.0,0.0,0.0,0.0,0.0,0.0,0.0,0.0,0.0,0.0,0.0,55.0,85.0,95.0,80.0,50.0,20.0,10.0,10.0,15.0,10.0,10.0,Ariana Night Pharmacy,Mardi,4.43,Grand Tunis
ven_59713858727239724946595249525f313436495062646a4a496843,Ariana Night Pharmacy,"V53P+XWC, Av. Habib Bourguiba, Tunis, Tunisia",36.8549488,10.1872781,True,2,Wednesday,16.0,79.0,0.0,0.0,0.0,0.0,0.0,0.0,0.0,0.0,0.0,0.0,0.0,0.0,0.0,50.0,80.0,80.0,70.0,45.0,25.0,10.0,5.0,5.0,15.0,10.0,Ariana Night Pharmacy,Mercredi,4.43,Grand Tunis
ven_59713858727239724946595249525f313436495062646a4a496843,Ariana Night Pharmacy,"V53P+XWC, Av. Habib Bourguiba, Tunis, Tunisia",36.8549488,10.1872781,True,3,Thursday,13.0,52.0,0.0,0.0,0.0,0.0,0.0,0.0,0.0,0.0,0.0,0.0,0.0,0.0,0.0,40.0,50.0,50.0,35.0,25.0,20.0,20.0,25.0,20.0,15.0,20.0,Ariana Night Pharmacy,Jeudi,4.43,Grand Tunis
ven_59713858727239724946595249525f313436495062646a4a496843,Ariana Night Pharmacy,"V53P+XWC, Av. Habib Bourguiba, Tunis, Tunisia",36.8549488,10.1872781,True,4,Friday,17.0,79.0,0.0,0.0,0.0,0.0,0.0,0.0,0.0,0.0,0.0,0.0,0.0,0.0,0.0,30.0,65.0,80.0,75.0,55.0,30.0,20.0,10.0,15.0,10.0,10.0,Ariana Night Pharmacy,Vendredi,4.43,Grand Tunis
ven_59713858727239724946595249525f313436495062646a4a496843,Ariana Night Pharmacy,"V53P+XWC, Av. Habib Bourguiba, Tunis, Tunisia",36.8549488,10.1872781,True,5,Saturday,18.0,88.0,0.0,0.0,0.0,0.0,0.0,0.0,0.0,0.0,0.0,0.0,0.0,0.0,0.0,65.0,90.0,90.0,70.0,45.0,30.0,15.0,10.0,5.0,10.0,10.0,Ariana Night Pharmacy,Samedi,4.43,Grand Tunis
ven_59713858727239724946595249525f313436495062646a4a496843,Ariana Night Pharmacy,"V53P+XWC, Av. Habib Bourguiba, Tunis, Tunisia",36.8549488,10.1872781,True,6,Sunday,18.0,86.0,15.0,15.0,20.0,0.0,0.0,0.0,0.0,0.0,0.0,0.0,0.0,0.0,0.0,70.0,85.0,75.0,45.0,30.0,20.0,15.0,15.0,10.0,5.0,15.0,Ariana Night Pharmacy,Dimanche,4.43,Grand Tunis
ven_6b67377933776c764d4653524968344c624868307355754a496843,Pharmacie de Nuit Jihene Dziri Ghroubi,V5XJ+J8Q Unnamed Road Cebalat Tunisia,36.8990914,10.180846,True,0,Monday,8.0,30.0,20.0,25.0,0.0,0.0,0.0,0.0,0.0,0.0,0.0,0.0,0.0,0.0,0.0,0.0,0.0,0.0,0.0,0.0,25.0,25.0,25.0,20.0,30.0,40.0,Pharmacie de Nuit Jihene Dziri Ghroubi,Lundi,9.01,Grand Tunis
ven_6b67377933776c764d4653524968344c624868307355754a496843,Pharmacie de Nuit Jihene Dziri Ghroubi,V5XJ+J8Q Unnamed Road Cebalat Tunisia,36.8990914,10.180846,True,1,Tuesday,14.0,85.0,35.0,30.0,0.0,0.0,0.0,0.0,0.0,0.0,0.0,0.0,0.0,0.0,0.0,0.0,80.0,85.0,65.0,40.0,0.0,0.0,0.0,0.0,0.0,0.0,Pharmacie de Nuit Jihene Dziri Ghroubi,Mardi,9.01,Grand Tunis
ven_6b67377933776c764d4653524968344c624868307355754a496843,Pharmacie de Nuit Jihene Dziri Ghroubi,V5XJ+J8Q Unnamed Road Cebalat Tunisia,36.8990914,10.180846,True,2,Wednesday,76.0,87.0,0.0,0.0,0.0,0.0,0.0,0.0,0.0,0.0,0.0,0.0,0.0,0.0,0.0,0.0,85.0,80.0,70.0,60.0,40.0,25.0,15.0,10.0,20.0,20.0,Pharmacie de Nuit Jihene Dziri Ghroubi,Mercredi,9.01,Grand Tunis
ven_6b67377933776c764d4653524968344c624868307355754a496843,Pharmacie de Nuit Jihene Dziri Ghroubi,V5XJ+J8Q Unnamed Road Cebalat Tunisia,36.8990914,10.180846,True,3,Thursday,46.0,100.0,30.0,40.0,45.0,45.0,45.0,35.0,35.0,30.0,25.0,25.0,25.0,40.0,70.0,95.0,100.0,95.0,80.0,70.0,45.0,25.0,20.0,20.0,25.0,25.0,Pharmacie de Nuit Jihene Dziri Ghroubi,Jeudi,9.01,Grand Tunis
ven_6b67377933776c764d4653524968344c624868307355754a496843,Pharmacie de Nuit Jihene Dziri Ghroubi,V5XJ+J8Q Unnamed Road Cebalat Tunisia,36.8990914,10.180846,True,4,Friday,14.0,67.0,0.0,0.0,0.0,0.0,0.0,0.0,0.0,0.0,0.0,0.0,0.0,0.0,0.0,0.0,65.0,55.0,60.0,35.0,15.0,20.0,25.0,30.0,10.0,10.0,Pharmacie de Nuit Jihene Dziri Ghroubi,Vendredi,9.01,Grand Tunis
ven_6b67377933776c764d4653524968344c624868307355754a496843,Pharmacie de Nuit Jihene Dziri Ghroubi,V5XJ+J8Q Unnamed Road Cebalat Tunisia,36.8990914,10.180846,True,5,Saturday,13.0,55.0,0.0,0.0,0.0,0.0,0.0,0.0,0.0,0.0,0.0,0.0,0.0,0.0,0.0,0.0,45.0,55.0,55.0,40.0,25.0,25.0,20.0,15.0,10.0,15.0,Pharmacie de Nuit Jihene Dziri Ghroubi,Samedi,9.01,Grand Tunis
ven_6b67377933776c764d4653524968344c624868307355754a496843,Pharmacie de Nuit Jihene Dziri Ghroubi,V5XJ+J8Q Unnamed Road Cebalat Tunisia,36.8990914,10.180846,True,6,Sunday,14.0,45.0,25.0,45.0,0.0,0.0,0.0,0.0,0.0,0.0,0.0,0.0,0.0,0.0,0.0,0.0,35.0,40.0,35.0,40.0,30.0,25.0,15.0,5.0,20.0,15.0,Pharmacie de Nuit Jihene Dziri Ghroubi,Dimanche,9.01,Grand Tunis
ven_6f58724642516b74484179524968344c545152667958374a496843,Pharmacie Mustapha MRAD,Av. Ali Belahouane Ariana 2080 Tunisia,36.8619298,10.1868475,True,0,Monday,72.0,100.0,0.0,0.0,50.0,55.0,70.0,80.0,75.0,80.0,90.0,100.0,75.0,75.0,45.0,35.0,0.0,0.0,0.0,0.0,0.0,0.0,0.0,0.0,0.0,0.0,Pharmacie Mustapha MRAD,Lundi,5.13,Grand Tunis
ven_6f58724642516b74484179524968344c545152667958374a496843,Pharmacie Mustapha MRAD,Av. Ali Belahouane Ariana 2080 Tunisia,36.8619298,10.1868475,True,1,Tuesday,63.0,96.0,0.0,0.0,40.0,45.0,55.0,55.0,45.0,50.0,65.0,75.0,95.0,90.0,75.0,55.0,0.0,0.0,0.0,0.0,0.0,0.0,0.0,0.0,0.0,0.0,Pharmacie Mustapha MRAD,Mardi,5.13,Grand Tunis
ven_6f58724642516b74484179524968344c545152667958374a496843,Pharmacie Mustapha MRAD,Av. Ali Belahouane Ariana 2080 Tunisia,36.8619298,10.1868475,True,2,Wednesday,55.0,65.0,0.0,0.0,45.0,45.0,40.0,50.0,50.0,60.0,65.0,60.0,60.0,60.0,60.0,40.0,0.0,0.0,0.0,0.0,0.0,0.0,0.0,0.0,0.0,0.0,Pharmacie Mustapha MRAD,Mercredi,5.13,Grand Tunis
ven_6f58724642516b74484179524968344c545152667958374a496843,Pharmacie Mustapha MRAD,Av. Ali Belahouane Ariana 2080 Tunisia,36.8619298,10.1868475,True,3,Thursday,61.0,88.0,0.0,0.0,55.0,65.0,60.0,55.0,55.0,45.0,55.0,70.0,90.0,75.0,55.0,40.0,0.0,0.0,0.0,0.0,0.0,0.0,0.0,0.0,0.0,0.0,Pharmacie Mustapha MRAD,Jeudi,5.13,Grand Tunis
ven_6f58724642516b74484179524968344c545152667958374a496843,Pharmacie Mustapha MRAD,Av. Ali Belahouane Ariana 2080 Tunisia,36.8619298,10.1868475,True,4,Friday,64.0,73.0,0.0,0.0,45.0,60.0,70.0,70.0,55.0,55.0,60.0,75.0,75.0,70.0,70.0,50.0,0.0,0.0,0.0,0.0,0.0,0.0,0.0,0.0,0.0,0.0,Pharmacie Mustapha MRAD,Vendredi,5.13,Grand Tunis
ven_6f58724642516b74484179524968344c545152667958374a496843,Pharmacie Mustapha MRAD,Av. Ali Belahouane Ariana 2080 Tunisia,36.8619298,10.1868475,True,5,Saturday,37.0,61.0,0.0,0.0,40.0,55.0,60.0,50.0,50.0,40.0,20.0,10.0,10.0,25.0,40.0,50.0,0.0,0.0,0.0,0.0,0.0,0.0,0.0,0.0,0.0,0.0,Pharmacie Mustapha MRAD,Samedi,5.13,Grand Tunis
ven_6f58724642516b74484179524968344c545152667958374a496843,Pharmacie Mustapha MRAD,Av. Ali Belahouane Ariana 2080 Tunisia,36.8619298,10.1868475,True,6,Sunday,40.0,69.0,0.0,0.0,20.0,35.0,40.0,40.0,25.0,30.0,40.0,55.0,70.0,50.0,40.0,25.0,0.0,0.0,0.0,0.0,0.0,0.0,0.0,0.0,0.0,0.0,Pharmacie Mustapha MRAD,Dimanche,5.13,Grand Tunis
ven_3043717968656753496f385249525f303467645654354e4a496843,Night Pharmacy,"Q5RH+5V7, Rue Sidi El Bechir, Tunis, Tunisia",36.7904042,10.179664,True,0,Monday,26.0,92.0,0.0,0.0,0.0,0.0,0.0,0.0,0.0,0.0,0.0,0.0,0.0,0.0,0.0,80.0,90.0,90.0,85.0,65.0,45.0,30.0,30.0,35.0,40.0,45.0,Night Pharmacy,Lundi,3.41,Nord-Est
ven_3043717968656753496f385249525f303467645654354e4a496843,Night Pharmacy,"Q5RH+5V7, Rue Sidi El Bechir, Tunis, Tunisia",36.7904042,10.179664,True,1,Tuesday,24.0,80.0,0.0,0.0,0.0,0.0,0.0,0.0,0.0,0.0,0.0,0.0,0.0,0.0,0.0,80.0,70.0,75.0,65.0,50.0,40.0,40.0,40.0,50.0,35.0,50.0,Night Pharmacy,Mardi,3.41,Nord-Est
ven_3043717968656753496f385249525f303467645654354e4a496843,Night Pharmacy,"Q5RH+5V7, Rue Sidi El Bechir, Tunis, Tunisia",36.7904042,10.179664,True,2,Wednesday,16.0,68.0,0.0,0.0,0.0,0.0,0.0,0.0,0.0,0.0,0.0,0.0,0.0,0.0,0.0,50.0,60.0,70.0,60.0,50.0,30.0,15.0,15.0,30.0,10.0,10.0,Night Pharmacy,Mercredi,3.41,Nord-Est
ven_3043717968656753496f385249525f303467645654354e4a496843,Night Pharmacy,"Q5RH+5V7, Rue Sidi El Bechir, Tunis, Tunisia",36.7904042,10.179664,True,3,Thursday,27.0,84.0,0.0,0.0,0.0,0.0,0.0,0.0,0.0,0.0,0.0,0.0,0.0,0.0,0.0,85.0,85.0,75.0,70.0,55.0,50.0,45.0,40.0,30.0,70.0,50.0,Night Pharmacy,Jeudi,3.41,Nord-Est
ven_3043717968656753496f385249525f303467645654354e4a496843,Night Pharmacy,"Q5RH+5V7, Rue Sidi El Bechir, Tunis, Tunisia",36.7904042,10.179664,True,4,Friday,28.0,100.0,0.0,0.0,0.0,0.0,0.0,0.0,0.0,0.0,0.0,0.0,0.0,0.0,0.0,60.0,50.0,70.0,90.0,100.0,70.0,50.0,50.0,55.0,35.0,30.0,Night Pharmacy,Vendredi,3.41,Nord-Est
ven_3043717968656753496f385249525f303467645654354e4a496843,Night Pharmacy,"Q5RH+5V7, Rue Sidi El Bechir, Tunis, Tunisia",36.7904042,10.179664,True,5,Saturday,22.0,72.0,0.0,0.0,0.0,0.0,0.0,0.0,0.0,0.0,0.0,0.0,0.0,0.0,0.0,30.0,55.0,70.0,70.0,60.0,50.0,40.0,35.0,30.0,30.0,45.0,Night Pharmacy,Samedi,3.41,Nord-Est
ven_3043717968656753496f385249525f303467645654354e4a496843,Night Pharmacy,"Q5RH+5V7, Rue Sidi El Bechir, Tunis, Tunisia",36.7904042,10.179664,True,6,Sunday,24.0,76.0,50.0,35.0,50.0,0.0,0.0,0.0,0.0,0.0,0.0,0.0,0.0,0.0,0.0,75.0,60.0,50.0,50.0,35.0,30.0,25.0,30.0,20.0,45.0,25.0,Night Pharmacy,Dimanche,3.41,Nord-Est
ven_3862787541576551774451524952563752676e4e69784b4a496843,Pharmacie de Nuit metouia (WIEM GAIED EP HASSINE ),P15 Avenue Habib Bourguiba Métouia 6010 Tunisia,33.9594994,10.0004322,True,0,Monday,50.0,88.0,50.0,65.0,65.0,40.0,25.0,15.0,25.0,35.0,60.0,60.0,60.0,70.0,75.0,90.0,65.0,65.0,40.0,40.0,40.0,45.0,45.0,60.0,15.0,50.0,Pharmacie de Nuit metouia (WIEM GAIED EP HASSINE ),Lundi,318.31,Centre-Sud
ven_3862787541576551774451524952563752676e4e69784b4a496843,Pharmacie de Nuit metouia (WIEM GAIED EP HASSINE ),P15 Avenue Habib Bourguiba Métouia 6010 Tunisia,33.9594994,10.0004322,True,1,Tuesday,44.0,70.0,65.0,70.0,35.0,15.0,5.0,30.0,40.0,65.0,60.0,65.0,45.0,60.0,60.0,45.0,60.0,50.0,60.0,60.0,40.0,25.0,5.0,10.0,35.0,50.0,Pharmacie de Nuit metouia (WIEM GAIED EP HASSINE ),Mardi,318.31,Centre-Sud
ven_3862787541576551774451524952563752676e4e69784b4a496843,Pharmacie de Nuit metouia (WIEM GAIED EP HASSINE ),P15 Avenue Habib Bourguiba Métouia 6010 Tunisia,33.9594994,10.0004322,True,2,Wednesday,45.0,100.0,40.0,50.0,45.0,35.0,30.0,25.0,10.0,10.0,25.0,35.0,70.0,60.0,60.0,50.0,35.0,35.0,45.0,45.0,40.0,45.0,50.0,50.0,90.0,100.0,Pharmacie de Nuit metouia (WIEM GAIED EP HASSINE ),Mercredi,318.31,Centre-Sud
ven_3862787541576551774451524952563752676e4e69784b4a496843,Pharmacie de Nuit metouia (WIEM GAIED EP HASSINE ),P15 Avenue Habib Bourguiba Métouia 6010 Tunisia,33.9594994,10.0004322,True,3,Thursday,37.0,88.0,90.0,75.0,60.0,40.0,40.0,25.0,25.0,30.0,35.0,35.0,50.0,50.0,60.0,40.0,40.0,40.0,25.0,5.0,5.0,5.0,30.0,50.0,10.0,30.0,Pharmacie de Nuit metouia (WIEM GAIED EP HASSINE ),Jeudi,318.31,Centre-Sud
ven_3862787541576551774451524952563752676e4e69784b4a496843,Pharmacie de Nuit metouia (WIEM GAIED EP HASSINE ),P15 Avenue Habib Bourguiba Métouia 6010 Tunisia,33.9594994,10.0004322,True,4,Friday,31.0,82.0,45.0,45.0,45.0,50.0,50.0,80.0,65.0,50.0,45.0,30.0,15.0,25.0,25.0,5.0,5.0,25.0,25.0,5.0,0.0,10.0,10.0,5.0,35.0,40.0,Pharmacie de Nuit metouia (WIEM GAIED EP HASSINE ),Vendredi,318.31,Centre-Sud
ven_3862787541576551774451524952563752676e4e69784b4a496843,Pharmacie de Nuit metouia (WIEM GAIED EP HASSINE ),P15 Avenue Habib Bourguiba Métouia 6010 Tunisia,33.9594994,10.0004322,True,5,Saturday,38.0,88.0,45.0,50.0,50.0,40.0,35.0,30.0,45.0,45.0,65.0,40.0,30.0,35.0,30.0,15.0,5.0,10.0,40.0,90.0,75.0,60.0,30.0,25.0,10.0,5.0,Pharmacie de Nuit metouia (WIEM GAIED EP HASSINE ),Samedi,318.31,Centre-Sud
ven_3862787541576551774451524952563752676e4e69784b4a496843,Pharmacie de Nuit metouia (WIEM GAIED EP HASSINE ),P15 Avenue Habib Bourguiba Métouia 6010 Tunisia,33.9594994,10.0004322,True,6,Sunday,25.0,58.0,15.0,25.0,25.0,40.0,50.0,45.0,35.0,35.0,25.0,5.0,5.0,5.0,0.0,5.0,15.0,30.0,30.0,25.0,10.0,15.0,35.0,25.0,60.0,50.0,Pharmacie de Nuit metouia (WIEM GAIED EP HASSINE ),Dimanche,318.31,Centre-Sud
ven_517530745653414851793352495256767042676b30554f4a496843,Pharmacie,Cité des infirmiers (à coté de Tasty Lounge Gabès 6014 Tunisia,33.888077,10.0975221,True,0,Monday,41.0,66.0,0.0,0.0,60.0,55.0,65.0,60.0,45.0,35.0,25.0,25.0,20.0,35.0,55.0,25.0,25.0,0.0,0.0,0.0,0.0,0.0,0.0,0.0,0.0,0.0,Pharmacie,Lundi,325.96,Centre-Sud
ven_517530745653414851793352495256767042676b30554f4a496843,Pharmacie,Cité des infirmiers (à coté de Tasty Lounge Gabès 6014 Tunisia,33.888077,10.0975221,True,1,Tuesday,32.0,53.0,0.0,0.0,20.0,20.0,25.0,45.0,55.0,55.0,40.0,35.0,25.0,35.0,40.0,25.0,5.0,0.0,0.0,0.0,0.0,0.0,0.0,0.0,0.0,0.0,Pharmacie,Mardi,325.96,Centre-Sud
ven_517530745653414851793352495256767042676b30554f4a496843,Pharmacie,Cité des infirmiers (à coté de Tasty Lounge Gabès 6014 Tunisia,33.888077,10.0975221,True,2,Wednesday,38.0,73.0,0.0,0.0,20.0,5.0,20.0,40.0,75.0,60.0,60.0,25.0,25.0,35.0,55.0,40.0,35.0,0.0,0.0,0.0,0.0,0.0,0.0,0.0,0.0,0.0,Pharmacie,Mercredi,325.96,Centre-Sud
ven_517530745653414851793352495256767042676b30554f4a496843,Pharmacie,Cité des infirmiers (à coté de Tasty Lounge Gabès 6014 Tunisia,33.888077,10.0975221,True,3,Thursday,32.0,53.0,0.0,0.0,55.0,45.0,35.0,20.0,20.0,25.0,25.0,55.0,55.0,25.0,15.0,25.0,20.0,0.0,0.0,0.0,0.0,0.0,0.0,0.0,0.0,0.0,Pharmacie,Jeudi,325.96,Centre-Sud
ven_517530745653414851793352495256767042676b30554f4a496843,Pharmacie,Cité des infirmiers (à coté de Tasty Lounge Gabès 6014 Tunisia,33.888077,10.0975221,True,4,Friday,38.0,100.0,0.0,0.0,100.0,65.0,40.0,15.0,15.0,15.0,5.0,20.0,40.0,55.0,45.0,35.0,45.0,0.0,0.0,0.0,0.0,0.0,0.0,0.0,0.0,0.0,Pharmacie,Vendredi,325.96,Centre-Sud
ven_517530745653414851793352495256767042676b30554f4a496843,Pharmacie,Cité des infirmiers (à coté de Tasty Lounge Gabès 6014 Tunisia,33.888077,10.0975221,True,5,Saturday,41.0,86.0,0.0,0.0,0.0,5.0,35.0,40.0,55.0,40.0,20.0,25.0,40.0,60.0,65.0,65.0,85.0,0.0,0.0,0.0,0.0,0.0,0.0,0.0,0.0,0.0,Pharmacie,Samedi,325.96,Centre-Sud
ven_517530745653414851793352495256767042676b30554f4a496843,Pharmacie,Cité des infirmiers (à coté de Tasty Lounge Gabès 6014 Tunisia,33.888077,10.0975221,True,6,Sunday,42.0,86.0,0.0,0.0,45.0,35.0,55.0,35.0,25.0,35.0,40.0,20.0,15.0,25.0,60.0,75.0,85.0,0.0,0.0,0.0,0.0,0.0,0.0,0.0,0.0,0.0,Pharmacie,Dimanche,325.96,Centre-Sud
ven_596b69495a614b4e46474652495256785a324c526f2d4c4a496843,Pharmacie de nuit Asma Thabti,Avenue Habib Bourguiba Chenini -6042 Gabes Gabes 6042 Tunisia,33.8666324,10.0618598,True,0,Monday,20.0,68.0,0.0,0.0,0.0,0.0,0.0,0.0,0.0,0.0,0.0,0.0,0.0,0.0,0.0,70.0,55.0,45.0,40.0,30.0,25.0,45.0,65.0,45.0,25.0,15.0,Pharmacie de nuit Asma Thabti,Lundi,328.42,Centre-Sud
ven_596b69495a614b4e46474652495256785a324c526f2d4c4a496843,Pharmacie de nuit Asma Thabti,Avenue Habib Bourguiba Chenini -6042 Gabes Gabes 6042 Tunisia,33.8666324,10.0618598,True,1,Tuesday,24.0,73.0,0.0,0.0,0.0,0.0,0.0,0.0,0.0,0.0,0.0,0.0,0.0,0.0,0.0,70.0,70.0,75.0,65.0,65.0,65.0,55.0,50.0,30.0,25.0,15.0,Pharmacie de nuit Asma Thabti,Mardi,328.42,Centre-Sud
ven_596b69495a614b4e46474652495256785a324c526f2d4c4a496843,Pharmacie de nuit Asma Thabti,Avenue Habib Bourguiba Chenini -6042 Gabes Gabes 6042 Tunisia,33.8666324,10.0618598,True,2,Wednesday,21.0,89.0,0.0,0.0,0.0,0.0,0.0,0.0,0.0,0.0,0.0,0.0,0.0,0.0,0.0,90.0,85.0,90.0,50.0,40.0,15.0,15.0,30.0,40.0,25.0,25.0,Pharmacie de nuit Asma Thabti,Mercredi,328.42,Centre-Sud
ven_596b69495a614b4e46474652495256785a324c526f2d4c4a496843,Pharmacie de nuit Asma Thabti,Avenue Habib Bourguiba Chenini -6042 Gabes Gabes 6042 Tunisia,33.8666324,10.0618598,True,3,Thursday,23.0,89.0,0.0,0.0,0.0,0.0,0.0,0.0,0.0,0.0,0.0,0.0,0.0,0.0,0.0,75.0,70.0,80.0,90.0,75.0,40.0,15.0,5.0,20.0,40.0,50.0,Pharmacie de nuit Asma Thabti,Jeudi,328.42,Centre-Sud
ven_596b69495a614b4e46474652495256785a324c526f2d4c4a496843,Pharmacie de nuit Asma Thabti,Avenue Habib Bourguiba Chenini -6042 Gabes Gabes 6042 Tunisia,33.8666324,10.0618598,True,4,Friday,30.0,89.0,0.0,0.0,0.0,0.0,0.0,0.0,0.0,0.0,0.0,0.0,0.0,0.0,0.0,70.0,75.0,85.0,80.0,75.0,40.0,50.0,40.0,45.0,70.0,90.0,Pharmacie de nuit Asma Thabti,Vendredi,328.42,Centre-Sud
ven_596b69495a614b4e46474652495256785a324c526f2d4c4a496843,Pharmacie de nuit Asma Thabti,Avenue Habib Bourguiba Chenini -6042 Gabes Gabes 6042 Tunisia,33.8666324,10.0618598,True,5,Saturday,24.0,100.0,0.0,0.0,0.0,0.0,0.0,0.0,0.0,0.0,0.0,0.0,0.0,0.0,0.0,55.0,55.0,70.0,75.0,100.0,55.0,35.0,15.0,40.0,35.0,35.0,Pharmacie de nuit Asma Thabti,Samedi,328.42,Centre-Sud
ven_596b69495a614b4e46474652495256785a324c526f2d4c4a496843,Pharmacie de nuit Asma Thabti,Avenue Habib Bourguiba Chenini -6042 Gabes Gabes 6042 Tunisia,33.8666324,10.0618598,True,6,Sunday,28.0,94.0,45.0,40.0,40.0,0.0,0.0,0.0,0.0,0.0,0.0,0.0,0.0,0.0,0.0,65.0,35.0,55.0,70.0,95.0,65.0,35.0,20.0,20.0,40.0,35.0,Pharmacie de nuit Asma Thabti,Dimanche,328.42,Centre-Sud
ven_736264494f65526678376b5249525676644e474e325f374a496843,Pharmacie De Nuit,Rue aboulkacem chebbi 6011 M Manara Tunisia,33.8708134,10.1094091,True,0,Monday,15.0,57.0,0.0,0.0,0.0,0.0,0.0,0.0,0.0,0.0,0.0,0.0,0.0,0.0,0.0,50.0,50.0,55.0,50.0,50.0,35.0,15.0,0.0,20.0,20.0,5.0,Pharmacie De Nuit,Lundi,327.86,Centre-Sud
ven_736264494f65526678376b5249525676644e474e325f374a496843,Pharmacie De Nuit,Rue aboulkacem chebbi 6011 M Manara Tunisia,33.8708134,10.1094091,True,1,Tuesday,15.0,57.0,0.0,0.0,0.0,0.0,0.0,0.0,0.0,0.0,0.0,0.0,0.0,0.0,0.0,55.0,50.0,20.0,15.0,0.0,20.0,30.0,50.0,30.0,40.0,50.0,Pharmacie De Nuit,Mardi,327.86,Centre-Sud
ven_736264494f65526678376b5249525676644e474e325f374a496843,Pharmacie De Nuit,Rue aboulkacem chebbi 6011 M Manara Tunisia,33.8708134,10.1094091,True,2,Wednesday,23.0,71.0,0.0,0.0,0.0,0.0,0.0,0.0,0.0,0.0,0.0,0.0,0.0,0.0,0.0,50.0,40.0,70.0,70.0,70.0,55.0,35.0,20.0,30.0,50.0,50.0,Pharmacie De Nuit,Mercredi,327.86,Centre-Sud
ven_736264494f65526678376b5249525676644e474e325f374a496843,Pharmacie De Nuit,Rue aboulkacem chebbi 6011 M Manara Tunisia,33.8708134,10.1094091,True,3,Thursday,21.0,78.0,0.0,0.0,0.0,0.0,0.0,0.0,0.0,0.0,0.0,0.0,0.0,0.0,0.0,20.0,30.0,40.0,35.0,40.0,80.0,80.0,65.0,55.0,30.0,30.0,Pharmacie De Nuit,Jeudi,327.86,Centre-Sud
ven_736264494f65526678376b5249525676644e474e325f374a496843,Pharmacie De Nuit,Rue aboulkacem chebbi 6011 M Manara Tunisia,33.8708134,10.1094091,True,4,Friday,12.0,42.0,0.0,0.0,0.0,0.0,0.0,0.0,0.0,0.0,0.0,0.0,0.0,0.0,0.0,15.0,20.0,35.0,20.0,20.0,35.0,40.0,40.0,35.0,15.0,5.0,Pharmacie De Nuit,Vendredi,327.86,Centre-Sud
ven_736264494f65526678376b5249525676644e474e325f374a496843,Pharmacie De Nuit,Rue aboulkacem chebbi 6011 M Manara Tunisia,33.8708134,10.1094091,True,5,Saturday,10.0,42.0,0.0,0.0,0.0,0.0,0.0,0.0,0.0,0.0,0.0,0.0,0.0,0.0,0.0,35.0,30.0,30.0,30.0,20.0,15.0,0.0,5.0,15.0,35.0,40.0,Pharmacie De Nuit,Samedi,327.86,Centre-Sud
ven_736264494f65526678376b5249525676644e474e325f374a496843,Pharmacie De Nuit,Rue aboulkacem chebbi 6011 M Manara Tunisia,33.8708134,10.1094091,True,6,Sunday,24.0,100.0,40.0,50.0,55.0,0.0,0.0,0.0,0.0,0.0,0.0,0.0,0.0,0.0,0.0,100.0,70.0,50.0,35.0,35.0,15.0,5.0,5.0,5.0,35.0,55.0,Pharmacie De Nuit,Dimanche,327.86,Centre-Sud
ven_5951444c3775425854544352495256784e627462792d384a496843,Pharmacie de nuit bouchemma,Unnamed Road Chenini Nahal Tunisia,33.9064237,10.0600999,True,0,Monday,21.0,53.0,0.0,0.0,0.0,0.0,0.0,0.0,0.0,0.0,45.0,35.0,25.0,55.0,40.0,15.0,5.0,25.0,45.0,40.0,40.0,35.0,35.0,25.0,20.0,20.0,Pharmacie de nuit bouchemma,Lundi,324.01,Centre-Sud
ven_5951444c3775425854544352495256784e627462792d384a496843,Pharmacie de nuit bouchemma,Unnamed Road Chenini Nahal Tunisia,33.9064237,10.0600999,True,1,Tuesday,22.0,60.0,0.0,0.0,0.0,0.0,0.0,0.0,0.0,0.0,35.0,35.0,35.0,55.0,60.0,45.0,35.0,40.0,25.0,45.0,25.0,25.0,15.0,25.0,20.0,15.0,Pharmacie de nuit bouchemma,Mardi,324.01,Centre-Sud
ven_5951444c3775425854544352495256784e627462792d384a496843,Pharmacie de nuit bouchemma,Unnamed Road Chenini Nahal Tunisia,33.9064237,10.0600999,True,2,Wednesday,18.0,46.0,0.0,0.0,0.0,0.0,0.0,0.0,0.0,0.0,25.0,20.0,5.0,5.0,25.0,45.0,45.0,45.0,40.0,20.0,15.0,20.0,20.0,20.0,40.0,35.0,Pharmacie de nuit bouchemma,Mercredi,324.01,Centre-Sud
ven_5951444c3775425854544352495256784e627462792d384a496843,Pharmacie de nuit bouchemma,Unnamed Road Chenini Nahal Tunisia,33.9064237,10.0600999,True,3,Thursday,16.0,46.0,0.0,0.0,0.0,0.0,0.0,0.0,0.0,0.0,40.0,45.0,35.0,40.0,25.0,20.0,0.0,15.0,15.0,15.0,15.0,15.0,20.0,35.0,35.0,25.0,Pharmacie de nuit bouchemma,Jeudi,324.01,Centre-Sud
ven_5951444c3775425854544352495256784e627462792d384a496843,Pharmacie de nuit bouchemma,Unnamed Road Chenini Nahal Tunisia,33.9064237,10.0600999,True,4,Friday,19.0,60.0,0.0,0.0,0.0,0.0,0.0,0.0,0.0,0.0,60.0,40.0,40.0,15.0,20.0,25.0,40.0,35.0,20.0,0.0,15.0,25.0,45.0,35.0,20.0,20.0,Pharmacie de nuit bouchemma,Vendredi,324.01,Centre-Sud
ven_5951444c3775425854544352495256784e627462792d384a496843,Pharmacie de nuit bouchemma,Unnamed Road Chenini Nahal Tunisia,33.9064237,10.0600999,True,5,Saturday,18.0,66.0,0.0,0.0,0.0,0.0,0.0,0.0,0.0,0.0,5.0,5.0,20.0,40.0,40.0,65.0,25.0,25.0,15.0,5.0,20.0,25.0,40.0,20.0,35.0,45.0,Pharmacie de nuit bouchemma,Samedi,324.01,Centre-Sud
ven_5951444c3775425854544352495256784e627462792d384a496843,Pharmacie de nuit bouchemma,Unnamed Road Chenini Nahal Tunisia,33.9064237,10.0600999,True,6,Sunday,37.0,100.0,35.0,45.0,25.0,0.0,0.0,0.0,0.0,0.0,65.0,55.0,35.0,25.0,20.0,20.0,55.0,85.0,100.0,85.0,45.0,40.0,35.0,40.0,40.0,35.0,Pharmacie de nuit bouchemma,Dimanche,324.01,Centre-Sud
