client_id,client_type,client_name,governorate,delegation,specialty_macro,crm_segment,engagement_level,engagement_score_num,patients_per_month,patients_normalized,patient_volume_category,total_visits,last_visit_date,days_since_last_visit,weeks_since_last_visit,months_since_last_visit,last_visit_month,recency_category,visit_frequency_rec,visit_overdue,nb_preferred_products,is_multi_product,primary_language,is_pharmacy,is_doctor,is_specialist,visit_priority_score
CLI0158,Cabinet Médical,Pr. Mohamed Elloumi,Ariana,Ettadhamen,Pédiatrie,Médecin Développement,Moyen,2,205,0.078,Cabinet modéré,17,2025-12-06,77,11.0,2.5,2025-12,À relancer (61-90j),Trimestriel,0,2,1,Arabe,0,1,1,3.25
CLI0194,Cabinet Médical,Dr. Sonia Farhat,Ariana,Sidi Thabet,Gastro-entérologie,Médecin À Conquérir,Faible,1,714,0.868,Cabinet très actif,13,2025-11-08,105,15.0,3.4,2025-11,Urgence (>90j),Bi-mensuel,1,1,0,Français,0,1,1,7.2
CLI0207,Cabinet Médical,Dr. Karim Belhadj,Ariana,Kalâat El-Andalous,Urologie,Médecin Développement,Moyen,2,685,0.823,Cabinet très actif,13,2025-12-16,67,9.6,2.2,2025-12,À relancer (61-90j),Bi-mensuel,1,5,1,Français,0,1,1,5.18
CLI0212,Cabinet Médical,Pr. Mohamed Jemni,Ariana,Mnihla,Urologie,Médecin À Conquérir,Faible,1,496,0.53,Cabinet actif,18,2025-09-26,148,21.1,4.9,2025-09,Urgence (>90j),Trimestriel,1,5,1,Arabe,0,1,1,6.8
CLI0216,Cabinet Médical,Dr. Mohamed Farhat,Ariana,Ariana Ville,Ophtalmologie,Médecin Développement,Moyen,2,196,0.064,Cabinet modéré,17,2025-12-25,58,8.3,1.9,2025-12,Normal (31-60j),Trimestriel,0,1,0,Arabe,0,1,1,2.89
CLI0228,Cabinet Médical,Dr. Mehdi Jemni,Ariana,Ariana Ville,Médecine Générale,Médecin Développement,Moyen,2,584,0.666,Cabinet actif,8,2026-01-10,42,6.0,1.4,2026-01,Normal (31-60j),Bi-mensuel,1,5,1,Arabe,0,1,0,4.66
CLI0001,Pharmacie,Para-Pharmacie de la Santé,Ariana,Ariana Ville,Pharmacie,Pharmacie À Développer,Faible,1,930,0.041,Fréquentation moyenne,5,2026-02-03,18,2.6,0.6,2026-02,Récent (≤30j),Trimestriel,0,1,0,Français,1,0,0,4.11
CLI0010,Pharmacie,Pharmacie du Lac,Ariana,Ettadhamen,Médecine Générale,Pharmacie À Développer,Faible,1,1737,0.343,Haute fréquentation,4,2026-01-24,28,4.0,0.9,2026-01,Récent (≤30j),Trimestriel,0,2,1,Français,1,0,0,5.1
CLI0012,Pharmacie,Pharmacie Carthage,Ariana,Ettadhamen,Médecine Générale,Pharmacie À Développer,Faible,1,2615,0.671,Haute fréquentation,6,2025-09-23,151,21.6,5.0,2025-09,Urgence (>90j),Trimestriel,1,1,0,Français,1,0,0,7.92
CLI0026,Pharmacie,Para-Pharmacie du Progrès,Ariana,Raoued,Médecine Générale,Pharmacie À Développer,Faible,1,1236,0.155,Fréquentation moyenne,10,2025-10-25,119,17.0,3.9,2025-10,Urgence (>90j),Trimestriel,1,1,0,Français,1,0,0,5.84
CLI0029,Pharmacie,Para-Pharmacie Moderne,Ariana,Raoued,Médecine Générale,Pharmacie À Développer,Faible,1,3158,0.874,Très haute fréquentation,18,2025-11-05,108,15.4,3.5,2025-11,Urgence (>90j),Bi-mensuel,1,1,0,Français,1,0,0,6.97
CLI0031,Pharmacie,Para-Pharmacie El Menzah,Ariana,Sidi Thabet,Pharmacie,Pharmacie À Développer,Faible,1,2352,0.573,Haute fréquentation,16,2025-12-01,82,11.7,2.7,2025-12,À relancer (61-90j),Trimestriel,0,2,1,Arabe,1,0,0,5.89
CLI0042,Pharmacie,Pharmacie Manar,Ariana,Ettadhamen,Pharmacie,Pharmacie À Développer,Faible,1,933,0.042,Fréquentation moyenne,12,2025-12-13,70,10.0,2.3,2025-12,À relancer (61-90j),Trimestriel,0,5,1,Français,1,0,0,4.59
CLI0079,Pharmacie,Para-Pharmacie du Progrès,Ariana,Mnihla,Médecine Générale,Pharmacie À Développer,Faible,1,2285,0.548,Haute fréquentation,8,2025-11-23,90,12.9,3.0,2025-11,À relancer (61-90j),Trimestriel,0,1,0,Arabe,1,0,0,6.44
CLI0096,Pharmacie,Pharmacie de la Paix,Ariana,Kalâat El-Andalous,Pharmacie,Pharmacie À Développer,Faible,1,1123,0.113,Fréquentation moyenne,9,2025-12-08,75,10.7,2.5,2025-12,À relancer (61-90j),Trimestriel,0,3,1,Français,1,0,0,5.04
CLI0111,Pharmacie,Para-Pharmacie de la République,Ariana,Mnihla,Médecine Générale,Pharmacie Active,Moyen,2,2154,0.499,Haute fréquentation,17,2025-12-31,52,7.4,1.7,2025-12,Normal (31-60j),Trimestriel,0,5,1,Français,1,0,0,3.87
CLI0115,Pharmacie,Pharmacie de la Liberté,Ariana,Kalâat El-Andalous,Médecine Générale,Pharmacie À Développer,Faible,1,1641,0.307,Haute fréquentation,18,2025-09-14,160,22.9,5.3,2025-09,Urgence (>90j),Trimestriel,1,1,0,Français,1,0,0,6.45
CLI0117,Pharmacie,Pharmacie de la Paix,Ariana,Raoued,Pharmacie,Pharmacie À Développer,Faible,1,2333,0.566,Haute fréquentation,17,2025-11-05,108,15.4,3.5,2025-11,Urgence (>90j),Trimestriel,1,4,1,Français,1,0,0,6.26
CLI0125,Pharmacie,Para-Pharmacie Populaire,Ariana,La Soukra,Pharmacie,Pharmacie À Développer,Faible,1,866,0.017,Fréquentation moyenne,20,2025-12-06,77,11.0,2.5,2025-12,À relancer (61-90j),Trimestriel,0,7,1,Français,1,0,0,4.17
CLI0127,Pharmacie,Pharmacie Populaire,Ariana,La Soukra,Pharmacie,Pharmacie Partenaire,Élevé,3,2328,0.564,Haute fréquentation,22,2026-01-26,26,3.7,0.9,2026-01,Récent (≤30j),Mensuel,0,3,1,Arabe,1,0,0,2.29
CLI0131,Pharmacie,Para-Pharmacie de la Victoire,Ariana,Sidi Thabet,Pharmacie,Pharmacie À Développer,Faible,1,1115,0.11,Fréquentation moyenne,8,2025-11-26,87,12.4,2.9,2025-11,À relancer (61-90j),Trimestriel,0,5,1,Français,1,0,0,5.29
CLI0151,Cabinet Médical,Dr. Fatma Farhat,Ben Arous,Hammam Lif,Pneumologie,Médecin À Conquérir,Faible,1,792,0.989,Cabinet très actif,14,2025-10-22,122,17.4,4.0,2025-10,Urgence (>90j),Bi-mensuel,1,2,1,Français,0,1,1,7.74
CLI0154,Cabinet Médical,Pr. Mohamed Ghariani,Ben Arous,Mégrine,Pédiatrie,Médecin Champion,Élevé,3,430,0.427,Cabinet actif,13,2026-01-13,39,5.6,1.3,2026-01,Normal (31-60j),Mensuel,1,2,1,Français,0,1,1,2.71
CLI0156,Cabinet Médical,Dr. Sonia Ghariani,Ben Arous,Mégrine,Cardiologie,Médecin À Conquérir,Faible,1,290,0.21,Cabinet modéré,6,2025-10-31,113,16.1,3.7,2025-10,Urgence (>90j),Trimestriel,1,3,1,Français,0,1,1,6.11
CLI0157,Cabinet Médical,Pr. Sonia Chouchane,Ben Arous,Mégrine,ORL,Médecin Développement,Moyen,2,293,0.214,Cabinet modéré,14,2026-01-05,47,6.7,1.5,2026-01,Normal (31-60j),Trimestriel,0,4,1,Français,0,1,1,3.26
CLI0162,Cabinet Médical,Dr. Amira Farhat,Ben Arous,Ben Arous,Neurologie,Médecin À Conquérir,Faible,1,425,0.419,Cabinet actif,5,2025-08-02,203,29.0,6.7,2025-08,Urgence (>90j),Trimestriel,1,1,0,Arabe,0,1,1,8.25
CLI0177,Cabinet Médical,Dr. Amira Jemni,Ben Arous,Fouchana,Gynécologie,Médecin Champion,Élevé,3,374,0.34,Cabinet actif,18,2026-01-31,21,3.0,0.7,2026-01,Récent (≤30j),Mensuel,0,2,1,Français,0,1,1,1.88
CLI0179,Cabinet Médical,Pr. Amira Farhat,Ben Arous,Hammam Lif,Dermatologie,Médecin Développement,Moyen,2,515,0.559,Cabinet actif,7,2025-12-10,73,10.4,2.4,2025-12,À relancer (61-90j),Bi-mensuel,1,4,1,Français,0,1,1,4.99
CLI0181,Cabinet Médical,Dr. Leila Hammami,Ben Arous,Mornag,Médecine Générale,Médecin À Conquérir,Faible,1,260,0.163,Cabinet modéré,2,2025-08-05,200,28.6,6.6,2025-08,Urgence (>90j),Trimestriel,1,3,1,Arabe,0,1,0,7.74
CLI0183,Cabinet Médical,Dr. Ahmed Jemni,Ben Arous,Radès,Cardiologie,Médecin À Conquérir,Faible,1,318,0.253,Cabinet modéré,15,2025-09-03,171,24.4,5.6,2025-09,Urgence (>90j),Trimestriel,1,1,0,Français,0,1,1,6.68
CLI0198,Cabinet Médical,Pr. Karim Elloumi,Ben Arous,Ben Arous,ORL,Médecin Développement,Moyen,2,735,0.901,Cabinet très actif,12,2025-12-19,64,9.1,2.1,2025-12,À relancer (61-90j),Bi-mensuel,1,5,1,Français,0,1,1,5.39
CLI0229,Cabinet Médical,Pr. Leila Amari,Ben Arous,Ben Arous,Cardiologie,Médecin Développement,Moyen,2,738,0.905,Cabinet très actif,10,2025-12-09,74,10.6,2.4,2025-12,À relancer (61-90j),Bi-mensuel,1,4,1,Arabe,0,1,1,5.69
CLI0033,Pharmacie,Pharmacie Populaire,Ben Arous,Fouchana,Pharmacie,Pharmacie À Développer,Faible,1,2424,0.6,Haute fréquentation,5,2025-12-22,61,8.7,2.0,2025-12,À relancer (61-90j),Trimestriel,0,5,1,Français,1,0,0,6.25
CLI0045,Pharmacie,Para-Pharmacie du Soleil,Ben Arous,Mégrine,Pharmacie,Pharmacie Active,Moyen,2,1228,0.152,Fréquentation moyenne,13,2025-12-31,52,7.4,1.7,2025-12,Normal (31-60j),Trimestriel,0,4,1,Français,1,0,0,3.25
CLI0063,Pharmacie,Pharmacie El Menzah,Ben Arous,Bou Mhel El-Bassatine,Médecine Générale,Pharmacie À Développer,Faible,1,2651,0.685,Haute fréquentation,10,2025-10-05,139,19.9,4.6,2025-10,Urgence (>90j),Trimestriel,1,5,1,Français,1,0,0,7.51
CLI0080,Pharmacie,Para-Pharmacie de Nuit,Ben Arous,El Mourouj,Pharmacie,Pharmacie À Développer,Faible,1,3246,0.907,Très haute fréquentation,7,2025-11-06,107,15.3,3.5,2025-11,Urgence (>90j),Bi-mensuel,1,1,0,Français,1,0,0,7.69
CLI0083,Pharmacie,Pharmacie de la Santé,Ben Arous,Radès,Pharmacie,Pharmacie À Développer,Faible,1,1134,0.117,Fréquentation moyenne,10,2025-11-07,106,15.1,3.5,2025-11,Urgence (>90j),Trimestriel,1,1,0,Français,1,0,0,5.52
CLI0084,Pharmacie,Para-Pharmacie de Garde,Ben Arous,Ben Arous,Médecine Générale,Pharmacie À Développer,Faible,1,1848,0.384,Haute fréquentation,7,2025-12-17,66,9.4,2.2,2025-12,À relancer (61-90j),Trimestriel,0,5,1,Arabe,1,0,0,5.68
CLI0090,Pharmacie,Para-Pharmacie Moderne,Ben Arous,Mohamedia,Pharmacie,Pharmacie À Développer,Faible,1,2618,0.672,Haute fréquentation,17,2025-11-13,100,14.3,3.3,2025-11,Urgence (>90j),Trimestriel,1,3,1,Français,1,0,0,6.38
CLI0094,Pharmacie,Pharmacie Monplaisir,Ben Arous,Ezzahra,Pharmacie,Pharmacie Active,Moyen,2,3059,0.837,Très haute fréquentation,22,2026-01-08,44,6.3,1.4,2026-01,Normal (31-60j),Bi-mensuel,1,1,0,Français,1,0,0,4.28
CLI0100,Pharmacie,Para-Pharmacie Carthage,Ben Arous,Ezzahra,Médecine Générale,Pharmacie À Développer,Faible,1,2410,0.594,Haute fréquentation,17,2025-10-04,140,20.0,4.6,2025-10,Urgence (>90j),Trimestriel,1,1,0,Français,1,0,0,6.88
CLI0119,Pharmacie,Pharmacie Familiale,Ben Arous,Bou Mhel El-Bassatine,Médecine Générale,Pharmacie À Développer,Faible,1,1785,0.361,Haute fréquentation,5,2025-12-20,63,9.0,2.1,2025-12,À relancer (61-90j),Trimestriel,0,1,0,Français,1,0,0,5.69
CLI0121,Pharmacie,Pharmacie du Centre,Ben Arous,Mornag,Médecine Générale,Pharmacie À Développer,Faible,1,2210,0.52,Haute fréquentation,24,2025-08-30,175,25.0,5.7,2025-08,Urgence (>90j),Trimestriel,1,2,1,Français,1,0,0,6.88
CLI0132,Pharmacie,Para-Pharmacie de la Liberté,Ben Arous,El Mourouj,Pharmacie,Pharmacie Partenaire,Élevé,3,2136,0.492,Haute fréquentation,23,2026-02-03,18,2.6,0.6,2026-02,Récent (≤30j),Mensuel,0,2,1,Arabe,1,0,0,1.91
CLI0139,Pharmacie,Para-Pharmacie de la Santé,Ben Arous,Mornag,Pharmacie,Pharmacie À Développer,Faible,1,3184,0.884,Très haute fréquentation,20,2025-10-31,113,16.1,3.7,2025-10,Urgence (>90j),Bi-mensuel,1,5,1,Arabe,1,0,0,6.96
CLI0168,Cabinet Médical,Pr. Amira Belhadj,Bizerte,Tinja,Rhumatologie / Orthopédie,Médecin À Conquérir,Faible,1,756,0.933,Cabinet très actif,3,2025-09-13,161,23.0,5.3,2025-09,Urgence (>90j),Bi-mensuel,1,2,1,Français,0,1,1,8.93
CLI0170,Cabinet Médical,Dr. Amira Elloumi,Bizerte,Menzel Bourguiba,Gastro-entérologie,Médecin Développement,Moyen,2,767,0.95,Cabinet très actif,8,2026-01-26,26,3.7,0.9,2026-01,Récent (≤30j),Bi-mensuel,1,2,1,Français,0,1,1,5.09
CLI0193,Cabinet Médical,Dr. Fatma Dhouib,Bizerte,El Alia,Pneumologie,Médecin À Conquérir,Faible,1,519,0.565,Cabinet actif,8,2025-08-09,196,28.0,6.4,2025-08,Urgence (>90j),Trimestriel,1,2,1,Arabe,0,1,1,8.31
CLI0199,Cabinet Médical,Dr. Mehdi Chouchane,Bizerte,Ghezala,Gynécologie,Médecin Développement,Moyen,2,722,0.88,Cabinet très actif,12,2025-12-21,62,8.9,2.0,2025-12,À relancer (61-90j),Bi-mensuel,1,3,1,Français,0,1,1,5.3
CLI0221,Cabinet Médical,Dr. Youssef Chouchane,Bizerte,Bizerte Sud,Médecine Générale,Médecin À Conquérir,Faible,1,443,0.447,Cabinet actif,10,2025-08-15,190,27.1,6.2,2025-08,Urgence (>90j),Trimestriel,1,1,0,Français,0,1,0,7.79
CLI0222,Cabinet Médical,Pr. Amira Belhadj,Bizerte,Bizerte Nord,Rhumatologie / Orthopédie,Médecin Développement,Moyen,2,548,0.61,Cabinet actif,18,2025-12-07,76,10.9,2.5,2025-12,À relancer (61-90j),Bi-mensuel,1,5,1,Français,0,1,1,4.51
CLI0224,Cabinet Médical,Pr. Mohamed Ghariani,Bizerte,Bizerte Sud,Gynécologie,Médecin À Conquérir,Faible,1,155,0.0,Cabinet modéré,16,2025-11-13,100,14.3,3.3,2025-11,Urgence (>90j),Trimestriel,1,3,1,Français,0,1,1,4.76
CLI0005,Pharmacie,Para-Pharmacie de Garde,Bizerte,Mateur,Pharmacie,Pharmacie À Développer,Faible,1,1670,0.318,Haute fréquentation,18,2025-08-27,178,25.4,5.8,2025-08,Urgence (>90j),Trimestriel,1,2,1,Arabe,1,0,0,6.78
CLI0007,Pharmacie,Pharmacie de l'Étoile,Bizerte,Ghezala,Pharmacie,Pharmacie À Développer,Faible,1,1447,0.234,Fréquentation moyenne,3,2025-10-17,127,18.1,4.2,2025-10,Urgence (>90j),Trimestriel,1,5,1,Français,1,0,0,6.59
CLI0017,Pharmacie,Para-Pharmacie de l'Étoile,Bizerte,Bizerte Nord,Pharmacie,Pharmacie Active,Moyen,2,3277,0.919,Très haute fréquentation,25,2025-12-19,64,9.1,2.1,2025-12,À relancer (61-90j),Bi-mensuel,1,2,1,Français,1,0,0,4.65
CLI0019,Pharmacie,Para-Pharmacie du Bonheur,Bizerte,Bizerte Nord,Médecine Générale,Pharmacie Active,Moyen,2,2265,0.54,Haute fréquentation,24,2025-12-19,64,9.1,2.1,2025-12,À relancer (61-90j),Bi-mensuel,1,1,0,Français,1,0,0,3.76
CLI0023,Pharmacie,Pharmacie Nouvelle,Bizerte,Ras Jebel,Pharmacie,Pharmacie À Développer,Faible,1,2877,0.769,Haute fréquentation,24,2025-11-23,90,12.9,3.0,2025-11,À relancer (61-90j),Bi-mensuel,1,4,1,Français,1,0,0,6.03
CLI0025,Pharmacie,Pharmacie de l'Étoile,Bizerte,Ghar El Melh,Pharmacie,Pharmacie À Développer,Faible,1,1720,0.336,Haute fréquentation,7,2025-12-22,61,8.7,2.0,2025-12,À relancer (61-90j),Trimestriel,0,1,0,Français,1,0,0,5.47
CLI0046,Pharmacie,Para-Pharmacie du Lac,Bizerte,Bizerte Nord,Médecine Générale,Pharmacie À Développer,Faible,1,3493,1.0,Très haute fréquentation,17,2025-09-25,149,21.3,4.9,2025-09,Urgence (>90j),Bi-mensuel,1,2,1,Français,1,0,0,8.05
CLI0048,Pharmacie,Pharmacie de la Santé,Bizerte,Tinja,Pharmacie,Pharmacie À Développer,Faible,1,2501,0.629,Haute fréquentation,18,2025-10-10,134,19.1,4.4,2025-10,Urgence (>90j),Trimestriel,1,1,0,Français,1,0,0,6.8
CLI0052,Pharmacie,Para-Pharmacie du Progrès,Bizerte,Tinja,Pharmacie,Pharmacie À Développer,Faible,1,1170,0.131,Fréquentation moyenne,6,2025-10-22,122,17.4,4.0,2025-10,Urgence (>90j),Trimestriel,1,5,1,Arabe,1,0,0,6.07
CLI0058,Pharmacie,Pharmacie de Nuit,Bizerte,Menzel Bourguiba,Pharmacie,Pharmacie À Développer,Faible,1,3194,0.888,Très haute fréquentation,23,2025-11-05,108,15.4,3.5,2025-11,Urgence (>90j),Bi-mensuel,1,2,1,Français,1,0,0,6.7
CLI0059,Pharmacie,Pharmacie du Progrès,Bizerte,Menzel Bourguiba,Médecine Générale,Pharmacie À Développer,Faible,1,2046,0.458,Haute fréquentation,6,2025-10-07,137,19.6,4.5,2025-10,Urgence (>90j),Trimestriel,1,1,0,Français,1,0,0,7.15
CLI0069,Pharmacie,Para-Pharmacie du Centre,Bizerte,Mateur,Médecine Générale,Pharmacie Active,Moyen,2,1015,0.073,Fréquentation moyenne,8,2026-01-02,50,7.1,1.6,2026-01,Normal (31-60j),Trimestriel,0,3,1,Français,1,0,0,3.31
CLI0097,Pharmacie,Pharmacie du Bonheur,Bizerte,Ras Jebel,Médecine Générale,Pharmacie Partenaire,Élevé,3,1132,0.116,Fréquentation moyenne,23,2026-01-30,22,3.1,0.7,2026-01,Récent (≤30j),Mensuel,0,3,1,Français,1,0,0,1.04
CLI0104,Pharmacie,Para-Pharmacie du Quartier,Bizerte,Menzel Jemil,Pharmacie,Pharmacie À Développer,Faible,1,3190,0.886,Très haute fréquentation,25,2025-11-24,89,12.7,2.9,2025-11,À relancer (61-90j),Bi-mensuel,1,3,1,Français,1,0,0,6.25
CLI0128,Pharmacie,Pharmacie Centrale,Bizerte,Tinja,Pharmacie,Pharmacie À Développer,Faible,1,1534,0.267,Haute fréquentation,6,2026-01-14,38,5.4,1.2,2026-01,Normal (31-60j),Trimestriel,0,3,1,Français,1,0,0,4.96
CLI0141,Pharmacie,Pharmacie de la République,Bizerte,Menzel Jemil,Pharmacie,Pharmacie À Développer,Faible,1,2503,0.629,Haute fréquentation,6,2026-01-20,32,4.6,1.1,2026-01,Normal (31-60j),Trimestriel,0,3,1,Français,1,0,0,5.76
CLI0142,Pharmacie,Para-Pharmacie Ibn Sina,Bizerte,Ghar El Melh,Médecine Générale,Pharmacie À Développer,Faible,1,892,0.027,Fréquentation moyenne,23,2025-11-15,98,14.0,3.2,2025-11,Urgence (>90j),Trimestriel,1,1,0,Français,1,0,0,4.38
CLI0143,Pharmacie,Para-Pharmacie de la Victoire,Bizerte,Jarzouna,Pharmacie,Pharmacie Partenaire,Élevé,3,2420,0.598,Haute fréquentation,22,2026-02-03,18,2.6,0.6,2026-02,Récent (≤30j),Mensuel,0,1,0,Français,1,0,0,2.24
CLI0147,Pharmacie,Para-Pharmacie du Centre,Bizerte,Menzel Jemil,Pharmacie,Pharmacie Active,Moyen,2,1996,0.44,Haute fréquentation,11,2026-02-02,19,2.7,0.6,2026-02,Récent (≤30j),Trimestriel,0,1,0,Français,1,0,0,3.52
CLI0165,Cabinet Médical,Dr. Mehdi Amari,Gabès,Matmata,Dermatologie,Médecin À Conquérir,Faible,1,626,0.731,Cabinet très actif,11,2025-11-25,88,12.6,2.9,2025-11,À relancer (61-90j),Bi-mensuel,1,2,1,Arabe,0,1,1,6.68
CLI0185,Cabinet Médical,Dr. Ahmed Amari,Gabès,Mareth,Pédiatrie,Médecin À Conquérir,Faible,1,557,0.624,Cabinet actif,17,2025-10-08,136,19.4,4.5,2025-10,Urgence (>90j),Trimestriel,1,3,1,Français,0,1,1,6.88
CLI0187,Cabinet Médical,Dr. Youssef Jemni,Gabès,Ghannouch,ORL,Médecin À Conquérir,Faible,1,230,0.116,Cabinet modéré,3,2025-10-27,117,16.7,3.8,2025-10,Urgence (>90j),Trimestriel,1,3,1,Français,0,1,1,6.13
CLI0192,Cabinet Médical,Dr. Amira Dhouib,Gabès,Gabès Ouest,Pneumologie,Médecin À Conquérir,Faible,1,207,0.081,Cabinet modéré,7,2025-09-27,147,21.0,4.8,2025-09,Urgence (>90j),Trimestriel,1,1,0,Français,0,1,1,6.32
CLI0197,Cabinet Médical,Pr. Ahmed Hammami,Gabès,El Hamma,Cardiologie,Médecin Développement,Moyen,2,455,0.466,Cabinet actif,6,2025-12-19,64,9.1,2.1,2025-12,À relancer (61-90j),Trimestriel,0,3,1,Français,0,1,1,4.66
CLI0205,Cabinet Médical,Dr. Ahmed Farhat,Gabès,Menzel El Habib,Psychiatrie,Médecin À Conquérir,Faible,1,697,0.842,Cabinet très actif,3,2025-08-30,175,25.0,5.7,2025-08,Urgence (>90j),Bi-mensuel,1,3,1,Français,0,1,1,8.94
CLI0225,Cabinet Médical,Pr. Ines Jemni,Gabès,El Hamma,Ophtalmologie,Médecin À Conquérir,Faible,1,219,0.099,Cabinet modéré,7,2025-09-29,145,20.7,4.8,2025-09,Urgence (>90j),Trimestriel,1,2,1,Arabe,0,1,1,6.33
CLI0015,Pharmacie,Pharmacie de l'Espoir,Gabès,Ghannouch,Pharmacie,Pharmacie À Développer,Faible,1,1887,0.399,Haute fréquentation,7,2025-11-01,112,16.0,3.7,2025-11,Urgence (>90j),Trimestriel,1,3,1,Français,1,0,0,6.51
CLI0016,Pharmacie,Pharmacie du Lac,Gabès,Métouia,Pharmacie,Pharmacie À Développer,Faible,1,2313,0.558,Haute fréquentation,8,2025-11-30,83,11.9,2.7,2025-11,À relancer (61-90j),Trimestriel,0,2,1,Français,1,0,0,6.35
CLI0041,Pharmacie,Pharmacie Populaire,Gabès,Métouia,Pharmacie,Pharmacie À Développer,Faible,1,3129,0.863,Très haute fréquentation,4,2025-09-05,169,24.1,5.6,2025-09,Urgence (>90j),Bi-mensuel,1,5,1,Français,1,0,0,8.83
CLI0043,Pharmacie,Para-Pharmacie Monplaisir,Gabès,Ghannouch,Pharmacie,Pharmacie À Développer,Faible,1,2059,0.463,Haute fréquentation,21,2025-09-11,163,23.3,5.4,2025-09,Urgence (>90j),Trimestriel,1,2,1,Arabe,1,0,0,6.71
CLI0049,Pharmacie,Pharmacie du Lac,Gabès,Menzel El Habib,Pharmacie,Pharmacie À Développer,Faible,1,1408,0.22,Fréquentation moyenne,20,2025-10-19,125,17.9,4.1,2025-10,Urgence (>90j),Trimestriel,1,2,1,Français,1,0,0,5.51
CLI0075,Pharmacie,Para-Pharmacie El Menzah,Gabès,Matmata,Médecine Générale,Pharmacie À Développer,Faible,1,2241,0.531,Haute fréquentation,5,2025-10-04,140,20.0,4.6,2025-10,Urgence (>90j),Trimestriel,1,2,1,Français,1,0,0,7.44
CLI0086,Pharmacie,Pharmacie du Bonheur,Gabès,Matmata,Médecine Générale,Pharmacie À Développer,Faible,1,2399,0.59,Haute fréquentation,4,2025-10-13,131,18.7,4.3,2025-10,Urgence (>90j),Trimestriel,1,5,1,Français,1,0,0,7.49
CLI0106,Pharmacie,Pharmacie du Quartier,Gabès,Mareth,Pharmacie,Pharmacie À Développer,Faible,1,2682,0.696,Haute fréquentation,13,2025-09-27,147,21.0,4.8,2025-09,Urgence (>90j),Trimestriel,1,3,1,Français,1,0,0,7.49
CLI0112,Pharmacie,Pharmacie de l'Espoir,Gabès,Ghannouch,Pharmacie,Pharmacie À Développer,Faible,1,2755,0.724,Haute fréquentation,10,2025-11-20,93,13.3,3.1,2025-11,Urgence (>90j),Bi-mensuel,1,1,0,Arabe,1,0,0,6.81
CLI0148,Pharmacie,Pharmacie du Bonheur,Gabès,Mareth,Pharmacie,Pharmacie À Développer,Faible,1,3037,0.829,Très haute fréquentation,16,2025-12-17,66,9.4,2.2,2025-12,À relancer (61-90j),Bi-mensuel,1,3,1,Français,1,0,0,6.25
CLI0153,Cabinet Médical,Pr. Leila Elloumi,Manouba,Tebourba,Ophtalmologie,Médecin À Conquérir,Faible,1,501,0.537,Cabinet actif,3,2025-08-15,190,27.1,6.2,2025-08,Urgence (>90j),Trimestriel,1,1,0,Arabe,0,1,1,8.44
CLI0176,Cabinet Médical,Dr. Sonia Karoui,Manouba,Mornaguia,Pneumologie,Médecin À Conquérir,Faible,1,392,0.368,Cabinet actif,12,2025-09-07,167,23.9,5.5,2025-09,Urgence (>90j),Trimestriel,1,5,1,Français,0,1,1,7.08
CLI0196,Cabinet Médical,Pr. Karim Ghariani,Manouba,Mornaguia,ORL,Médecin À Conquérir,Faible,1,683,0.82,Cabinet très actif,14,2025-08-30,175,25.0,5.7,2025-08,Urgence (>90j),Bi-mensuel,1,3,1,Français,0,1,1,8.23
CLI0217,Cabinet Médical,Dr. Youssef Dhouib,Manouba,Oued Ellil,Gastro-entérologie,Médecin À Conquérir,Faible,1,798,0.998,Cabinet très actif,5,2025-08-17,188,26.9,6.2,2025-08,Urgence (>90j),Bi-mensuel,1,2,1,Français,0,1,1,9.44
CLI0226,Cabinet Médical,Pr. Leila Elloumi,Manouba,Borj El Amri,Pédiatrie,Médecin Champion,Élevé,3,159,0.006,Cabinet modéré,13,2026-01-07,45,6.4,1.5,2026-01,Normal (31-60j),Mensuel,1,2,1,Français,0,1,1,1.76
CLI0002,Pharmacie,Pharmacie de la République,Manouba,El Batan,Pharmacie,Pharmacie À Développer,Faible,1,2178,0.508,Haute fréquentation,5,2026-01-15,37,5.3,1.2,2026-01,Normal (31-60j),Trimestriel,0,2,1,Français,1,0,0,5.61
CLI0004,Pharmacie,Para-Pharmacie du Soleil,Manouba,Den Den,Médecine Générale,Pharmacie À Développer,Faible,1,3295,0.926,Très haute fréquentation,8,2025-09-01,173,24.7,5.7,2025-09,Urgence (>90j),Bi-mensuel,1,5,1,Arabe,1,0,0,8.82
CLI0006,Pharmacie,Para-Pharmacie du Bonheur,Manouba,Mornaguia,Médecine Générale,Pharmacie À Développer,Faible,1,1426,0.226,Fréquentation moyenne,8,2025-09-03,171,24.4,5.6,2025-09,Urgence (>90j),Trimestriel,1,5,1,Arabe,1,0,0,7.03
CLI0011,Pharmacie,Para-Pharmacie de la Santé,Manouba,Douar Hicher,Pharmacie,Pharmacie Partenaire,Élevé,3,2712,0.707,Haute fréquentation,24,2026-01-28,24,3.4,0.8,2026-01,Récent (≤30j),Mensuel,0,3,1,Arabe,1,0,0,2.49
CLI0013,Pharmacie,Para-Pharmacie Ibn Sina,Manouba,Douar Hicher,Pharmacie,Pharmacie À Développer,Faible,1,2663,0.689,Haute fréquentation,16,2025-11-29,84,12.0,2.8,2025-11,À relancer (61-90j),Trimestriel,0,5,1,Arabe,1,0,0,6.21
CLI0014,Pharmacie,Pharmacie Familiale,Manouba,Manouba,Médecine Générale,Pharmacie Active,Moyen,2,2880,0.77,Haute fréquentation,8,2026-01-21,31,4.4,1.0,2026-01,Normal (31-60j),Bi-mensuel,1,1,0,Français,1,0,0,4.73
CLI0027,Pharmacie,Para-Pharmacie El Menzah,Manouba,Den Den,Pharmacie,Pharmacie À Développer,Faible,1,3044,0.832,Très haute fréquentation,8,2025-10-19,125,17.9,4.1,2025-10,Urgence (>90j),Bi-mensuel,1,3,1,Français,1,0,0,7.76
CLI0037,Pharmacie,Para-Pharmacie de la République,Manouba,Tebourba,Pharmacie,Pharmacie À Développer,Faible,1,2738,0.717,Haute fréquentation,19,2025-09-22,152,21.7,5.0,2025-09,Urgence (>90j),Bi-mensuel,1,6,1,Français,1,0,0,7.27
CLI0039,Pharmacie,Pharmacie Nouvelle,Manouba,Mornaguia,Pharmacie,Pharmacie À Développer,Faible,1,1317,0.186,Fréquentation moyenne,18,2025-08-31,174,24.9,5.7,2025-08,Urgence (>90j),Trimestriel,1,1,0,Français,1,0,0,6.38
CLI0054,Pharmacie,Para-Pharmacie de la République,Manouba,Tebourba,Pharmacie,Pharmacie À Développer,Faible,1,3206,0.892,Très haute fréquentation,23,2025-11-26,87,12.4,2.9,2025-11,À relancer (61-90j),Bi-mensuel,1,4,1,Arabe,1,0,0,6.35
CLI0056,Pharmacie,Pharmacie du Progrès,Manouba,Borj El Amri,Médecine Générale,Pharmacie À Développer,Faible,1,2065,0.465,Haute fréquentation,4,2025-10-21,123,17.6,4.0,2025-10,Urgence (>90j),Trimestriel,1,5,1,Français,1,0,0,7.04
CLI0062,Pharmacie,Pharmacie de Nuit,Manouba,Borj El Amri,Médecine Générale,Pharmacie À Développer,Faible,1,905,0.031,Fréquentation moyenne,3,2026-01-08,44,6.3,1.4,2026-01,Normal (31-60j),Trimestriel,0,2,1,Français,1,0,0,4.66
CLI0071,Pharmacie,Pharmacie Populaire,Manouba,Mornaguia,Pharmacie,Pharmacie À Développer,Faible,1,1329,0.19,Fréquentation moyenne,20,2025-11-05,108,15.4,3.5,2025-11,Urgence (>90j),Trimestriel,1,3,1,Français,1,0,0,5.14
CLI0085,Pharmacie,Pharmacie de la Liberté,Manouba,Mornaguia,Médecine Générale,Pharmacie À Développer,Faible,1,3388,0.96,Très haute fréquentation,21,2025-10-02,142,20.3,4.7,2025-10,Urgence (>90j),Bi-mensuel,1,3,1,Français,1,0,0,7.59
CLI0093,Pharmacie,Para-Pharmacie Carthage,Manouba,Mornaguia,Médecine Générale,Pharmacie À Développer,Faible,1,2109,0.482,Haute fréquentation,14,2025-08-24,181,25.9,5.9,2025-08,Urgence (>90j),Trimestriel,1,3,1,Français,1,0,0,7.49
CLI0107,Pharmacie,Para-Pharmacie de la Santé,Manouba,Mornaguia,Pharmacie,Pharmacie À Développer,Faible,1,3095,0.851,Très haute fréquentation,12,2025-12-02,81,11.6,2.7,2025-12,À relancer (61-90j),Bi-mensuel,1,1,0,Français,1,0,0,6.8
CLI0123,Pharmacie,Pharmacie de la République,Manouba,Borj El Amri,Médecine Générale,Pharmacie Active,Moyen,2,1098,0.104,Fréquentation moyenne,21,2025-12-24,59,8.4,1.9,2025-12,Normal (31-60j),Trimestriel,0,3,1,Arabe,1,0,0,2.77
CLI0126,Pharmacie,Pharmacie Ibn Sina,Manouba,El Batan,Pharmacie,Pharmacie À Développer,Faible,1,2242,0.532,Haute fréquentation,7,2025-12-29,54,7.7,1.8,2025-12,Normal (31-60j),Trimestriel,0,3,1,Français,1,0,0,5.84
CLI0144,Pharmacie,Para-Pharmacie Populaire,Manouba,Oued Ellil,Pharmacie,Pharmacie À Développer,Faible,1,2804,0.742,Haute fréquentation,23,2025-09-28,146,20.9,4.8,2025-09,Urgence (>90j),Bi-mensuel,1,4,1,Français,1,0,0,6.99
CLI0175,Cabinet Médical,Pr. Youssef Elloumi,Monastir,Zéramdine,Dermatologie,Médecin Champion,Élevé,3,437,0.438,Cabinet actif,17,2026-01-22,30,4.3,1.0,2026-01,Récent (≤30j),Mensuel,0,3,1,Français,0,1,1,2.34
CLI0182,Cabinet Médical,Pr. Mehdi Ghariani,Monastir,Beni Hassen,Cardiologie,Médecin À Conquérir,Faible,1,612,0.71,Cabinet très actif,3,2026-01-18,34,4.9,1.1,2026-01,Normal (31-60j),Bi-mensuel,1,2,1,Français,0,1,1,6.18
CLI0188,Cabinet Médical,Dr. Sonia Dhouib,Monastir,Ksar Hellal,Dermatologie,Médecin Développement,Moyen,2,792,0.989,Cabinet très actif,10,2025-12-30,53,7.6,1.7,2025-12,Normal (31-60j),Bi-mensuel,1,4,1,Français,0,1,1,5.54
CLI0191,Cabinet Médical,Pr. Mohamed Farhat,Monastir,Bembla,Pneumologie,Médecin Développement,Moyen,2,250,0.148,Cabinet modéré,6,2025-12-09,74,10.6,2.4,2025-12,À relancer (61-90j),Trimestriel,0,4,1,Français,0,1,1,4.04
CLI0204,Cabinet Médical,Pr. Youssef Chouchane,Monastir,Téboulba,Ophtalmologie,Médecin Développement,Moyen,2,563,0.634,Cabinet actif,9,2026-02-01,20,2.9,0.7,2026-02,Récent (≤30j),Bi-mensuel,1,3,1,Français,0,1,1,4.14
CLI0208,Cabinet Médical,Dr. Mohamed Amari,Monastir,Zéramdine,Endocrinologie,Médecin À Conquérir,Faible,1,242,0.135,Cabinet modéré,4,2025-09-28,146,20.9,4.8,2025-09,Urgence (>90j),Trimestriel,1,5,1,Français,0,1,1,6.61
CLI0209,Cabinet Médical,Dr. Fatma Amari,Monastir,Monastir,Pneumologie,Médecin À Conquérir,Faible,1,268,0.175,Cabinet modéré,3,2026-01-12,40,5.7,1.3,2026-01,Normal (31-60j),Trimestriel,0,1,0,Français,0,1,1,4.95
CLI0210,Cabinet Médical,Pr. Ahmed Farhat,Monastir,Ksibet El-Médiouni,Pneumologie,Médecin À Conquérir,Faible,1,428,0.424,Cabinet actif,17,2025-10-30,114,16.3,3.7,2025-10,Urgence (>90j),Trimestriel,1,2,1,Français,0,1,1,6.01
CLI0009,Pharmacie,Pharmacie El Menzah,Monastir,Jemmal,Pharmacie,Pharmacie Active,Moyen,2,3008,0.818,Très haute fréquentation,25,2025-12-21,62,8.9,2.0,2025-12,À relancer (61-90j),Bi-mensuel,1,4,1,Français,1,0,0,4.36
CLI0021,Pharmacie,Para-Pharmacie de Garde,Monastir,Zéramdine,Pharmacie,Pharmacie À Développer,Faible,1,2238,0.53,Haute fréquentation,19,2025-08-30,175,25.0,5.7,2025-08,Urgence (>90j),Trimestriel,1,2,1,Français,1,0,0,7.2
CLI0038,Pharmacie,Para-Pharmacie du Soleil,Monastir,Bembla,Pharmacie,Pharmacie À Développer,Faible,1,1584,0.285,Haute fréquentation,18,2025-12-17,66,9.4,2.2,2025-12,À relancer (61-90j),Trimestriel,0,4,1,Français,1,0,0,4.77
CLI0040,Pharmacie,Para-Pharmacie Manar,Monastir,Ouerdanine,Médecine Générale,Pharmacie Active,Moyen,2,1421,0.224,Fréquentation moyenne,21,2026-01-03,49,7.0,1.6,2026-01,Normal (31-60j),Trimestriel,0,2,1,Français,1,0,0,2.89
CLI0047,Pharmacie,Para-Pharmacie Populaire,Monastir,Sayada-Lamta-Bou Hajar,Médecine Générale,Pharmacie À Développer,Faible,1,918,0.036,Fréquentation moyenne,22,2025-09-02,172,24.6,5.7,2025-09,Urgence (>90j),Trimestriel,1,3,1,Français,1,0,0,5.74
CLI0055,Pharmacie,Pharmacie Principale,Monastir,Jemmal,Pharmacie,Pharmacie Partenaire,Élevé,3,1924,0.413,Haute fréquentation,21,2026-02-08,13,1.9,0.4,2026-02,Récent (≤30j),Mensuel,0,5,1,Français,1,0,0,1.75
CLI0066,Pharmacie,Pharmacie de Garde,Monastir,Jemmal,Médecine Générale,Pharmacie À Développer,Faible,1,3202,0.891,Très haute fréquentation,20,2025-09-20,154,22.0,5.1,2025-09,Urgence (>90j),Bi-mensuel,1,2,1,Arabe,1,0,0,7.68
CLI0070,Pharmacie,Para-Pharmacie du Centre,Monastir,Ksibet El-Médiouni,Pharmacie,Pharmacie À Développer,Faible,1,2958,0.799,Haute fréquentation,12,2025-08-24,181,25.9,5.9,2025-08,Urgence (>90j),Bi-mensuel,1,1,0,Arabe,1,0,0,8.4
CLI0088,Pharmacie,Para-Pharmacie Carthage,Monastir,Monastir,Pharmacie,Pharmacie Partenaire,Élevé,3,1837,0.38,Haute fréquentation,23,2026-02-01,20,2.9,0.7,2026-02,Récent (≤30j),Mensuel,0,1,0,Français,1,0,0,1.66
CLI0092,Pharmacie,Para-Pharmacie de la République,Monastir,Zéramdine,Médecine Générale,Pharmacie Active,Moyen,2,906,0.032,Fréquentation moyenne,18,2025-12-25,58,8.3,1.9,2025-12,Normal (31-60j),Trimestriel,0,5,1,Français,1,0,0,2.75
CLI0095,Pharmacie,Para-Pharmacie Populaire,Monastir,Sahline,Pharmacie,Pharmacie À Développer,Faible,1,1325,0.189,Fréquentation moyenne,23,2025-09-22,152,21.7,5.0,2025-09,Urgence (>90j),Trimestriel,1,3,1,Arabe,1,0,0,5.71
CLI0116,Pharmacie,Para-Pharmacie de la République,Monastir,Ksar Hellal,Pharmacie,Pharmacie Active,Moyen,2,1842,0.382,Haute fréquentation,9,2026-02-10,11,1.6,0.4,2026-02,Récent (≤30j),Trimestriel,0,5,1,Français,1,0,0,3.35
CLI0149,Pharmacie,Para-Pharmacie de Garde,Monastir,Bembla,Pharmacie,Pharmacie À Développer,Faible,1,3299,0.927,Très haute fréquentation,16,2025-09-02,172,24.6,5.7,2025-09,Urgence (>90j),Bi-mensuel,1,1,0,Français,1,0,0,8.32
CLI0152,Cabinet Médical,Pr. Amira Hammami,Nabeul,Takelsa,Ophtalmologie,Médecin À Conquérir,Faible,1,619,0.72,Cabinet très actif,13,2025-08-27,178,25.4,5.8,2025-08,Urgence (>90j),Bi-mensuel,1,1,0,Français,0,1,1,8.09
CLI0155,Cabinet Médical,Dr. Youssef Belhadj,Nabeul,Takelsa,Psychiatrie,Médecin À Conquérir,Faible,1,381,0.351,Cabinet actif,16,2025-09-26,148,21.1,4.9,2025-09,Urgence (>90j),Trimestriel,1,1,0,Français,0,1,1,6.47
CLI0163,Cabinet Médical,Dr. Amira Hammami,Nabeul,Takelsa,Neurologie,Médecin À Conquérir,Faible,1,311,0.242,Cabinet modéré,5,2025-12-02,81,11.6,2.7,2025-12,À relancer (61-90j),Trimestriel,0,5,1,Français,0,1,1,5.7
CLI0166,Cabinet Médical,Pr. Ines Dhouib,Nabeul,Menzel Bouzelfa,Gastro-entérologie,Médecin Développement,Moyen,2,709,0.86,Cabinet très actif,6,2025-12-05,78,11.1,2.6,2025-12,À relancer (61-90j),Bi-mensuel,1,1,0,Arabe,0,1,1,5.88
CLI0174,Cabinet Médical,Pr. Mehdi Hammami,Nabeul,Grombalia,Médecine Générale,Médecin À Conquérir,Faible,1,688,0.828,Cabinet très actif,2,2025-12-04,79,11.3,2.6,2025-12,À relancer (61-90j),Bi-mensuel,1,4,1,Français,0,1,0,7.31
CLI0202,Cabinet Médical,Dr. Ines Chouchane,Nabeul,El Haouaria,Gastro-entérologie,Médecin À Conquérir,Faible,1,589,0.674,Cabinet actif,14,2025-10-06,138,19.7,4.5,2025-10,Urgence (>90j),Trimestriel,1,1,0,Français,0,1,1,7.22
CLI0220,Cabinet Médical,Pr. Fatma Chouchane,Nabeul,Soliman,Neurologie,Médecin À Conquérir,Faible,1,641,0.755,Cabinet très actif,15,2025-09-09,165,23.6,5.4,2025-09,Urgence (>90j),Bi-mensuel,1,5,1,Français,0,1,1,7.83
CLI0008,Pharmacie,Pharmacie El Menzah,Nabeul,Béni Khalled,Pharmacie,Pharmacie À Développer,Faible,1,2059,0.463,Haute fréquentation,4,2025-12-11,72,10.3,2.4,2025-12,À relancer (61-90j),Trimestriel,0,1,0,Français,1,0,0,6.16
CLI0022,Pharmacie,Para-Pharmacie de la Liberté,Nabeul,Béni Khiar,Médecine Générale,Pharmacie À Développer,Faible,1,2377,0.582,Haute fréquentation,9,2025-09-16,158,22.6,5.2,2025-09,Urgence (>90j),Trimestriel,1,4,1,Arabe,1,0,0,7.64
CLI0028,Pharmacie,Para-Pharmacie du Progrès,Nabeul,El Mida,Pharmacie,Pharmacie À Développer,Faible,1,3012,0.82,Très haute fréquentation,7,2026-01-21,31,4.4,1.0,2026-01,Normal (31-60j),Bi-mensuel,1,1,0,Arabe,1,0,0,6.16
CLI0034,Pharmacie,Pharmacie de Nuit,Nabeul,Béni Khalled,Pharmacie,Pharmacie À Développer,Faible,1,851,0.011,Fréquentation moyenne,18,2025-10-26,118,16.9,3.9,2025-10,Urgence (>90j),Trimestriel,1,3,1,Français,1,0,0,4.98
CLI0044,Pharmacie,Para-Pharmacie de la République,Nabeul,Hammamet,Médecine Générale,Pharmacie À Développer,Faible,1,1737,0.343,Haute fréquentation,21,2025-08-22,183,26.1,6.0,2025-08,Urgence (>90j),Trimestriel,1,3,1,Français,1,0,0,6.75
CLI0065,Pharmacie,Para-Pharmacie Monplaisir,Nabeul,Grombalia,Pharmacie,Pharmacie À Développer,Faible,1,2657,0.687,Haute fréquentation,16,2025-10-31,113,16.1,3.7,2025-10,Urgence (>90j),Trimestriel,1,5,1,Français,1,0,0,6.71
CLI0076,Pharmacie,Pharmacie de l'Espoir,Nabeul,Dar Chaabane El Fehri,Médecine Générale,Pharmacie À Développer,Faible,1,2642,0.681,Haute fréquentation,23,2025-09-17,157,22.4,5.2,2025-09,Urgence (>90j),Trimestriel,1,1,0,Français,1,0,0,7.03
CLI0101,Pharmacie,Para-Pharmacie de la Paix,Nabeul,Grombalia,Pharmacie,Pharmacie Partenaire,Élevé,3,2298,0.553,Haute fréquentation,15,2026-01-30,22,3.1,0.7,2026-01,Récent (≤30j),Mensuel,0,1,0,Français,1,0,0,2.61
CLI0102,Pharmacie,Para-Pharmacie Avicenne,Nabeul,Dar Chaabane El Fehri,Pharmacie,Pharmacie À Développer,Faible,1,3084,0.847,Très haute fréquentation,7,2025-11-09,104,14.9,3.4,2025-11,Urgence (>90j),Bi-mensuel,1,1,0,Français,1,0,0,7.49
CLI0113,Pharmacie,Para-Pharmacie du Bonheur,Nabeul,Menzel Temime,Pharmacie,Pharmacie Active,Moyen,2,2056,0.462,Haute fréquentation,15,2026-01-01,51,7.3,1.7,2026-01,Normal (31-60j),Trimestriel,0,5,1,Français,1,0,0,3.88
CLI0122,Pharmacie,Pharmacie Populaire,Nabeul,Korba,Pharmacie,Pharmacie À Développer,Faible,1,1036,0.08,Fréquentation moyenne,16,2025-09-20,154,22.0,5.1,2025-09,Urgence (>90j),Trimestriel,1,2,1,Français,1,0,0,5.9
CLI0124,Pharmacie,Pharmacie Carthage,Nabeul,Nabeul,Pharmacie,Pharmacie À Développer,Faible,1,2359,0.575,Haute fréquentation,20,2025-10-14,130,18.6,4.3,2025-10,Urgence (>90j),Trimestriel,1,3,1,Français,1,0,0,6.48
CLI0160,Cabinet Médical,Pr. Mehdi Ghariani,Sfax,El Amra,ORL,Médecin À Conquérir,Faible,1,306,0.234,Cabinet modéré,4,2025-11-26,87,12.4,2.9,2025-11,À relancer (61-90j),Trimestriel,0,2,1,Français,0,1,1,5.84
CLI0161,Cabinet Médical,Dr. Karim Ghariani,Sfax,El Hencha,Psychiatrie,Médecin À Conquérir,Faible,1,614,0.713,Cabinet très actif,3,2025-09-02,172,24.6,5.7,2025-09,Urgence (>90j),Bi-mensuel,1,4,1,Français,0,1,1,8.57
CLI0172,Cabinet Médical,Dr. Ines Karoui,Sfax,Thyna,Gynécologie,Médecin Champion,Élevé,3,281,0.196,Cabinet modéré,12,2026-01-13,39,5.6,1.3,2026-01,Normal (31-60j),Mensuel,1,1,0,Arabe,0,1,1,2.19
CLI0173,Cabinet Médical,Pr. Amira Amari,Sfax,Ghraiba,ORL,Médecin À Conquérir,Faible,1,431,0.429,Cabinet actif,16,2025-11-26,87,12.4,2.9,2025-11,À relancer (61-90j),Trimestriel,0,1,0,Français,0,1,1,5.61
CLI0184,Cabinet Médical,Pr. Karim Elloumi,Sfax,Ghraiba,Pédiatrie,Médecin Champion,Élevé,3,307,0.236,Cabinet modéré,13,2026-01-23,29,4.1,1.0,2026-01,Récent (≤30j),Mensuel,0,3,1,Français,0,1,1,2.06
CLI0186,Cabinet Médical,Dr. Amira Amari,Sfax,Thyna,Gynécologie,Médecin À Conquérir,Faible,1,213,0.09,Cabinet modéré,5,2025-12-29,54,7.7,1.8,2025-12,Normal (31-60j),Trimestriel,0,1,0,Français,0,1,1,4.86
CLI0189,Cabinet Médical,Pr. Karim Jemni,Sfax,El Amra,Gastro-entérologie,Médecin À Conquérir,Faible,1,301,0.227,Cabinet modéré,5,2025-09-13,161,23.0,5.3,2025-09,Urgence (>90j),Trimestriel,1,1,0,Français,0,1,1,7.04
CLI0195,Cabinet Médical,Dr. Ines Dhouib,Sfax,Sfax Ville,Pneumologie,Médecin À Conquérir,Faible,1,675,0.807,Cabinet très actif,2,2026-01-31,21,3.0,0.7,2026-01,Récent (≤30j),Bi-mensuel,1,2,1,Français,0,1,1,6.26
CLI0201,Cabinet Médical,Dr. Fatma Dhouib,Sfax,Sfax Ville,Ophtalmologie,Médecin Champion,Élevé,3,334,0.278,Cabinet modéré,17,2026-01-16,36,5.1,1.2,2026-01,Normal (31-60j),Mensuel,1,2,1,Français,0,1,1,2.05
CLI0206,Cabinet Médical,Pr. Ahmed Jemni,Sfax,Jebiniana,Gynécologie,Médecin À Conquérir,Faible,1,458,0.47,Cabinet actif,5,2025-10-21,123,17.6,4.0,2025-10,Urgence (>90j),Trimestriel,1,3,1,Français,0,1,1,7.0
CLI0213,Cabinet Médical,Dr. Mohamed Chouchane,Sfax,Sakiet Eddaïer,Neurologie,Médecin Développement,Moyen,2,478,0.502,Cabinet actif,12,2025-12-06,77,11.0,2.5,2025-12,À relancer (61-90j),Bi-mensuel,1,2,1,Français,0,1,1,4.61
CLI0214,Cabinet Médical,Dr. Amira Hammami,Sfax,Sfax Ouest,Urologie,Médecin À Conquérir,Faible,1,271,0.18,Cabinet modéré,2,2025-10-01,143,20.4,4.7,2025-10,Urgence (>90j),Trimestriel,1,3,1,Arabe,0,1,1,6.8
CLI0219,Cabinet Médical,Dr. Karim Ghariani,Sfax,Agareb,Ophtalmologie,Médecin À Conquérir,Faible,1,674,0.806,Cabinet très actif,12,2025-11-21,92,13.1,3.0,2025-11,Urgence (>90j),Bi-mensuel,1,5,1,Français,0,1,1,6.88
CLI0230,Cabinet Médical,Dr. Mehdi Amari,Sfax,Menzel Chaker,Endocrinologie,Médecin À Conquérir,Faible,1,224,0.107,Cabinet modéré,18,2025-11-06,107,15.3,3.5,2025-11,Urgence (>90j),Trimestriel,1,1,0,Français,0,1,1,5.03
CLI0020,Pharmacie,Pharmacie de la Santé,Sfax,El Hencha,Pharmacie,Pharmacie À Développer,Faible,1,1816,0.372,Haute fréquentation,8,2025-12-04,79,11.3,2.6,2025-12,À relancer (61-90j),Trimestriel,0,5,1,Arabe,1,0,0,5.81
CLI0024,Pharmacie,Para-Pharmacie de l'Étoile,Sfax,Menzel Chaker,Pharmacie,Pharmacie À Développer,Faible,1,1660,0.314,Haute fréquentation,21,2025-10-23,121,17.3,4.0,2025-10,Urgence (>90j),Trimestriel,1,3,1,Arabe,1,0,0,5.61
CLI0030,Pharmacie,Pharmacie Ibn Sina,Sfax,El Amra,Pharmacie,Pharmacie À Développer,Faible,1,1476,0.245,Fréquentation moyenne,7,2025-10-14,130,18.6,4.3,2025-10,Urgence (>90j),Trimestriel,1,5,1,Français,1,0,0,6.43
CLI0035,Pharmacie,Para-Pharmacie de l'Espoir,Sfax,Sakiet Eddaïer,Pharmacie,Pharmacie À Développer,Faible,1,1154,0.125,Fréquentation moyenne,17,2025-12-01,82,11.7,2.7,2025-12,À relancer (61-90j),Trimestriel,0,1,0,Arabe,1,0,0,4.71
CLI0036,Pharmacie,Pharmacie Ibn Sina,Sfax,Thyna,Pharmacie,Pharmacie Partenaire,Élevé,3,3076,0.844,Très haute fréquentation,19,2026-02-08,13,1.9,0.4,2026-02,Récent (≤30j),Mensuel,0,1,0,Français,1,0,0,2.94
CLI0057,Pharmacie,Pharmacie El Menzah,Sfax,Sakiet Eddaïer,Pharmacie,Pharmacie À Développer,Faible,1,2008,0.444,Haute fréquentation,6,2025-11-16,97,13.9,3.2,2025-11,Urgence (>90j),Trimestriel,1,2,1,Français,1,0,0,6.42
CLI0067,Pharmacie,Pharmacie de la Paix,Sfax,Ghraiba,Pharmacie,Pharmacie Active,Moyen,2,1718,0.336,Haute fréquentation,14,2026-01-14,38,5.4,1.2,2026-01,Normal (31-60j),Trimestriel,0,3,1,Français,1,0,0,3.41
CLI0068,Pharmacie,Pharmacie de l'Espoir,Sfax,El Amra,Pharmacie,Pharmacie À Développer,Faible,1,825,0.001,Fréquentation moyenne,7,2025-12-26,57,8.1,1.9,2025-12,Normal (31-60j),Trimestriel,0,5,1,Français,1,0,0,4.57
CLI0082,Pharmacie,Para-Pharmacie Manar,Sfax,El Amra,Médecine Générale,Pharmacie Active,Moyen,2,2913,0.783,Haute fréquentation,12,2026-01-10,42,6.0,1.4,2026-01,Normal (31-60j),Bi-mensuel,1,1,0,Français,1,0,0,4.71
CLI0133,Pharmacie,Pharmacie de l'Étoile,Sfax,Agareb,Pharmacie,Pharmacie À Développer,Faible,1,1431,0.228,Fréquentation moyenne,25,2025-11-05,108,15.4,3.5,2025-11,Urgence (>90j),Trimestriel,1,7,1,Français,1,0,0,4.93
CLI0135,Pharmacie,Para-Pharmacie du Centre,Sfax,Sfax Ville,Pharmacie,Pharmacie À Développer,Faible,1,1368,0.205,Fréquentation moyenne,12,2025-12-04,79,11.3,2.6,2025-12,À relancer (61-90j),Trimestriel,0,2,1,Français,1,0,0,5.15
CLI0136,Pharmacie,Para-Pharmacie de Nuit,Sfax,Sfax Sud,Pharmacie,Pharmacie À Développer,Faible,1,2675,0.694,Haute fréquentation,7,2026-01-14,38,5.4,1.2,2026-01,Normal (31-60j),Trimestriel,0,4,1,Français,1,0,0,5.97
CLI0146,Pharmacie,Pharmacie Ibn Sina,Sfax,Agareb,Pharmacie,Pharmacie Active,Moyen,2,3337,0.941,Très haute fréquentation,14,2026-01-28,24,3.4,0.8,2026-01,Récent (≤30j),Bi-mensuel,1,1,0,Français,1,0,0,4.68
CLI0167,Cabinet Médical,Pr. Mohamed Ghariani,Sousse,Sousse Ville,Pneumologie,Médecin À Conquérir,Faible,1,579,0.658,Cabinet actif,3,2025-10-03,141,20.1,4.6,2025-10,Urgence (>90j),Trimestriel,1,3,1,Français,0,1,1,7.9
CLI0169,Cabinet Médical,Pr. Leila Hammami,Sousse,Messaadine,Gynécologie,Médecin À Conquérir,Faible,1,261,0.165,Cabinet modéré,5,2025-12-28,55,7.9,1.8,2025-12,Normal (31-60j),Trimestriel,0,1,0,Arabe,0,1,1,5.06
CLI0178,Cabinet Médical,Pr. Mohamed Amari,Sousse,Hergla,Dermatologie,Médecin Champion,Élevé,3,523,0.571,Cabinet actif,13,2026-01-18,34,4.9,1.1,2026-01,Normal (31-60j),Mensuel,1,5,1,Français,0,1,1,2.98
CLI0190,Cabinet Médical,Pr. Youssef Hammami,Sousse,Ksibet Thrayet,Rhumatologie / Orthopédie,Médecin À Conquérir,Faible,1,783,0.975,Cabinet très actif,14,2025-09-03,171,24.4,5.6,2025-09,Urgence (>90j),Bi-mensuel,1,3,1,Français,0,1,1,8.55
CLI0200,Cabinet Médical,Pr. Ines Elloumi,Sousse,Kalâa Seghira,Gastro-entérologie,Médecin Champion,Élevé,3,785,0.978,Cabinet très actif,17,2026-01-18,34,4.9,1.1,2026-01,Normal (31-60j),Mensuel,1,1,0,Français,0,1,1,3.76
CLI0223,Cabinet Médical,Dr. Karim Dhouib,Sousse,Hammam Sousse,Rhumatologie / Orthopédie,Médecin À Conquérir,Faible,1,752,0.927,Cabinet très actif,8,2025-09-19,155,22.1,5.1,2025-09,Urgence (>90j),Bi-mensuel,1,3,1,Français,0,1,1,8.51
CLI0227,Cabinet Médical,Dr. Youssef Elloumi,Sousse,Messaadine,Neurologie,Médecin À Conquérir,Faible,1,533,0.587,Cabinet actif,18,2025-09-27,147,21.0,4.8,2025-09,Urgence (>90j),Trimestriel,1,2,1,Français,0,1,1,6.92
CLI0050,Pharmacie,Pharmacie du Bonheur,Sousse,Enfidha,Pharmacie,Pharmacie À Développer,Faible,1,2381,0.584,Haute fréquentation,23,2025-08-25,180,25.7,5.9,2025-08,Urgence (>90j),Trimestriel,1,1,0,Français,1,0,0,7.18
CLI0051,Pharmacie,Para-Pharmacie Monplaisir,Sousse,Kalâa Kebira,Médecine Générale,Pharmacie À Développer,Faible,1,2723,0.712,Haute fréquentation,13,2025-12-05,78,11.1,2.6,2025-12,À relancer (61-90j),Bi-mensuel,1,7,1,Français,1,0,0,6.34
CLI0060,Pharmacie,Pharmacie du Centre,Sousse,Ksibet Thrayet,Pharmacie,Pharmacie À Développer,Faible,1,2621,0.673,Haute fréquentation,14,2025-12-12,71,10.1,2.3,2025-12,À relancer (61-90j),Trimestriel,0,1,0,Français,1,0,0,6.07
CLI0073,Pharmacie,Para-Pharmacie Monplaisir,Sousse,Akouda,Pharmacie,Pharmacie À Développer,Faible,1,1707,0.331,Haute fréquentation,8,2025-11-17,96,13.7,3.2,2025-11,Urgence (>90j),Trimestriel,1,1,0,Français,1,0,0,6.0
CLI0074,Pharmacie,Pharmacie de la Santé,Sousse,Kalâa Seghira,Médecine Générale,Pharmacie À Développer,Faible,1,1525,0.263,Haute fréquentation,18,2025-09-03,171,24.4,5.6,2025-09,Urgence (>90j),Trimestriel,1,2,1,Français,1,0,0,6.53
CLI0078,Pharmacie,Para-Pharmacie du Lac,Sousse,Hammam Sousse,Pharmacie,Pharmacie Partenaire,Élevé,3,2165,0.503,Haute fréquentation,21,2026-01-21,31,4.4,1.0,2026-01,Normal (31-60j),Mensuel,1,3,1,Arabe,1,0,0,2.28
CLI0087,Pharmacie,Pharmacie Populaire,Sousse,Bouficha,Pharmacie,Pharmacie À Développer,Faible,1,2703,0.704,Haute fréquentation,23,2025-10-11,133,19.0,4.4,2025-10,Urgence (>90j),Bi-mensuel,1,1,0,Français,1,0,0,6.67
CLI0089,Pharmacie,Pharmacie de Nuit,Sousse,Kondar,Pharmacie,Pharmacie À Développer,Faible,1,2304,0.555,Haute fréquentation,11,2025-10-01,143,20.4,4.7,2025-10,Urgence (>90j),Trimestriel,1,3,1,Arabe,1,0,0,7.19
CLI0099,Pharmacie,Para-Pharmacie El Menzah,Sousse,Kalâa Seghira,Pharmacie,Pharmacie À Développer,Faible,1,1815,0.372,Haute fréquentation,6,2026-01-05,47,6.7,1.5,2026-01,Normal (31-60j),Trimestriel,0,1,0,Arabe,1,0,0,5.38
CLI0108,Pharmacie,Para-Pharmacie de la Liberté,Sousse,Sidi Bou Ali,Pharmacie,Pharmacie À Développer,Faible,1,3006,0.817,Très haute fréquentation,20,2025-12-03,80,11.4,2.6,2025-12,À relancer (61-90j),Bi-mensuel,1,3,1,Français,1,0,0,6.22
CLI0110,Pharmacie,Pharmacie Populaire,Sousse,Sidi El Hani,Médecine Générale,Pharmacie À Développer,Faible,1,2426,0.6,Haute fréquentation,8,2025-10-07,137,19.6,4.5,2025-10,Urgence (>90j),Trimestriel,1,3,1,Français,1,0,0,7.38
CLI0114,Pharmacie,Pharmacie El Menzah,Sousse,Bouficha,Pharmacie,Pharmacie À Développer,Faible,1,1813,0.371,Haute fréquentation,22,2025-08-20,185,26.4,6.1,2025-08,Urgence (>90j),Trimestriel,1,1,0,Arabe,1,0,0,6.8
CLI0118,Pharmacie,Pharmacie de la Victoire,Sousse,Kalâa Kebira,Pharmacie,Pharmacie À Développer,Faible,1,2696,0.701,Haute fréquentation,20,2025-08-22,183,26.1,6.0,2025-08,Urgence (>90j),Bi-mensuel,1,4,1,Français,1,0,0,7.71
CLI0129,Pharmacie,Para-Pharmacie du Lac,Sousse,Kondar,Médecine Générale,Pharmacie À Développer,Faible,1,3477,0.994,Très haute fréquentation,4,2025-08-28,177,25.3,5.8,2025-08,Urgence (>90j),Bi-mensuel,1,3,1,Arabe,1,0,0,9.3
CLI0137,Pharmacie,Para-Pharmacie du Centre,Sousse,Zaouiet Sousse,Pharmacie,Pharmacie À Développer,Faible,1,1527,0.264,Haute fréquentation,13,2025-11-01,112,16.0,3.7,2025-11,Urgence (>90j),Trimestriel,1,4,1,Arabe,1,0,0,5.81
CLI0138,Pharmacie,Para-Pharmacie de Garde,Sousse,Messaadine,Médecine Générale,Pharmacie Active,Moyen,2,2690,0.699,Haute fréquentation,17,2025-12-19,64,9.1,2.1,2025-12,À relancer (61-90j),Bi-mensuel,1,4,1,Français,1,0,0,4.58
CLI0140,Pharmacie,Pharmacie Populaire,Sousse,Akouda,Pharmacie,Pharmacie À Développer,Faible,1,2158,0.5,Haute fréquentation,6,2025-10-23,121,17.3,4.0,2025-10,Urgence (>90j),Trimestriel,1,1,0,Français,1,0,0,6.98
CLI0145,Pharmacie,Para-Pharmacie de l'Espoir,Sousse,Kalâa Seghira,Pharmacie,Pharmacie Active,Moyen,2,1279,0.171,Fréquentation moyenne,14,2025-12-26,57,8.1,1.9,2025-12,Normal (31-60j),Trimestriel,0,5,1,Arabe,1,0,0,3.32
CLI0159,Cabinet Médical,Pr. Fatma Ghariani,Tunis,Ettahrir,Pneumologie,Médecin À Conquérir,Faible,1,632,0.741,Cabinet très actif,2,2026-01-18,34,4.9,1.1,2026-01,Normal (31-60j),Bi-mensuel,1,3,1,Français,0,1,1,6.32
CLI0164,Cabinet Médical,Dr. Amira Farhat,Tunis,Bab Souika,ORL,Médecin Développement,Moyen,2,579,0.658,Cabinet actif,12,2025-12-10,73,10.4,2.4,2025-12,À relancer (61-90j),Bi-mensuel,1,3,1,Français,0,1,1,4.93
CLI0171,Cabinet Médical,Pr. Karim Chouchane,Tunis,Sidi El Béchir,Médecine Générale,Médecin Développement,Moyen,2,623,0.727,Cabinet très actif,6,2026-01-10,42,6.0,1.4,2026-01,Normal (31-60j),Bi-mensuel,1,1,0,Français,0,1,0,4.93
CLI0180,Cabinet Médical,Pr. Ines Amari,Tunis,Sidi Hassine,Dermatologie,Médecin Champion,Élevé,3,729,0.891,Cabinet très actif,17,2026-01-10,42,6.0,1.4,2026-01,Normal (31-60j),Mensuel,1,1,0,Français,0,1,1,3.68
CLI0203,Cabinet Médical,Dr. Mohamed Amari,Tunis,Ettahrir,Endocrinologie,Médecin Champion,Élevé,3,282,0.197,Cabinet modéré,14,2026-01-10,42,6.0,1.4,2026-01,Normal (31-60j),Mensuel,1,3,1,Français,0,1,1,2.13
CLI0211,Cabinet Médical,Dr. Youssef Karoui,Tunis,Bab Bhar,Gastro-entérologie,Médecin Développement,Moyen,2,776,0.964,Cabinet très actif,6,2026-01-29,23,3.3,0.8,2026-01,Récent (≤30j),Bi-mensuel,1,2,1,Français,0,1,1,5.2
CLI0215,Cabinet Médical,Pr. Mehdi Jemni,Tunis,La Medina,Pédiatrie,Médecin À Conquérir,Faible,1,378,0.346,Cabinet actif,12,2025-10-12,132,18.9,4.3,2025-10,Urgence (>90j),Trimestriel,1,3,1,Arabe,0,1,1,6.42
CLI0218,Cabinet Médical,Dr. Mehdi Ghariani,Tunis,El Kabaria,Pneumologie,Médecin Développement,Moyen,2,742,0.911,Cabinet très actif,6,2025-12-23,60,8.6,2.0,2025-12,Normal (31-60j),Bi-mensuel,1,3,1,Français,0,1,1,5.7
CLI0003,Pharmacie,Para-Pharmacie de la Victoire,Tunis,Sidi Hassine,Pharmacie,Pharmacie Active,Moyen,2,3164,0.877,Très haute fréquentation,25,2025-12-23,60,8.6,2.0,2025-12,Normal (31-60j),Bi-mensuel,1,1,0,Français,1,0,0,4.48
CLI0018,Pharmacie,Para-Pharmacie de Garde,Tunis,La Medina,Pharmacie,Pharmacie À Développer,Faible,1,2609,0.669,Haute fréquentation,25,2025-09-22,152,21.7,5.0,2025-09,Urgence (>90j),Trimestriel,1,2,1,Français,1,0,0,6.79
CLI0032,Pharmacie,Pharmacie du Progrès,Tunis,Ettahrir,Pharmacie,Pharmacie Active,Moyen,2,1777,0.358,Haute fréquentation,18,2026-01-09,43,6.1,1.4,2026-01,Normal (31-60j),Trimestriel,0,3,1,Arabe,1,0,0,3.31
CLI0053,Pharmacie,Para-Pharmacie de Nuit,Tunis,Carthage,Pharmacie,Pharmacie À Développer,Faible,1,1496,0.253,Fréquentation moyenne,5,2025-12-28,55,7.9,1.8,2025-12,Normal (31-60j),Trimestriel,0,5,1,Français,1,0,0,5.28
CLI0061,Pharmacie,Para-Pharmacie Carthage,Tunis,Ezzouhour,Médecine Générale,Pharmacie À Développer,Faible,1,2166,0.503,Haute fréquentation,7,2025-12-10,73,10.4,2.4,2025-12,À relancer (61-90j),Trimestriel,0,3,1,Français,1,0,0,6.1
CLI0064,Pharmacie,Para-Pharmacie Principale,Tunis,Carthage,Pharmacie,Pharmacie Active,Moyen,2,1069,0.093,Fréquentation moyenne,11,2026-01-09,43,6.1,1.4,2026-01,Normal (31-60j),Trimestriel,0,3,1,Français,1,0,0,3.06
CLI0072,Pharmacie,Pharmacie de la République,Tunis,Ezzouhour,Pharmacie,Pharmacie À Développer,Faible,1,1271,0.168,Fréquentation moyenne,3,2025-10-30,114,16.3,3.7,2025-10,Urgence (>90j),Trimestriel,1,2,1,Français,1,0,0,6.21
CLI0077,Pharmacie,Pharmacie de Nuit,Tunis,Hrairia,Pharmacie,Pharmacie À Développer,Faible,1,2946,0.795,Haute fréquentation,22,2025-09-30,144,20.6,4.7,2025-09,Urgence (>90j),Bi-mensuel,1,1,0,Français,1,0,0,7.15
CLI0081,Pharmacie,Para-Pharmacie de l'Étoile,Tunis,Ezzouhour,Pharmacie,Pharmacie À Développer,Faible,1,2067,0.466,Haute fréquentation,9,2025-10-13,131,18.7,4.3,2025-10,Urgence (>90j),Trimestriel,1,2,1,Arabe,1,0,0,6.88
CLI0091,Pharmacie,Para-Pharmacie Nouvelle,Tunis,La Medina,Médecine Générale,Pharmacie Active,Moyen,2,1317,0.186,Fréquentation moyenne,10,2026-01-24,28,4.0,0.9,2026-01,Récent (≤30j),Trimestriel,0,5,1,Français,1,0,0,3.1
CLI0098,Pharmacie,Para-Pharmacie du Progrès,Tunis,Hrairia,Pharmacie,Pharmacie À Développer,Faible,1,2600,0.666,Haute fréquentation,18,2025-10-27,117,16.7,3.8,2025-10,Urgence (>90j),Trimestriel,1,2,1,Français,1,0,0,6.6
CLI0103,Pharmacie,Pharmacie du Quartier,Tunis,Carthage,Pharmacie,Pharmacie À Développer,Faible,1,3311,0.932,Très haute fréquentation,8,2025-11-21,92,13.1,3.0,2025-11,Urgence (>90j),Bi-mensuel,1,4,1,Français,1,0,0,7.44
CLI0105,Pharmacie,Para-Pharmacie Manar,Tunis,El Menzah,Médecine Générale,Pharmacie Partenaire,Élevé,3,1581,0.284,Haute fréquentation,17,2026-02-06,15,2.1,0.5,2026-02,Récent (≤30j),Mensuel,0,4,1,Arabe,1,0,0,1.7
CLI0109,Pharmacie,Pharmacie du Progrès,Tunis,Sidi El Béchir,Pharmacie,Pharmacie À Développer,Faible,1,821,0.0,Fréquentation moyenne,8,2025-09-23,151,21.6,5.0,2025-09,Urgence (>90j),Trimestriel,1,2,1,Arabe,1,0,0,6.12
CLI0120,Pharmacie,Pharmacie Principale,Tunis,Bab Souika,Pharmacie,Pharmacie À Développer,Faible,1,1759,0.351,Haute fréquentation,13,2025-09-16,158,22.6,5.2,2025-09,Urgence (>90j),Trimestriel,1,3,1,Français,1,0,0,6.82
CLI0130,Pharmacie,Pharmacie du Quartier,Tunis,Sidi El Béchir,Médecine Générale,Pharmacie Active,Moyen,2,2963,0.801,Haute fréquentation,10,2026-01-31,21,3.0,0.7,2026-01,Récent (≤30j),Bi-mensuel,1,1,0,Français,1,0,0,4.51
CLI0134,Pharmacie,Para-Pharmacie Nouvelle,Tunis,El Omrane,Pharmacie,Pharmacie À Développer,Faible,1,1223,0.15,Fréquentation moyenne,5,2026-02-04,17,2.4,0.6,2026-02,Récent (≤30j),Trimestriel,0,2,1,Français,1,0,0,4.37
CLI0150,Pharmacie,Para-Pharmacie de la Victoire,Tunis,El Menzah,Pharmacie,Pharmacie À Développer,Faible,1,2907,0.78,Haute fréquentation,6,2025-08-21,184,26.3,6.0,2025-08,Urgence (>90j),Bi-mensuel,1,1,0,Arabe,1,0,0,8.76
