session_id,rep_id,rep_name,session_number,date,month,month_name,week,simulation_type,difficulty_level,difficulty_num,overall_score,rolling_score_3,cumulative_avg_score,improvement_from_previous,score_velocity,learning_slope,is_competent,is_stagnating,needs_intensive_coaching,progress_status,progress_num,certification_status,certification_rank,coaching_received,coaching_level,attempts,duration_minutes,skill_coverage_score,year
SIM00001,REP001,Ahmed Ben Ali,1,2025-10-01,10,October,40,Simulation Pharmacien,Débutant,1,3.7,3.7,3.7,0.0,0.0,0.0259,0,0,1,Nécessite pratique,1,En formation,0,Coaching Intensif,2,1,36,1,2025
SIM00002,REP001,Ahmed Ben Ali,2,2025-10-07,10,October,41,Simulation Pharmacien,Débutant,1,3.8,3.75,3.75,0.1,0.0,0.0259,0,0,1,Nécessite pratique,1,En formation,0,Coaching Intensif,2,5,28,0,2025
SIM00003,REP001,Ahmed Ben Ali,3,2025-10-19,10,October,42,Simulation Pharmacien,Débutant,1,3.8,3.77,3.77,0.0,0.1,0.0259,0,1,1,Nécessite pratique,1,En formation,0,Coaching Intensif,2,3,18,1,2025
SIM00004,REP001,Ahmed Ben Ali,4,2025-10-13,10,October,42,Simulation Pharmacien,Intermédiaire,2,3.4,3.67,3.68,-0.4,-0.4,0.0259,0,0,1,Nécessite pratique,1,En formation,0,Coaching Intensif,2,3,33,1,2025
SIM00005,REP001,Ahmed Ben Ali,5,2025-10-17,10,October,42,Simulation Médecin,Intermédiaire,2,3.6,3.6,3.66,0.2,-0.2,0.0259,0,0,1,Nécessite pratique,1,En formation,0,Coaching Intensif,2,3,26,1,2025
SIM00006,REP001,Ahmed Ben Ali,6,2025-10-26,10,October,43,Simulation Pharmacien,Intermédiaire,2,3.8,3.6,3.68,0.2,0.4,0.0259,0,0,1,Nécessite pratique,1,En formation,0,Coaching Intensif,2,3,44,1,2025
SIM00007,REP001,Ahmed Ben Ali,7,2025-11-18,11,November,47,Simulation Pharmacien,Intermédiaire,2,3.9,3.77,3.71,0.1,0.3,0.0259,0,0,1,Nécessite pratique,1,En formation,0,Coaching Intensif,2,3,25,2,2025
SIM00008,REP001,Ahmed Ben Ali,8,2025-11-05,11,November,45,Simulation Médecin,Avancé,3,3.3,3.67,3.66,-0.6,-0.5,0.0259,0,0,1,Nécessite pratique,1,En formation,0,Coaching Intensif,2,1,19,0,2025
SIM00009,REP001,Ahmed Ben Ali,9,2025-11-10,11,November,46,Cas Complexe Multi-Objections,Avancé,3,3.7,3.63,3.67,0.4,-0.2,0.0259,0,0,1,Nécessite pratique,1,En formation,0,Coaching Intensif,2,2,31,3,2025
SIM00010,REP001,Ahmed Ben Ali,10,2025-12-12,12,December,50,Cas Complexe Multi-Objections,Avancé,3,3.9,3.63,3.69,0.2,0.6,0.0259,0,0,1,Nécessite pratique,1,En formation,0,Coaching Intensif,2,1,45,3,2025
SIM00011,REP001,Ahmed Ben Ali,11,2025-11-20,11,November,47,Simulation Médecin,Avancé,3,4.1,3.9,3.73,0.2,0.4,0.0259,0,0,1,Nécessite pratique,1,En formation,0,Coaching Intensif,2,1,18,1,2025
SIM00012,REP001,Ahmed Ben Ali,12,2025-12-06,12,December,49,Simulation Médecin,Avancé,3,4.0,4.0,3.75,-0.1,0.1,0.0259,0,1,1,Nécessite pratique,1,En formation,0,Coaching Intensif,2,1,19,2,2025
SIM00013,REP002,Fatma Trabelsi,1,2025-10-01,10,October,40,Simulation Pharmacien,Débutant,1,5.1,5.1,5.1,0.0,0.0,0.0285,0,0,1,Nécessite pratique,1,En formation,0,Coaching Intensif,2,2,17,1,2025
SIM00014,REP002,Fatma Trabelsi,2,2025-10-04,10,October,40,Simulation Pharmacien,Débutant,1,5.3,5.2,5.2,0.2,0.0,0.0285,0,0,1,Nécessite pratique,1,En formation,0,Coaching Intensif,2,1,31,1,2025
SIM00015,REP002,Fatma Trabelsi,3,2025-10-13,10,October,42,Simulation Pharmacien,Débutant,1,5.6,5.33,5.33,0.3,0.5,0.0285,0,0,1,Nécessite pratique,1,En formation,0,Coaching Intensif,2,1,36,0,2025
SIM00016,REP002,Fatma Trabelsi,4,2025-10-13,10,October,42,Simulation Pharmacien,Intermédiaire,2,4.9,5.27,5.22,-0.7,-0.4,0.0285,0,0,1,Nécessite pratique,1,En formation,0,Coaching Intensif,2,2,21,2,2025
SIM00017,REP002,Fatma Trabelsi,5,2025-11-10,11,November,46,Simulation Pharmacien,Intermédiaire,2,5.3,5.27,5.24,0.4,-0.3,0.0285,0,0,1,Nécessite pratique,1,En formation,0,Coaching Intensif,2,2,20,0,2025
SIM00018,REP002,Fatma Trabelsi,6,2025-10-16,10,October,42,Simulation Médecin,Intermédiaire,2,5.3,5.17,5.25,0.0,0.4,0.0285,0,0,1,Nécessite pratique,1,En formation,0,Coaching Intensif,2,4,19,2,2025
SIM00019,REP002,Fatma Trabelsi,7,2025-10-19,10,October,42,Simulation Pharmacien,Intermédiaire,2,5.7,5.43,5.31,0.4,0.4,0.0285,0,0,1,Nécessite pratique,1,En formation,0,Coaching Intensif,2,1,42,2,2025
SIM00020,REP002,Fatma Trabelsi,8,2025-11-12,11,November,46,Simulation Pharmacien,Avancé,3,5.2,5.4,5.3,-0.5,-0.1,0.0285,0,0,1,Nécessite pratique,1,En formation,0,Coaching Intensif,2,3,33,2,2025
SIM00021,REP002,Fatma Trabelsi,9,2025-12-12,12,December,50,Cas Complexe Multi-Objections,Avancé,3,5.4,5.43,5.31,0.2,-0.3,0.0285,0,0,1,Nécessite pratique,1,En formation,0,Coaching Intensif,2,1,29,1,2025
SIM00022,REP002,Fatma Trabelsi,10,2025-12-03,12,December,49,Simulation Médecin,Avancé,3,5.5,5.37,5.33,0.1,0.3,0.0285,0,0,1,Nécessite pratique,1,En formation,0,Coaching Intensif,2,2,20,3,2025
SIM00023,REP003,Mohamed Gharbi,1,2025-10-01,10,October,40,Simulation Pharmacien,Débutant,1,7.0,7.0,7.0,0.0,0.0,-0.02,1,0,0,En Progrès,2,En formation,0,Coaching Standard,1,5,19,1,2025
SIM00024,REP003,Mohamed Gharbi,2,2025-10-08,10,October,41,Simulation Pharmacien,Débutant,1,7.3,7.15,7.15,0.3,0.0,-0.02,1,0,0,En Progrès,2,En formation,0,Coaching Standard,1,1,15,1,2025
SIM00025,REP003,Mohamed Gharbi,3,2025-10-07,10,October,41,Simulation Pharmacien,Débutant,1,7.7,7.33,7.33,0.4,0.7,-0.02,1,0,0,En Progrès,2,En formation,0,Autonome,0,1,41,2,2025
SIM00026,REP003,Mohamed Gharbi,4,2025-10-25,10,October,43,Simulation Pharmacien,Intermédiaire,2,6.9,7.3,7.22,-0.8,-0.4,-0.02,0,0,0,En Progrès,2,En formation,0,Coaching Standard,1,4,34,0,2025
SIM00027,REP003,Mohamed Gharbi,5,2025-10-13,10,October,42,Simulation Médecin,Intermédiaire,2,7.1,7.23,7.2,0.2,-0.6,-0.02,1,0,0,En Progrès,2,En formation,0,Coaching Standard,1,2,40,1,2025
SIM00028,REP004,Sonia Mansouri,1,2025-10-01,10,October,40,Simulation Pharmacien,Débutant,1,4.3,4.3,4.3,0.0,0.0,0.0171,0,0,1,Nécessite pratique,1,En formation,0,Coaching Intensif,2,3,23,2,2025
SIM00029,REP004,Sonia Mansouri,2,2025-10-04,10,October,40,Simulation Pharmacien,Débutant,1,4.2,4.25,4.25,-0.1,0.0,0.0171,0,0,1,Nécessite pratique,1,En formation,0,Coaching Intensif,2,3,16,1,2025
SIM00030,REP004,Sonia Mansouri,3,2025-10-09,10,October,41,Simulation Pharmacien,Débutant,1,4.6,4.37,4.37,0.4,0.3,0.0171,0,0,1,Nécessite pratique,1,En formation,0,Coaching Intensif,2,4,15,2,2025
SIM00031,REP004,Sonia Mansouri,4,2025-10-28,10,October,44,Simulation Pharmacien,Intermédiaire,2,4.0,4.27,4.28,-0.6,-0.2,0.0171,0,0,1,Nécessite pratique,1,En formation,0,Coaching Intensif,2,1,38,1,2025
SIM00032,REP004,Sonia Mansouri,5,2025-10-21,10,October,43,Simulation Médecin,Intermédiaire,2,3.9,4.17,4.2,-0.1,-0.7,0.0171,0,0,1,Nécessite pratique,1,En formation,0,Coaching Intensif,2,3,27,2,2025
SIM00033,REP004,Sonia Mansouri,6,2025-11-20,11,November,47,Simulation Médecin,Intermédiaire,2,4.1,4.0,4.18,0.2,0.1,0.0171,0,1,1,Nécessite pratique,1,En formation,0,Coaching Intensif,2,1,24,3,2025
SIM00034,REP004,Sonia Mansouri,7,2025-10-31,10,October,44,Simulation Pharmacien,Intermédiaire,2,4.2,4.07,4.19,0.1,0.3,0.0171,0,0,1,Nécessite pratique,1,En formation,0,Coaching Intensif,2,1,29,0,2025
SIM00035,REP004,Sonia Mansouri,8,2025-11-12,11,November,46,Simulation Pharmacien,Avancé,3,3.9,4.07,4.15,-0.3,-0.2,0.0171,0,0,1,Nécessite pratique,1,En formation,0,Coaching Intensif,2,1,40,0,2025
SIM00036,REP004,Sonia Mansouri,9,2025-11-10,11,November,46,Cas Complexe Multi-Objections,Avancé,3,4.0,4.03,4.13,0.1,-0.2,0.0171,0,0,1,Nécessite pratique,1,En formation,0,Coaching Intensif,2,2,43,2,2025
SIM00037,REP004,Sonia Mansouri,10,2025-11-24,11,November,48,Simulation Médecin,Avancé,3,4.0,3.97,4.12,0.0,0.1,0.0171,0,1,1,Nécessite pratique,1,En formation,0,Coaching Intensif,2,2,25,1,2025
SIM00038,REP004,Sonia Mansouri,11,2025-11-30,11,November,48,Cas Complexe Multi-Objections,Avancé,3,4.2,4.07,4.13,0.2,0.2,0.0171,0,0,1,Nécessite pratique,1,En formation,0,Coaching Intensif,2,2,28,2,2025
SIM00039,REP004,Sonia Mansouri,12,2026-01-19,1,January,4,Cas Complexe Multi-Objections,Avancé,3,4.2,4.13,4.13,0.0,0.2,0.0171,0,0,1,Nécessite pratique,1,En formation,0,Coaching Intensif,2,1,30,1,2026
SIM00040,REP004,Sonia Mansouri,13,2026-01-29,1,January,5,Cas Complexe Multi-Objections,Avancé,3,4.4,4.27,4.15,0.2,0.2,0.0171,0,0,1,Nécessite pratique,1,En formation,0,Coaching Intensif,2,1,19,0,2026
SIM00041,REP004,Sonia Mansouri,14,2026-01-13,1,January,3,Cas Complexe Multi-Objections,Avancé,3,4.6,4.4,4.19,0.2,0.4,0.0171,0,0,1,Nécessite pratique,1,En formation,0,Coaching Intensif,2,1,30,0,2026
SIM00042,REP004,Sonia Mansouri,15,2025-11-26,11,November,48,Simulation Médecin,Avancé,3,4.6,4.53,4.21,0.0,0.2,0.0171,0,1,1,Nécessite pratique,1,En formation,0,Coaching Intensif,2,1,22,1,2025
SIM00043,REP005,Karim Bouaziz,1,2025-10-01,10,October,40,Simulation Pharmacien,Débutant,1,5.0,5.0,5.0,0.0,0.0,0.0182,0,0,1,Nécessite pratique,1,En formation,0,Coaching Intensif,2,1,44,2,2025
SIM00044,REP005,Karim Bouaziz,2,2025-10-05,10,October,40,Simulation Pharmacien,Débutant,1,5.1,5.05,5.05,0.1,0.0,0.0182,0,0,1,Nécessite pratique,1,En formation,0,Coaching Intensif,2,5,28,1,2025
SIM00045,REP005,Karim Bouaziz,3,2025-10-19,10,October,42,Simulation Pharmacien,Débutant,1,5.4,5.17,5.17,0.3,0.4,0.0182,0,0,1,Nécessite pratique,1,En formation,0,Coaching Intensif,2,2,38,0,2025
SIM00046,REP005,Karim Bouaziz,4,2025-10-22,10,October,43,Simulation Pharmacien,Intermédiaire,2,4.9,5.13,5.1,-0.5,-0.2,0.0182,0,0,1,Nécessite pratique,1,En formation,0,Coaching Intensif,2,4,22,0,2025
SIM00047,REP005,Karim Bouaziz,5,2025-11-02,11,November,44,Simulation Pharmacien,Intermédiaire,2,5.0,5.1,5.08,0.1,-0.4,0.0182,0,0,1,Nécessite pratique,1,En formation,0,Coaching Intensif,2,3,23,2,2025
SIM00048,REP005,Karim Bouaziz,6,2025-11-15,11,November,46,Simulation Médecin,Intermédiaire,2,5.0,4.97,5.07,0.0,0.1,0.0182,0,1,1,Nécessite pratique,1,En formation,0,Coaching Intensif,2,1,17,1,2025
SIM00049,REP005,Karim Bouaziz,7,2025-11-24,11,November,48,Simulation Médecin,Intermédiaire,2,5.3,5.1,5.1,0.3,0.3,0.0182,0,0,1,Nécessite pratique,1,En formation,0,Coaching Intensif,2,2,23,2,2025
SIM00050,REP005,Karim Bouaziz,8,2025-11-12,11,November,46,Simulation Médecin,Avancé,3,4.9,5.07,5.08,-0.4,-0.1,0.0182,0,0,1,Nécessite pratique,1,En formation,0,Coaching Intensif,2,2,22,1,2025
SIM00051,REP005,Karim Bouaziz,9,2025-11-26,11,November,48,Simulation Médecin,Avancé,3,5.2,5.13,5.09,0.3,-0.1,0.0182,0,0,1,Nécessite pratique,1,En formation,0,Coaching Intensif,2,2,30,1,2025
SIM00052,REP005,Karim Bouaziz,10,2025-12-21,12,December,51,Simulation Médecin,Avancé,3,5.4,5.17,5.12,0.2,0.5,0.0182,0,0,1,Nécessite pratique,1,En formation,0,Coaching Intensif,2,2,17,2,2025
SIM00053,REP006,Leila Cherif,1,2025-10-01,10,October,40,Simulation Pharmacien,Débutant,1,7.2,7.2,7.2,0.0,0.0,0.006,1,0,0,En Progrès,2,En formation,0,Coaching Standard,1,5,16,3,2025
SIM00054,REP006,Leila Cherif,2,2025-10-06,10,October,41,Simulation Pharmacien,Débutant,1,7.3,7.25,7.25,0.1,0.0,0.006,1,0,0,En Progrès,2,En formation,0,Coaching Standard,1,1,28,1,2025
SIM00055,REP006,Leila Cherif,3,2025-10-21,10,October,43,Simulation Pharmacien,Débutant,1,7.6,7.37,7.37,0.3,0.4,0.006,1,0,0,En Progrès,2,En formation,0,Autonome,0,5,36,2,2025
SIM00056,REP006,Leila Cherif,4,2025-10-13,10,October,42,Simulation Pharmacien,Intermédiaire,2,6.8,7.23,7.22,-0.8,-0.5,0.006,0,0,0,En Progrès,2,En formation,0,Coaching Standard,1,3,29,1,2025
SIM00057,REP006,Leila Cherif,5,2025-10-17,10,October,42,Simulation Médecin,Intermédiaire,2,7.2,7.2,7.22,0.4,-0.4,0.006,1,0,0,En Progrès,2,En formation,0,Coaching Standard,1,3,15,2,2025
SIM00058,REP006,Leila Cherif,6,2025-10-26,10,October,43,Simulation Médecin,Intermédiaire,2,7.6,7.2,7.28,0.4,0.8,0.006,1,0,0,En Progrès,2,Certifié Niveau 1,0,Autonome,0,4,35,2,2025
SIM00059,REP006,Leila Cherif,7,2025-10-31,10,October,44,Simulation Médecin,Intermédiaire,2,7.6,7.47,7.33,0.0,0.4,0.006,1,0,0,En Progrès,2,Certifié Niveau 1,0,Autonome,0,2,41,1,2025
SIM00060,REP006,Leila Cherif,8,2025-10-22,10,October,43,Simulation Médecin,Avancé,3,7.0,7.4,7.29,-0.6,-0.6,0.006,1,0,0,En Progrès,2,En formation,0,Coaching Standard,1,3,26,1,2025
SIM00061,REP007,Youssef Hamdi,1,2025-10-01,10,October,40,Simulation Pharmacien,Débutant,1,4.8,4.8,4.8,0.0,0.0,-0.0088,0,0,1,Nécessite pratique,1,En formation,0,Coaching Intensif,2,5,40,2,2025
SIM00062,REP007,Youssef Hamdi,2,2025-10-05,10,October,40,Simulation Pharmacien,Débutant,1,5.2,5.0,5.0,0.4,0.0,-0.0088,0,0,1,Nécessite pratique,1,En formation,0,Coaching Intensif,2,3,31,0,2025
SIM00063,REP007,Youssef Hamdi,3,2025-10-11,10,October,41,Simulation Pharmacien,Débutant,1,5.4,5.13,5.13,0.2,0.6,-0.0088,0,0,1,Nécessite pratique,1,En formation,0,Coaching Intensif,2,3,39,2,2025
SIM00064,REP007,Youssef Hamdi,4,2025-10-22,10,October,43,Simulation Pharmacien,Intermédiaire,2,4.6,5.07,5.0,-0.8,-0.6,-0.0088,0,0,1,Nécessite pratique,1,En formation,0,Coaching Intensif,2,4,26,0,2025
SIM00065,REP007,Youssef Hamdi,5,2025-10-25,10,October,43,Simulation Pharmacien,Intermédiaire,2,4.8,4.93,4.96,0.2,-0.6,-0.0088,0,0,1,Nécessite pratique,1,En formation,0,Coaching Intensif,2,3,38,2,2025
SIM00066,REP007,Youssef Hamdi,6,2025-10-26,10,October,43,Simulation Pharmacien,Intermédiaire,2,4.9,4.77,4.95,0.1,0.3,-0.0088,0,0,1,Nécessite pratique,1,En formation,0,Coaching Intensif,2,4,15,0,2025
SIM00067,REP007,Youssef Hamdi,7,2025-11-12,11,November,46,Simulation Pharmacien,Intermédiaire,2,5.2,4.97,4.99,0.3,0.4,-0.0088,0,0,1,Nécessite pratique,1,En formation,0,Coaching Intensif,2,3,27,2,2025
SIM00068,REP007,Youssef Hamdi,8,2025-11-12,11,November,46,Simulation Pharmacien,Avancé,3,4.7,4.93,4.95,-0.5,-0.2,-0.0088,0,0,1,Nécessite pratique,1,En formation,0,Coaching Intensif,2,3,37,1,2025
SIM00069,REP007,Youssef Hamdi,9,2025-10-25,10,October,43,Cas Complexe Multi-Objections,Avancé,3,4.6,4.83,4.91,-0.1,-0.6,-0.0088,0,0,1,Nécessite pratique,1,En formation,0,Coaching Intensif,2,1,31,1,2025
SIM00070,REP007,Youssef Hamdi,10,2025-12-21,12,December,51,Cas Complexe Multi-Objections,Avancé,3,4.6,4.63,4.88,0.0,-0.1,-0.0088,0,1,1,Nécessite pratique,1,En formation,0,Coaching Intensif,2,2,35,1,2025
SIM00071,REP007,Youssef Hamdi,11,2025-11-20,11,November,47,Cas Complexe Multi-Objections,Avancé,3,4.8,4.67,4.87,0.2,0.2,-0.0088,0,0,1,Nécessite pratique,1,En formation,0,Coaching Intensif,2,2,37,2,2025
SIM00072,REP007,Youssef Hamdi,12,2026-01-08,1,January,2,Cas Complexe Multi-Objections,Avancé,3,5.0,4.8,4.88,0.2,0.4,-0.0088,0,0,1,Nécessite pratique,1,En formation,0,Coaching Intensif,2,2,23,1,2026
SIM00073,REP007,Youssef Hamdi,13,2025-12-12,12,December,50,Simulation Médecin,Avancé,3,5.2,5.0,4.91,0.2,0.4,-0.0088,0,0,1,Nécessite pratique,1,En formation,0,Coaching Intensif,2,1,36,2,2025
SIM00074,REP008,Amira Khelifi,1,2025-10-01,10,October,40,Simulation Pharmacien,Débutant,1,4.8,4.8,4.8,0.0,0.0,0.0382,0,0,1,Nécessite pratique,1,En formation,0,Coaching Intensif,2,4,20,3,2025
SIM00075,REP008,Amira Khelifi,2,2025-10-08,10,October,41,Simulation Pharmacien,Débutant,1,4.8,4.8,4.8,0.0,0.0,0.0382,0,0,1,Nécessite pratique,1,En formation,0,Coaching Intensif,2,4,45,1,2025
SIM00076,REP008,Amira Khelifi,3,2025-10-09,10,October,41,Simulation Pharmacien,Débutant,1,5.1,4.9,4.9,0.3,0.3,0.0382,0,0,1,Nécessite pratique,1,En formation,0,Coaching Intensif,2,1,29,3,2025
SIM00077,REP008,Amira Khelifi,4,2025-10-31,10,October,44,Simulation Pharmacien,Intermédiaire,2,4.7,4.87,4.85,-0.4,-0.1,0.0382,0,0,1,Nécessite pratique,1,En formation,0,Coaching Intensif,2,1,35,1,2025
SIM00078,REP008,Amira Khelifi,5,2025-10-13,10,October,42,Simulation Médecin,Intermédiaire,2,4.7,4.83,4.82,0.0,-0.4,0.0382,0,0,1,Nécessite pratique,1,En formation,0,Coaching Intensif,2,2,43,2,2025
SIM00079,REP008,Amira Khelifi,6,2025-11-15,11,November,46,Simulation Médecin,Intermédiaire,2,5.2,4.87,4.88,0.5,0.5,0.0382,0,0,1,Nécessite pratique,1,En formation,0,Coaching Intensif,2,3,21,2,2025
SIM00080,REP008,Amira Khelifi,7,2025-10-19,10,October,42,Simulation Pharmacien,Intermédiaire,2,5.3,5.07,4.94,0.1,0.6,0.0382,0,0,1,Nécessite pratique,1,En formation,0,Coaching Intensif,2,1,36,1,2025
SIM00081,REP008,Amira Khelifi,8,2025-11-12,11,November,46,Simulation Pharmacien,Avancé,3,4.8,5.1,4.92,-0.5,-0.4,0.0382,0,0,1,Nécessite pratique,1,En formation,0,Coaching Intensif,2,1,40,1,2025
SIM00082,REP008,Amira Khelifi,9,2025-11-26,11,November,48,Simulation Médecin,Avancé,3,5.0,5.03,4.93,0.2,-0.3,0.0382,0,0,1,Nécessite pratique,1,En formation,0,Coaching Intensif,2,2,40,1,2025
SIM00083,REP008,Amira Khelifi,10,2025-12-21,12,December,51,Simulation Médecin,Avancé,3,5.1,4.97,4.95,0.1,0.3,0.0382,0,0,1,Nécessite pratique,1,En formation,0,Coaching Intensif,2,2,31,0,2025
SIM00084,REP008,Amira Khelifi,11,2025-12-10,12,December,50,Simulation Médecin,Avancé,3,5.3,5.13,4.98,0.2,0.3,0.0382,0,0,1,Nécessite pratique,1,En formation,0,Coaching Intensif,2,2,36,2,2025
SIM00085,REP009,Mehdi Jbeli,1,2025-10-01,10,October,40,Simulation Pharmacien,Débutant,1,5.9,5.9,5.9,0.0,0.0,0.01,0,0,1,Nécessite pratique,1,En formation,0,Coaching Intensif,2,5,28,1,2025
SIM00086,REP009,Mehdi Jbeli,2,2025-10-11,10,October,41,Simulation Pharmacien,Débutant,1,6.1,6.0,6.0,0.2,0.0,0.01,0,0,0,Nécessite pratique,1,En formation,0,Coaching Standard,1,4,28,1,2025
SIM00087,REP009,Mehdi Jbeli,3,2025-10-09,10,October,41,Simulation Pharmacien,Débutant,1,6.6,6.2,6.2,0.5,0.7,0.01,0,0,0,En Progrès,2,En formation,0,Coaching Standard,1,1,38,3,2025
SIM00088,REP009,Mehdi Jbeli,4,2025-10-28,10,October,44,Simulation Pharmacien,Intermédiaire,2,5.6,6.1,6.05,-1.0,-0.5,0.01,0,0,1,Nécessite pratique,1,En formation,0,Coaching Intensif,2,3,26,1,2025
SIM00089,REP009,Mehdi Jbeli,5,2025-11-02,11,November,44,Simulation Pharmacien,Intermédiaire,2,6.2,6.13,6.08,0.6,-0.4,0.01,0,0,0,Nécessite pratique,1,En formation,0,Coaching Standard,1,2,40,2,2025
SIM00090,REP010,Nadia Sassi,1,2025-10-01,10,October,40,Simulation Pharmacien,Débutant,1,3.5,3.5,3.5,0.0,0.0,0.0389,0,0,1,Nécessite pratique,1,En formation,0,Coaching Intensif,2,2,42,2,2025
SIM00091,REP010,Nadia Sassi,2,2025-10-10,10,October,41,Simulation Pharmacien,Débutant,1,3.9,3.7,3.7,0.4,0.0,0.0389,0,0,1,Nécessite pratique,1,En formation,0,Coaching Intensif,2,3,24,1,2025
SIM00092,REP010,Nadia Sassi,3,2025-10-11,10,October,41,Simulation Pharmacien,Débutant,1,3.9,3.77,3.77,0.0,0.4,0.0389,0,0,1,Nécessite pratique,1,En formation,0,Coaching Intensif,2,4,36,2,2025
SIM00093,REP010,Nadia Sassi,4,2025-10-13,10,October,42,Simulation Pharmacien,Intermédiaire,2,3.4,3.73,3.68,-0.5,-0.5,0.0389,0,0,1,Nécessite pratique,1,En formation,0,Coaching Intensif,2,2,27,1,2025
SIM00094,REP010,Nadia Sassi,5,2025-10-29,10,October,44,Simulation Pharmacien,Intermédiaire,2,3.5,3.6,3.64,0.1,-0.4,0.0389,0,0,1,Nécessite pratique,1,En formation,0,Coaching Intensif,2,4,20,2,2025
SIM00095,REP010,Nadia Sassi,6,2025-10-16,10,October,42,Simulation Médecin,Intermédiaire,2,3.7,3.53,3.65,0.2,0.3,0.0389,0,0,1,Nécessite pratique,1,En formation,0,Coaching Intensif,2,4,33,1,2025
SIM00096,REP010,Nadia Sassi,7,2025-10-31,10,October,44,Simulation Médecin,Intermédiaire,2,3.7,3.63,3.66,0.0,0.2,0.0389,0,0,1,Nécessite pratique,1,En formation,0,Coaching Intensif,2,1,22,2,2025
SIM00097,REP010,Nadia Sassi,8,2025-11-05,11,November,45,Simulation Pharmacien,Avancé,3,3.6,3.67,3.65,-0.1,-0.1,0.0389,0,1,1,Nécessite pratique,1,En formation,0,Coaching Intensif,2,3,45,1,2025
SIM00098,REP010,Nadia Sassi,9,2025-11-10,11,November,46,Cas Complexe Multi-Objections,Avancé,3,3.7,3.67,3.66,0.1,0.0,0.0389,0,1,1,Nécessite pratique,1,En formation,0,Coaching Intensif,2,3,29,1,2025
SIM00099,REP010,Nadia Sassi,10,2025-11-15,11,November,46,Cas Complexe Multi-Objections,Avancé,3,3.6,3.63,3.65,-0.1,0.0,0.0389,0,1,1,Nécessite pratique,1,En formation,0,Coaching Intensif,2,2,40,1,2025
SIM00100,REP010,Nadia Sassi,11,2025-10-31,10,October,44,Simulation Médecin,Avancé,3,4.0,3.77,3.68,0.4,0.3,0.0389,0,0,1,Nécessite pratique,1,En formation,0,Coaching Intensif,2,2,29,2,2025
SIM00101,REP010,Nadia Sassi,12,2025-12-28,12,December,52,Simulation Médecin,Avancé,3,4.1,3.9,3.72,0.1,0.5,0.0389,0,0,1,Nécessite pratique,1,En formation,0,Coaching Intensif,2,1,40,2,2025
SIM00102,REP010,Nadia Sassi,13,2026-01-29,1,January,5,Cas Complexe Multi-Objections,Avancé,3,4.1,4.07,3.75,0.0,0.1,0.0389,0,1,1,Nécessite pratique,1,En formation,0,Coaching Intensif,2,1,28,2,2026
SIM00103,REP010,Nadia Sassi,14,2025-11-22,11,November,47,Cas Complexe Multi-Objections,Avancé,3,4.2,4.13,3.78,0.1,0.1,0.0389,0,1,1,Nécessite pratique,1,En formation,0,Coaching Intensif,2,1,25,1,2025
SIM00104,REP011,Rami Abidi,1,2025-10-01,10,October,40,Simulation Pharmacien,Débutant,1,5.7,5.7,5.7,0.0,0.0,0.029,0,0,1,Nécessite pratique,1,En formation,0,Coaching Intensif,2,5,17,1,2025
SIM00105,REP011,Rami Abidi,2,2025-10-09,10,October,41,Simulation Pharmacien,Débutant,1,5.9,5.8,5.8,0.2,0.0,0.029,0,0,1,Nécessite pratique,1,En formation,0,Coaching Intensif,2,2,17,3,2025
SIM00106,REP011,Rami Abidi,3,2025-10-11,10,October,41,Simulation Pharmacien,Débutant,1,6.4,6.0,6.0,0.5,0.7,0.029,0,0,0,Nécessite pratique,1,En formation,0,Coaching Standard,1,2,41,1,2025
SIM00107,REP011,Rami Abidi,4,2025-10-25,10,October,43,Simulation Pharmacien,Intermédiaire,2,5.5,5.93,5.88,-0.9,-0.4,0.029,0,0,1,Nécessite pratique,1,En formation,0,Coaching Intensif,2,4,22,1,2025
SIM00108,REP011,Rami Abidi,5,2025-11-10,11,November,46,Simulation Médecin,Intermédiaire,2,5.7,5.87,5.84,0.2,-0.7,0.029,0,0,1,Nécessite pratique,1,En formation,0,Coaching Intensif,2,2,40,2,2025
SIM00109,REP011,Rami Abidi,6,2025-10-21,10,October,43,Simulation Pharmacien,Intermédiaire,2,5.9,5.7,5.85,0.2,0.4,0.029,0,0,1,Nécessite pratique,1,En formation,0,Coaching Intensif,2,2,41,1,2025
SIM00110,REP011,Rami Abidi,7,2025-10-19,10,October,42,Simulation Pharmacien,Intermédiaire,2,6.2,5.93,5.9,0.3,0.5,0.029,0,0,0,Nécessite pratique,1,En formation,0,Coaching Standard,1,2,22,1,2025
SIM00111,REP011,Rami Abidi,8,2025-10-22,10,October,43,Simulation Pharmacien,Avancé,3,5.5,5.87,5.85,-0.7,-0.4,0.029,0,0,1,Nécessite pratique,1,En formation,0,Coaching Intensif,2,3,15,1,2025
SIM00112,REP011,Rami Abidi,9,2025-11-02,11,November,44,Cas Complexe Multi-Objections,Avancé,3,5.7,5.8,5.83,0.2,-0.5,0.029,0,0,1,Nécessite pratique,1,En formation,0,Coaching Intensif,2,1,28,3,2025
SIM00113,REP011,Rami Abidi,10,2025-11-15,11,November,46,Simulation Médecin,Avancé,3,6.0,5.73,5.85,0.3,0.5,0.029,0,0,0,Nécessite pratique,1,En formation,0,Coaching Standard,1,2,20,2,2025
SIM00114,REP011,Rami Abidi,11,2025-12-30,12,December,1,Cas Complexe Multi-Objections,Avancé,3,6.2,5.97,5.88,0.2,0.5,0.029,0,0,0,Nécessite pratique,1,En formation,0,Coaching Standard,1,1,26,1,2025
SIM00115,REP011,Rami Abidi,12,2025-12-28,12,December,52,Cas Complexe Multi-Objections,Avancé,3,6.4,6.2,5.93,0.2,0.4,0.029,0,0,0,Nécessite pratique,1,En formation,0,Coaching Standard,1,1,41,1,2025
SIM00116,REP012,Salma Ferchichi,1,2025-10-01,10,October,40,Simulation Pharmacien,Débutant,1,6.7,6.7,6.7,0.0,0.0,-0.03,0,0,0,En Progrès,2,En formation,0,Coaching Standard,1,2,43,2,2025
SIM00117,REP012,Salma Ferchichi,2,2025-10-07,10,October,41,Simulation Pharmacien,Débutant,1,7.0,6.85,6.85,0.3,0.0,-0.03,1,0,0,En Progrès,2,En formation,0,Coaching Standard,1,3,23,1,2025
SIM00118,REP012,Salma Ferchichi,3,2025-10-11,10,October,41,Simulation Pharmacien,Débutant,1,7.2,6.97,6.97,0.2,0.5,-0.03,1,0,0,En Progrès,2,En formation,0,Coaching Standard,1,3,40,2,2025
SIM00119,REP012,Salma Ferchichi,4,2025-10-13,10,October,42,Simulation Pharmacien,Intermédiaire,2,6.5,6.9,6.85,-0.7,-0.5,-0.03,0,0,0,En Progrès,2,En formation,0,Coaching Standard,1,4,20,2,2025
SIM00120,REP012,Salma Ferchichi,5,2025-10-17,10,October,42,Simulation Pharmacien,Intermédiaire,2,6.8,6.83,6.84,0.3,-0.4,-0.03,0,0,0,En Progrès,2,En formation,0,Coaching Standard,1,4,16,2,2025
SIM00121,REP013,Hichem Dridi,1,2025-10-01,10,October,40,Simulation Pharmacien,Débutant,1,4.5,4.5,4.5,0.0,0.0,-0.0104,0,0,1,Nécessite pratique,1,En formation,0,Coaching Intensif,2,2,31,0,2025
SIM00122,REP013,Hichem Dridi,2,2025-10-06,10,October,41,Simulation Pharmacien,Débutant,1,4.8,4.65,4.65,0.3,0.0,-0.0104,0,0,1,Nécessite pratique,1,En formation,0,Coaching Intensif,2,3,37,1,2025
SIM00123,REP013,Hichem Dridi,3,2025-10-11,10,October,41,Simulation Pharmacien,Débutant,1,5.3,4.87,4.87,0.5,0.8,-0.0104,0,0,1,Nécessite pratique,1,En formation,0,Coaching Intensif,2,4,17,1,2025
SIM00124,REP013,Hichem Dridi,4,2025-10-22,10,October,43,Simulation Pharmacien,Intermédiaire,2,4.4,4.83,4.75,-0.9,-0.4,-0.0104,0,0,1,Nécessite pratique,1,En formation,0,Coaching Intensif,2,2,18,1,2025
SIM00125,REP013,Hichem Dridi,5,2025-11-02,11,November,44,Simulation Pharmacien,Intermédiaire,2,4.5,4.73,4.7,0.1,-0.8,-0.0104,0,0,1,Nécessite pratique,1,En formation,0,Coaching Intensif,2,4,37,1,2025
SIM00126,REP013,Hichem Dridi,6,2025-11-10,11,November,46,Simulation Médecin,Intermédiaire,2,4.8,4.57,4.72,0.3,0.4,-0.0104,0,0,1,Nécessite pratique,1,En formation,0,Coaching Intensif,2,2,39,1,2025
SIM00127,REP013,Hichem Dridi,7,2025-10-31,10,October,44,Simulation Pharmacien,Intermédiaire,2,4.8,4.7,4.73,0.0,0.3,-0.0104,0,0,1,Nécessite pratique,1,En formation,0,Coaching Intensif,2,1,26,2,2025
SIM00128,REP013,Hichem Dridi,8,2025-11-19,11,November,47,Simulation Pharmacien,Avancé,3,4.3,4.63,4.68,-0.5,-0.5,-0.0104,0,0,1,Nécessite pratique,1,En formation,0,Coaching Intensif,2,3,19,2,2025
SIM00129,REP013,Hichem Dridi,9,2025-10-25,10,October,43,Simulation Médecin,Avancé,3,4.4,4.5,4.64,0.1,-0.4,-0.0104,0,0,1,Nécessite pratique,1,En formation,0,Coaching Intensif,2,3,15,1,2025
SIM00130,REP013,Hichem Dridi,10,2025-12-03,12,December,49,Simulation Médecin,Avancé,3,4.4,4.37,4.62,0.0,0.1,-0.0104,0,1,1,Nécessite pratique,1,En formation,0,Coaching Intensif,2,2,30,1,2025
SIM00131,REP013,Hichem Dridi,11,2025-12-30,12,December,1,Simulation Médecin,Avancé,3,4.4,4.4,4.6,0.0,0.0,-0.0104,0,1,1,Nécessite pratique,1,En formation,0,Coaching Intensif,2,2,18,1,2025
SIM00132,REP013,Hichem Dridi,12,2025-12-06,12,December,49,Cas Complexe Multi-Objections,Avancé,3,4.8,4.53,4.62,0.4,0.4,-0.0104,0,0,1,Nécessite pratique,1,En formation,0,Coaching Intensif,2,2,31,1,2025
SIM00133,REP013,Hichem Dridi,13,2025-12-12,12,December,50,Simulation Médecin,Avancé,3,4.9,4.7,4.64,0.1,0.5,-0.0104,0,0,1,Nécessite pratique,1,En formation,0,Coaching Intensif,2,1,34,1,2025
SIM00134,REP014,Ines Mbarek,1,2025-10-01,10,October,40,Simulation Pharmacien,Débutant,1,4.8,4.8,4.8,0.0,0.0,0.0382,0,0,1,Nécessite pratique,1,En formation,0,Coaching Intensif,2,4,16,1,2025
SIM00135,REP014,Ines Mbarek,2,2025-10-08,10,October,41,Simulation Pharmacien,Débutant,1,5.2,5.0,5.0,0.4,0.0,0.0382,0,0,1,Nécessite pratique,1,En formation,0,Coaching Intensif,2,4,26,1,2025
SIM00136,REP014,Ines Mbarek,3,2025-10-19,10,October,42,Simulation Pharmacien,Débutant,1,5.3,5.1,5.1,0.1,0.5,0.0382,0,0,1,Nécessite pratique,1,En formation,0,Coaching Intensif,2,2,37,3,2025
SIM00137,REP014,Ines Mbarek,4,2025-10-16,10,October,42,Simulation Pharmacien,Intermédiaire,2,4.6,5.03,4.97,-0.7,-0.6,0.0382,0,0,1,Nécessite pratique,1,En formation,0,Coaching Intensif,2,4,37,2,2025
SIM00138,REP014,Ines Mbarek,5,2025-10-13,10,October,42,Simulation Médecin,Intermédiaire,2,5.0,4.97,4.98,0.4,-0.3,0.0382,0,0,1,Nécessite pratique,1,En formation,0,Coaching Intensif,2,1,33,0,2025
SIM00139,REP014,Ines Mbarek,6,2025-10-31,10,October,44,Simulation Pharmacien,Intermédiaire,2,5.1,4.9,5.0,0.1,0.5,0.0382,0,0,1,Nécessite pratique,1,En formation,0,Coaching Intensif,2,3,28,1,2025
SIM00140,REP014,Ines Mbarek,7,2025-10-31,10,October,44,Simulation Médecin,Intermédiaire,2,5.5,5.2,5.07,0.4,0.5,0.0382,0,0,1,Nécessite pratique,1,En formation,0,Coaching Intensif,2,2,25,1,2025
SIM00141,REP014,Ines Mbarek,8,2025-12-10,12,December,50,Simulation Médecin,Avancé,3,4.9,5.17,5.05,-0.6,-0.2,0.0382,0,0,1,Nécessite pratique,1,En formation,0,Coaching Intensif,2,2,39,2,2025
SIM00142,REP014,Ines Mbarek,9,2025-11-26,11,November,48,Cas Complexe Multi-Objections,Avancé,3,5.0,5.13,5.04,0.1,-0.5,0.0382,0,0,1,Nécessite pratique,1,En formation,0,Coaching Intensif,2,1,24,2,2025
SIM00143,REP014,Ines Mbarek,10,2025-11-24,11,November,48,Cas Complexe Multi-Objections,Avancé,3,5.2,5.03,5.06,0.2,0.3,0.0382,0,0,1,Nécessite pratique,1,En formation,0,Coaching Intensif,2,1,22,1,2025
SIM00144,REP014,Ines Mbarek,11,2025-12-30,12,December,1,Simulation Médecin,Avancé,3,5.6,5.27,5.11,0.4,0.6,0.0382,0,0,1,Nécessite pratique,1,En formation,0,Coaching Intensif,2,1,28,1,2025
SIM00145,REP015,Zied Laabidi,1,2025-10-01,10,October,40,Simulation Pharmacien,Débutant,1,6.1,6.1,6.1,0.0,0.0,0.0643,0,0,0,Nécessite pratique,1,En formation,0,Coaching Standard,1,4,43,2,2025
SIM00146,REP015,Zied Laabidi,2,2025-10-04,10,October,40,Simulation Pharmacien,Débutant,1,6.5,6.3,6.3,0.4,0.0,0.0643,0,0,0,En Progrès,2,En formation,0,Coaching Standard,1,3,29,2,2025
SIM00147,REP015,Zied Laabidi,3,2025-10-09,10,October,41,Simulation Pharmacien,Débutant,1,6.8,6.47,6.47,0.3,0.7,0.0643,0,0,0,En Progrès,2,En formation,0,Coaching Standard,1,3,37,1,2025
SIM00148,REP015,Zied Laabidi,4,2025-10-28,10,October,44,Simulation Pharmacien,Intermédiaire,2,6.2,6.5,6.4,-0.6,-0.3,0.0643,0,0,0,Nécessite pratique,1,En formation,0,Coaching Standard,1,1,20,1,2025
SIM00149,REP015,Zied Laabidi,5,2025-11-10,11,November,46,Simulation Médecin,Intermédiaire,2,6.3,6.43,6.38,0.1,-0.5,0.0643,0,0,0,Nécessite pratique,1,En formation,0,Coaching Standard,1,3,37,1,2025
SIM00150,REP015,Zied Laabidi,6,2025-11-05,11,November,45,Simulation Médecin,Intermédiaire,2,6.6,6.37,6.42,0.3,0.4,0.0643,0,0,0,En Progrès,2,En formation,0,Coaching Standard,1,2,30,2,2025
SIM00151,REP015,Zied Laabidi,7,2025-11-06,11,November,45,Simulation Médecin,Intermédiaire,2,6.8,6.57,6.47,0.2,0.5,0.0643,0,0,0,En Progrès,2,En formation,0,Coaching Standard,1,3,18,2,2025
SIM00152,REP016,Hajer Toumi,1,2025-10-01,10,October,40,Simulation Pharmacien,Débutant,1,3.5,3.5,3.5,0.0,0.0,0.0446,0,0,1,Nécessite pratique,1,En formation,0,Coaching Intensif,2,4,40,1,2025
SIM00153,REP016,Hajer Toumi,2,2025-10-11,10,October,41,Simulation Pharmacien,Débutant,1,3.7,3.6,3.6,0.2,0.0,0.0446,0,0,1,Nécessite pratique,1,En formation,0,Coaching Intensif,2,1,38,1,2025
SIM00154,REP016,Hajer Toumi,3,2025-10-07,10,October,41,Simulation Pharmacien,Débutant,1,4.4,3.87,3.87,0.7,0.9,0.0446,0,0,1,Nécessite pratique,1,En formation,0,Coaching Intensif,2,4,20,1,2025
SIM00155,REP016,Hajer Toumi,4,2025-10-31,10,October,44,Simulation Pharmacien,Intermédiaire,2,3.7,3.93,3.82,-0.7,0.0,0.0446,0,0,1,Nécessite pratique,1,En formation,0,Coaching Intensif,2,2,35,2,2025
SIM00156,REP016,Hajer Toumi,5,2025-10-13,10,October,42,Simulation Médecin,Intermédiaire,2,3.7,3.93,3.8,0.0,-0.7,0.0446,0,0,1,Nécessite pratique,1,En formation,0,Coaching Intensif,2,2,29,1,2025
SIM00157,REP016,Hajer Toumi,6,2025-11-15,11,November,46,Simulation Pharmacien,Intermédiaire,2,3.8,3.73,3.8,0.1,0.1,0.0446,0,1,1,Nécessite pratique,1,En formation,0,Coaching Intensif,2,1,34,0,2025
SIM00158,REP016,Hajer Toumi,7,2025-10-19,10,October,42,Simulation Pharmacien,Intermédiaire,2,4.1,3.87,3.84,0.3,0.4,0.0446,0,0,1,Nécessite pratique,1,En formation,0,Coaching Intensif,2,1,31,1,2025
SIM00159,REP016,Hajer Toumi,8,2025-11-26,11,November,48,Simulation Pharmacien,Avancé,3,3.7,3.87,3.82,-0.4,-0.1,0.0446,0,0,1,Nécessite pratique,1,En formation,0,Coaching Intensif,2,2,23,1,2025
SIM00160,REP016,Hajer Toumi,9,2025-10-25,10,October,43,Cas Complexe Multi-Objections,Avancé,3,3.8,3.87,3.82,0.1,-0.3,0.0446,0,0,1,Nécessite pratique,1,En formation,0,Coaching Intensif,2,1,24,1,2025
SIM00161,REP016,Hajer Toumi,10,2025-12-30,12,December,1,Cas Complexe Multi-Objections,Avancé,3,3.9,3.8,3.83,0.1,0.2,0.0446,0,1,1,Nécessite pratique,1,En formation,0,Coaching Intensif,2,1,23,1,2025
SIM00162,REP016,Hajer Toumi,11,2025-11-30,11,November,48,Cas Complexe Multi-Objections,Avancé,3,4.1,3.93,3.85,0.2,0.3,0.0446,0,0,1,Nécessite pratique,1,En formation,0,Coaching Intensif,2,1,40,1,2025
SIM00163,REP016,Hajer Toumi,12,2025-12-17,12,December,51,Simulation Médecin,Avancé,3,4.0,4.0,3.87,-0.1,0.1,0.0446,0,1,1,Nécessite pratique,1,En formation,0,Coaching Intensif,2,2,44,1,2025
SIM00164,REP016,Hajer Toumi,13,2026-01-29,1,January,5,Cas Complexe Multi-Objections,Avancé,3,4.2,4.1,3.89,0.2,0.1,0.0446,0,0,1,Nécessite pratique,1,En formation,0,Coaching Intensif,2,1,29,1,2026
SIM00165,REP016,Hajer Toumi,14,2026-01-13,1,January,3,Simulation Médecin,Avancé,3,4.4,4.2,3.93,0.2,0.4,0.0446,0,0,1,Nécessite pratique,1,En formation,0,Coaching Intensif,2,1,32,1,2026
SIM00166,REP016,Hajer Toumi,15,2025-12-24,12,December,52,Cas Complexe Multi-Objections,Avancé,3,4.5,4.37,3.97,0.1,0.3,0.0446,0,0,1,Nécessite pratique,1,En formation,0,Coaching Intensif,2,1,45,1,2025
SIM00167,REP017,Anis Agrebi,1,2025-10-01,10,October,40,Simulation Pharmacien,Débutant,1,5.1,5.1,5.1,0.0,0.0,0.0462,0,0,1,Nécessite pratique,1,En formation,0,Coaching Intensif,2,1,39,2,2025
SIM00168,REP017,Anis Agrebi,2,2025-10-11,10,October,41,Simulation Pharmacien,Débutant,1,5.3,5.2,5.2,0.2,0.0,0.0462,0,0,1,Nécessite pratique,1,En formation,0,Coaching Intensif,2,4,15,2,2025
SIM00169,REP017,Anis Agrebi,3,2025-10-07,10,October,41,Simulation Pharmacien,Débutant,1,5.7,5.37,5.37,0.4,0.6,0.0462,0,0,1,Nécessite pratique,1,En formation,0,Coaching Intensif,2,1,31,1,2025
SIM00170,REP017,Anis Agrebi,4,2025-10-25,10,October,43,Simulation Pharmacien,Intermédiaire,2,5.3,5.43,5.35,-0.4,0.0,0.0462,0,0,1,Nécessite pratique,1,En formation,0,Coaching Intensif,2,2,24,1,2025
SIM00171,REP017,Anis Agrebi,5,2025-11-06,11,November,45,Simulation Médecin,Intermédiaire,2,5.3,5.43,5.34,0.0,-0.4,0.0462,0,0,1,Nécessite pratique,1,En formation,0,Coaching Intensif,2,1,37,2,2025
SIM00172,REP017,Anis Agrebi,6,2025-10-31,10,October,44,Simulation Médecin,Intermédiaire,2,5.6,5.4,5.38,0.3,0.3,0.0462,0,0,1,Nécessite pratique,1,En formation,0,Coaching Intensif,2,3,43,1,2025
SIM00173,REP017,Anis Agrebi,7,2025-10-31,10,October,44,Simulation Médecin,Intermédiaire,2,5.9,5.6,5.46,0.3,0.6,0.0462,0,0,1,Nécessite pratique,1,En formation,0,Coaching Intensif,2,1,33,1,2025
SIM00174,REP017,Anis Agrebi,8,2025-10-29,10,October,44,Simulation Pharmacien,Avancé,3,5.3,5.6,5.44,-0.6,-0.3,0.0462,0,0,1,Nécessite pratique,1,En formation,0,Coaching Intensif,2,1,41,2,2025
SIM00175,REP017,Anis Agrebi,9,2025-11-26,11,November,48,Simulation Médecin,Avancé,3,5.4,5.53,5.43,0.1,-0.5,0.0462,0,0,1,Nécessite pratique,1,En formation,0,Coaching Intensif,2,2,28,2,2025
SIM00176,REP017,Anis Agrebi,10,2025-11-06,11,November,45,Cas Complexe Multi-Objections,Avancé,3,5.7,5.47,5.46,0.3,0.4,0.0462,0,0,1,Nécessite pratique,1,En formation,0,Coaching Intensif,2,2,25,2,2025
SIM00177,REP017,Anis Agrebi,11,2025-11-20,11,November,47,Cas Complexe Multi-Objections,Avancé,3,5.7,5.6,5.48,0.0,0.3,0.0462,0,0,1,Nécessite pratique,1,En formation,0,Coaching Intensif,2,2,18,1,2025
SIM00178,REP017,Anis Agrebi,12,2025-12-17,12,December,51,Simulation Médecin,Avancé,3,5.9,5.77,5.52,0.2,0.2,0.0462,0,0,1,Nécessite pratique,1,En formation,0,Coaching Intensif,2,1,36,1,2025
SIM00179,REP018,Rim Oueslati,1,2025-10-01,10,October,40,Simulation Pharmacien,Débutant,1,6.2,6.2,6.2,0.0,0.0,0.0457,0,0,0,Nécessite pratique,1,En formation,0,Coaching Standard,1,3,45,2,2025
SIM00180,REP018,Rim Oueslati,2,2025-10-08,10,October,41,Simulation Pharmacien,Débutant,1,6.7,6.45,6.45,0.5,0.0,0.0457,0,0,0,En Progrès,2,En formation,0,Coaching Standard,1,4,40,3,2025
SIM00181,REP018,Rim Oueslati,3,2025-10-13,10,October,42,Simulation Pharmacien,Débutant,1,7.2,6.7,6.7,0.5,1.0,0.0457,1,0,0,En Progrès,2,En formation,0,Coaching Standard,1,3,24,1,2025
SIM00182,REP018,Rim Oueslati,4,2025-10-28,10,October,44,Simulation Pharmacien,Intermédiaire,2,6.2,6.7,6.58,-1.0,-0.5,0.0457,0,0,0,Nécessite pratique,1,En formation,0,Coaching Standard,1,2,36,0,2025
SIM00183,REP018,Rim Oueslati,5,2025-10-29,10,October,44,Simulation Médecin,Intermédiaire,2,6.4,6.6,6.54,0.2,-0.8,0.0457,0,0,0,Nécessite pratique,1,En formation,0,Coaching Standard,1,3,22,0,2025
SIM00184,REP018,Rim Oueslati,6,2025-11-20,11,November,47,Simulation Médecin,Intermédiaire,2,6.9,6.5,6.6,0.5,0.7,0.0457,0,0,0,En Progrès,2,En formation,0,Coaching Standard,1,1,18,2,2025
SIM00185,REP019,Fares Guesmi,1,2025-10-01,10,October,40,Simulation Pharmacien,Débutant,1,5.2,5.2,5.2,0.0,0.0,-0.0165,0,0,1,Nécessite pratique,1,En formation,0,Coaching Intensif,2,2,31,1,2025
SIM00186,REP019,Fares Guesmi,2,2025-10-11,10,October,41,Simulation Pharmacien,Débutant,1,5.1,5.15,5.15,-0.1,0.0,-0.0165,0,0,1,Nécessite pratique,1,En formation,0,Coaching Intensif,2,4,18,1,2025
SIM00187,REP019,Fares Guesmi,3,2025-10-15,10,October,42,Simulation Pharmacien,Débutant,1,5.4,5.23,5.23,0.3,0.2,-0.0165,0,0,1,Nécessite pratique,1,En formation,0,Coaching Intensif,2,4,26,1,2025
SIM00188,REP019,Fares Guesmi,4,2025-10-10,10,October,41,Simulation Pharmacien,Intermédiaire,2,4.9,5.13,5.15,-0.5,-0.2,-0.0165,0,0,1,Nécessite pratique,1,En formation,0,Coaching Intensif,2,1,36,1,2025
SIM00189,REP019,Fares Guesmi,5,2025-10-21,10,October,43,Simulation Médecin,Intermédiaire,2,4.7,5.0,5.06,-0.2,-0.7,-0.0165,0,0,1,Nécessite pratique,1,En formation,0,Coaching Intensif,2,2,20,0,2025
SIM00190,REP019,Fares Guesmi,6,2025-11-15,11,November,46,Simulation Pharmacien,Intermédiaire,2,4.9,4.83,5.03,0.2,0.0,-0.0165,0,0,1,Nécessite pratique,1,En formation,0,Coaching Intensif,2,1,33,0,2025
SIM00191,REP019,Fares Guesmi,7,2025-10-25,10,October,43,Simulation Médecin,Intermédiaire,2,4.9,4.83,5.01,0.0,0.2,-0.0165,0,0,1,Nécessite pratique,1,En formation,0,Coaching Intensif,2,2,33,2,2025
SIM00192,REP019,Fares Guesmi,8,2025-11-05,11,November,45,Simulation Pharmacien,Avancé,3,4.6,4.8,4.96,-0.3,-0.3,-0.0165,0,0,1,Nécessite pratique,1,En formation,0,Coaching Intensif,2,1,26,1,2025
SIM00193,REP019,Fares Guesmi,9,2025-12-20,12,December,51,Simulation Médecin,Avancé,3,4.5,4.67,4.91,-0.1,-0.4,-0.0165,0,0,1,Nécessite pratique,1,En formation,0,Coaching Intensif,2,1,20,0,2025
SIM00194,REP019,Fares Guesmi,10,2025-11-15,11,November,46,Cas Complexe Multi-Objections,Avancé,3,4.7,4.6,4.89,0.2,0.1,-0.0165,0,0,1,Nécessite pratique,1,En formation,0,Coaching Intensif,2,2,28,1,2025
SIM00195,REP019,Fares Guesmi,11,2025-12-10,12,December,50,Simulation Médecin,Avancé,3,5.0,4.73,4.9,0.3,0.5,-0.0165,0,0,1,Nécessite pratique,1,En formation,0,Coaching Intensif,2,2,33,3,2025
SIM00196,REP019,Fares Guesmi,12,2025-11-03,11,November,45,Cas Complexe Multi-Objections,Avancé,3,4.9,4.87,4.9,-0.1,0.2,-0.0165,0,0,1,Nécessite pratique,1,En formation,0,Coaching Intensif,2,1,24,2,2025
SIM00197,REP019,Fares Guesmi,13,2025-12-12,12,December,50,Cas Complexe Multi-Objections,Avancé,3,4.9,4.93,4.9,0.0,-0.1,-0.0165,0,1,1,Nécessite pratique,1,En formation,0,Coaching Intensif,2,1,40,3,2025
SIM00198,REP019,Fares Guesmi,14,2026-01-13,1,January,3,Cas Complexe Multi-Objections,Avancé,3,5.2,5.0,4.92,0.3,0.3,-0.0165,0,0,1,Nécessite pratique,1,En formation,0,Coaching Intensif,2,1,44,1,2026
SIM00199,REP020,Nesrine Jaziri,1,2025-10-01,10,October,40,Simulation Pharmacien,Débutant,1,5.7,5.7,5.7,0.0,0.0,-0.04,0,0,1,Nécessite pratique,1,En formation,0,Coaching Intensif,2,3,35,2,2025
SIM00200,REP020,Nesrine Jaziri,2,2025-10-09,10,October,41,Simulation Pharmacien,Débutant,1,6.1,5.9,5.9,0.4,0.0,-0.04,0,0,0,Nécessite pratique,1,En formation,0,Coaching Standard,1,1,42,2,2025
SIM00201,REP020,Nesrine Jaziri,3,2025-10-19,10,October,42,Simulation Pharmacien,Débutant,1,6.2,6.0,6.0,0.1,0.5,-0.04,0,0,0,Nécessite pratique,1,En formation,0,Coaching Standard,1,3,25,2,2025
SIM00202,REP020,Nesrine Jaziri,4,2025-10-10,10,October,41,Simulation Pharmacien,Intermédiaire,2,5.5,5.93,5.88,-0.7,-0.6,-0.04,0,0,1,Nécessite pratique,1,En formation,0,Coaching Intensif,2,2,29,0,2025
SIM00203,REP020,Nesrine Jaziri,5,2025-10-29,10,October,44,Simulation Pharmacien,Intermédiaire,2,5.7,5.8,5.84,0.2,-0.5,-0.04,0,0,1,Nécessite pratique,1,En formation,0,Coaching Intensif,2,1,26,1,2025
SIM00204,REP020,Nesrine Jaziri,6,2025-11-15,11,November,46,Simulation Pharmacien,Intermédiaire,2,5.9,5.7,5.85,0.2,0.4,-0.04,0,0,1,Nécessite pratique,1,En formation,0,Coaching Intensif,2,1,19,2,2025
SIM00205,REP020,Nesrine Jaziri,7,2025-10-31,10,October,44,Simulation Pharmacien,Intermédiaire,2,6.1,5.9,5.89,0.2,0.4,-0.04,0,0,0,Nécessite pratique,1,En formation,0,Coaching Standard,1,3,40,1,2025
SIM00206,REP020,Nesrine Jaziri,8,2025-10-29,10,October,44,Simulation Pharmacien,Avancé,3,5.5,5.83,5.84,-0.6,-0.4,-0.04,0,0,1,Nécessite pratique,1,En formation,0,Coaching Intensif,2,3,21,2,2025
SIM00207,REP020,Nesrine Jaziri,9,2025-11-02,11,November,44,Cas Complexe Multi-Objections,Avancé,3,5.5,5.7,5.8,0.0,-0.6,-0.04,0,0,1,Nécessite pratique,1,En formation,0,Coaching Intensif,2,2,40,2,2025
SIM00208,REP021,Bilel Ayari,1,2025-10-01,10,October,40,Simulation Pharmacien,Débutant,1,7.1,7.1,7.1,0.0,0.0,-0.07,1,0,0,En Progrès,2,En formation,0,Coaching Standard,1,1,40,0,2025
SIM00209,REP021,Bilel Ayari,2,2025-10-05,10,October,40,Simulation Pharmacien,Débutant,1,7.3,7.2,7.2,0.2,0.0,-0.07,1,0,0,En Progrès,2,En formation,0,Coaching Standard,1,2,27,0,2025
SIM00210,REP021,Bilel Ayari,3,2025-10-09,10,October,41,Simulation Pharmacien,Débutant,1,7.8,7.4,7.4,0.5,0.7,-0.07,1,0,0,En Progrès,2,En formation,0,Autonome,0,2,16,1,2025
SIM00211,REP021,Bilel Ayari,4,2025-10-28,10,October,44,Simulation Pharmacien,Intermédiaire,2,6.8,7.3,7.25,-1.0,-0.5,-0.07,0,0,0,En Progrès,2,En formation,0,Coaching Standard,1,1,24,2,2025
SIM00212,REP021,Bilel Ayari,5,2025-10-29,10,October,44,Simulation Pharmacien,Intermédiaire,2,7.0,7.2,7.2,0.2,-0.8,-0.07,1,0,0,En Progrès,2,En formation,0,Coaching Standard,1,4,18,2,2025
SIM00213,REP022,Dorra Kilani,1,2025-10-01,10,October,40,Simulation Pharmacien,Débutant,1,4.7,4.7,4.7,0.0,0.0,-0.0161,0,0,1,Nécessite pratique,1,En formation,0,Coaching Intensif,2,5,40,1,2025
SIM00214,REP022,Dorra Kilani,2,2025-10-04,10,October,40,Simulation Pharmacien,Débutant,1,4.8,4.75,4.75,0.1,0.0,-0.0161,0,0,1,Nécessite pratique,1,En formation,0,Coaching Intensif,2,1,23,2,2025
SIM00215,REP022,Dorra Kilani,3,2025-10-11,10,October,41,Simulation Pharmacien,Débutant,1,4.9,4.8,4.8,0.1,0.2,-0.0161,0,0,1,Nécessite pratique,1,En formation,0,Coaching Intensif,2,5,36,1,2025
SIM00216,REP022,Dorra Kilani,4,2025-10-10,10,October,41,Simulation Pharmacien,Intermédiaire,2,4.4,4.7,4.7,-0.5,-0.4,-0.0161,0,0,1,Nécessite pratique,1,En formation,0,Coaching Intensif,2,2,44,1,2025
SIM00217,REP022,Dorra Kilani,5,2025-11-02,11,November,44,Simulation Médecin,Intermédiaire,2,4.5,4.6,4.66,0.1,-0.4,-0.0161,0,0,1,Nécessite pratique,1,En formation,0,Coaching Intensif,2,3,18,0,2025
SIM00218,REP022,Dorra Kilani,6,2025-10-21,10,October,43,Simulation Médecin,Intermédiaire,2,4.6,4.5,4.65,0.1,0.2,-0.0161,0,1,1,Nécessite pratique,1,En formation,0,Coaching Intensif,2,4,15,2,2025
SIM00219,REP022,Dorra Kilani,7,2025-11-30,11,November,48,Simulation Pharmacien,Intermédiaire,2,4.8,4.63,4.67,0.2,0.3,-0.0161,0,0,1,Nécessite pratique,1,En formation,0,Coaching Intensif,2,1,22,1,2025
SIM00220,REP022,Dorra Kilani,8,2025-11-19,11,November,47,Simulation Pharmacien,Avancé,3,4.3,4.57,4.62,-0.5,-0.3,-0.0161,0,0,1,Nécessite pratique,1,En formation,0,Coaching Intensif,2,1,19,1,2025
SIM00221,REP022,Dorra Kilani,9,2025-12-20,12,December,51,Simulation Médecin,Avancé,3,4.3,4.47,4.59,0.0,-0.5,-0.0161,0,0,1,Nécessite pratique,1,En formation,0,Coaching Intensif,2,3,33,1,2025
SIM00222,REP022,Dorra Kilani,10,2025-12-12,12,December,50,Cas Complexe Multi-Objections,Avancé,3,4.5,4.37,4.58,0.2,0.2,-0.0161,0,0,1,Nécessite pratique,1,En formation,0,Coaching Intensif,2,1,19,1,2025
SIM00223,REP022,Dorra Kilani,11,2025-12-30,12,December,1,Simulation Médecin,Avancé,3,4.7,4.5,4.59,0.2,0.4,-0.0161,0,0,1,Nécessite pratique,1,En formation,0,Coaching Intensif,2,2,23,2,2025
SIM00224,REP022,Dorra Kilani,12,2025-12-06,12,December,49,Simulation Médecin,Avancé,3,4.7,4.63,4.6,0.0,0.2,-0.0161,0,0,1,Nécessite pratique,1,En formation,0,Coaching Intensif,2,2,31,0,2025
SIM00225,REP023,Tarek Mejri,1,2025-10-01,10,October,40,Simulation Pharmacien,Débutant,1,5.3,5.3,5.3,0.0,0.0,0.0236,0,0,1,Nécessite pratique,1,En formation,0,Coaching Intensif,2,1,15,2,2025
SIM00226,REP023,Tarek Mejri,2,2025-10-08,10,October,41,Simulation Pharmacien,Débutant,1,5.8,5.55,5.55,0.5,0.0,0.0236,0,0,1,Nécessite pratique,1,En formation,0,Coaching Intensif,2,4,40,1,2025
SIM00227,REP023,Tarek Mejri,3,2025-10-21,10,October,43,Simulation Pharmacien,Débutant,1,5.8,5.63,5.63,0.0,0.5,0.0236,0,0,1,Nécessite pratique,1,En formation,0,Coaching Intensif,2,4,30,1,2025
SIM00228,REP023,Tarek Mejri,4,2025-10-22,10,October,43,Simulation Pharmacien,Intermédiaire,2,5.2,5.6,5.52,-0.6,-0.6,0.0236,0,0,1,Nécessite pratique,1,En formation,0,Coaching Intensif,2,2,35,1,2025
SIM00229,REP023,Tarek Mejri,5,2025-11-06,11,November,45,Simulation Pharmacien,Intermédiaire,2,5.5,5.5,5.52,0.3,-0.3,0.0236,0,0,1,Nécessite pratique,1,En formation,0,Coaching Intensif,2,1,27,1,2025
SIM00230,REP023,Tarek Mejri,6,2025-11-10,11,November,46,Simulation Pharmacien,Intermédiaire,2,5.8,5.5,5.57,0.3,0.6,0.0236,0,0,1,Nécessite pratique,1,En formation,0,Coaching Intensif,2,2,15,3,2025
SIM00231,REP023,Tarek Mejri,7,2025-10-31,10,October,44,Simulation Pharmacien,Intermédiaire,2,6.1,5.8,5.64,0.3,0.6,0.0236,0,0,0,Nécessite pratique,1,En formation,0,Coaching Standard,1,3,16,1,2025
SIM00232,REP023,Tarek Mejri,8,2025-11-12,11,November,46,Simulation Médecin,Avancé,3,5.5,5.8,5.62,-0.6,-0.3,0.0236,0,0,1,Nécessite pratique,1,En formation,0,Coaching Intensif,2,3,26,2,2025
SIM00233,REP023,Tarek Mejri,9,2025-11-10,11,November,46,Simulation Médecin,Avancé,3,5.4,5.67,5.6,-0.1,-0.7,0.0236,0,0,1,Nécessite pratique,1,En formation,0,Coaching Intensif,2,3,22,1,2025
SIM00234,REP023,Tarek Mejri,10,2025-12-12,12,December,50,Simulation Médecin,Avancé,3,5.7,5.53,5.61,0.3,0.2,0.0236,0,0,1,Nécessite pratique,1,En formation,0,Coaching Intensif,2,1,39,0,2025
SIM00235,REP023,Tarek Mejri,11,2025-11-10,11,November,46,Cas Complexe Multi-Objections,Avancé,3,5.9,5.67,5.64,0.2,0.5,0.0236,0,0,1,Nécessite pratique,1,En formation,0,Coaching Intensif,2,2,40,2,2025
SIM00236,REP024,Olfa Haddad,1,2025-10-01,10,October,40,Simulation Pharmacien,Débutant,1,6.6,6.6,6.6,0.0,0.0,0.0314,0,0,0,En Progrès,2,En formation,0,Coaching Standard,1,2,38,1,2025
SIM00237,REP024,Olfa Haddad,2,2025-10-09,10,October,41,Simulation Pharmacien,Débutant,1,7.0,6.8,6.8,0.4,0.0,0.0314,1,0,0,En Progrès,2,En formation,0,Coaching Standard,1,2,25,2,2025
SIM00238,REP024,Olfa Haddad,3,2025-10-07,10,October,41,Simulation Pharmacien,Débutant,1,7.0,6.87,6.87,0.0,0.4,0.0314,1,0,0,En Progrès,2,En formation,0,Coaching Standard,1,1,26,0,2025
SIM00239,REP024,Olfa Haddad,4,2025-10-16,10,October,42,Simulation Pharmacien,Intermédiaire,2,6.7,6.9,6.82,-0.3,-0.3,0.0314,0,0,0,En Progrès,2,En formation,0,Coaching Standard,1,4,18,1,2025
SIM00240,REP024,Olfa Haddad,5,2025-11-10,11,November,46,Simulation Médecin,Intermédiaire,2,6.8,6.83,6.82,0.1,-0.2,0.0314,0,0,0,En Progrès,2,En formation,0,Coaching Standard,1,3,45,2,2025
SIM00241,REP024,Olfa Haddad,6,2025-11-10,11,November,46,Simulation Pharmacien,Intermédiaire,2,7.0,6.83,6.85,0.2,0.3,0.0314,1,0,0,En Progrès,2,En formation,0,Coaching Standard,1,2,34,0,2025
SIM00242,REP025,Sami Zaouali,1,2025-10-01,10,October,40,Simulation Pharmacien,Débutant,1,4.6,4.6,4.6,0.0,0.0,0.0121,0,0,1,Nécessite pratique,1,En formation,0,Coaching Intensif,2,5,32,1,2025
SIM00243,REP025,Sami Zaouali,2,2025-10-11,10,October,41,Simulation Pharmacien,Débutant,1,4.7,4.65,4.65,0.1,0.0,0.0121,0,0,1,Nécessite pratique,1,En formation,0,Coaching Intensif,2,2,35,0,2025
SIM00244,REP025,Sami Zaouali,3,2025-10-15,10,October,42,Simulation Pharmacien,Débutant,1,4.6,4.63,4.63,-0.1,0.0,0.0121,0,1,1,Nécessite pratique,1,En formation,0,Coaching Intensif,2,4,26,1,2025
SIM00245,REP025,Sami Zaouali,4,2025-10-10,10,October,41,Simulation Pharmacien,Intermédiaire,2,4.4,4.57,4.58,-0.2,-0.3,0.0121,0,0,1,Nécessite pratique,1,En formation,0,Coaching Intensif,2,3,40,0,2025
SIM00246,REP025,Sami Zaouali,5,2025-11-06,11,November,45,Simulation Pharmacien,Intermédiaire,2,4.5,4.5,4.56,0.1,-0.1,0.0121,0,1,1,Nécessite pratique,1,En formation,0,Coaching Intensif,2,1,27,2,2025
SIM00247,REP025,Sami Zaouali,6,2025-10-21,10,October,43,Simulation Pharmacien,Intermédiaire,2,4.6,4.5,4.57,0.1,0.2,0.0121,0,1,1,Nécessite pratique,1,En formation,0,Coaching Intensif,2,2,16,1,2025
SIM00248,REP025,Sami Zaouali,7,2025-11-12,11,November,46,Simulation Pharmacien,Intermédiaire,2,4.6,4.57,4.57,0.0,0.1,0.0121,0,1,1,Nécessite pratique,1,En formation,0,Coaching Intensif,2,2,32,1,2025
SIM00249,REP025,Sami Zaouali,8,2025-10-29,10,October,44,Simulation Pharmacien,Avancé,3,4.1,4.43,4.51,-0.5,-0.5,0.0121,0,0,1,Nécessite pratique,1,En formation,0,Coaching Intensif,2,3,39,1,2025
SIM00250,REP025,Sami Zaouali,9,2025-12-20,12,December,51,Simulation Médecin,Avancé,3,4.4,4.37,4.5,0.3,-0.2,0.0121,0,0,1,Nécessite pratique,1,En formation,0,Coaching Intensif,2,2,19,1,2025
SIM00251,REP025,Sami Zaouali,10,2025-10-28,10,October,44,Cas Complexe Multi-Objections,Avancé,3,4.4,4.3,4.49,0.0,0.3,0.0121,0,0,1,Nécessite pratique,1,En formation,0,Coaching Intensif,2,2,24,1,2025
SIM00252,REP025,Sami Zaouali,11,2025-12-10,12,December,50,Cas Complexe Multi-Objections,Avancé,3,4.6,4.47,4.5,0.2,0.2,0.0121,0,1,1,Nécessite pratique,1,En formation,0,Coaching Intensif,2,1,21,3,2025
SIM00253,REP025,Sami Zaouali,12,2025-11-14,11,November,46,Simulation Médecin,Avancé,3,4.8,4.6,4.52,0.2,0.4,0.0121,0,0,1,Nécessite pratique,1,En formation,0,Coaching Intensif,2,1,43,1,2025
SIM00254,REP025,Sami Zaouali,13,2025-12-12,12,December,50,Cas Complexe Multi-Objections,Avancé,3,4.7,4.7,4.54,-0.1,0.1,0.0121,0,1,1,Nécessite pratique,1,En formation,0,Coaching Intensif,2,1,36,1,2025
SIM00255,REP025,Sami Zaouali,14,2026-01-13,1,January,3,Cas Complexe Multi-Objections,Avancé,3,4.9,4.8,4.56,0.2,0.1,0.0121,0,0,1,Nécessite pratique,1,En formation,0,Coaching Intensif,2,1,27,0,2026
