name,forme,classe,categories_list,primary_category,category_count,indications,infos_produit,indication_count,is_complete,avatar_priority_score,url,image_url
Omevie Cardio - 900,Capsule,Complément alimentaire,"['Cholestérol', 'Immunité', 'Maladies cardiovasculaires']",Cholestérol,3,- Renforce l’immunité - Contribue au fonctionnement normal du système cardio-vasculaire - Réduit le taux des lipides et des LDL- cholestérol,Boite de 30 capsules,4,1,8.75,https://vital.com.tn/products/omevie-cardio-900/,https://vital.com.tn/wp-content/uploads/2019/06/cardio.png
Omevie Omega 3 - 1000,Capsule,Complément alimentaire,"['Développement cérébral', 'Concentration', 'Immunité']",Développement cérébral,3,- Contribue au bon développement cérébral - Maintenir une bonne vision - Prévient et réduit l’inflammation secondaire à une infection virale - Concentration,Boite de 30 capsules,4,1,8.75,https://vital.com.tn/products/omevie-omega-3-1000/,https://vital.com.tn/wp-content/uploads/2019/06/omega-3-1000.png
Plantex vitamine C,Sachet,Complément alimentaire,"['Immunité', 'Energie', 'Fatigue']",Immunité,3,- Contribue à renforcer les défenses immunitaires - Améliore le métabolisme énergétique - Aide à résister au stresse et à la fatigue - Protège des virus ambiants,Boite de 12 sachets,4,1,8.75,https://vital.com.tn/products/plantex-vitamine-c/,https://vital.com.tn/wp-content/uploads/2022/07/Plantex-Vitamine-C.png
SWEET bronzage,Gummies,Complément alimentaire,"['Peau', 'Anti-âge', 'Protection solaire']",Peau,3,- Prolonge le teint bronzé des zones exposées pour une durée plus longue - Renforce les défenses contre l’agressions des rayons UV - Diminution des lésions induites par la photosensibilité - Puissants pigments naturels permettant de limiter les effets néfastes du soleil sur la peau - Effet bonne mine et peau saine - Diminue le risque de vieillissement secondaire à l’exposition - Anti-oxydant & anti-âge,Boite de 30 gummies,7,1,8.75,https://vital.com.tn/products/sweet-bronzage-2/,https://vital.com.tn/wp-content/uploads/2022/07/SWEET-bronzage.png
Omevie Omega 3 - 500,Capsule,Complément alimentaire,"['Concentration', 'Développement cérébral', 'Immunité']",Concentration,3,- Contribue au bon développement cérébral - Maintenir une bonne vision - Prévient et réduit l’inflammation secondaire à une infection virale - Concentration,Boite de 30 capsules,4,1,8.75,https://vital.com.tn/products/omevie-omega-3-500/,https://vital.com.tn/wp-content/uploads/2020/09/Omega-3-500.png
Mincicare 4 actions,Solution,Complément alimentaire,"['Détox', 'Drainage']",Détox,2,- Draineur - Brûleur de graisses - Détoxifiant - Coupe Faim,Non spécifié,4,1,8.5,https://vital.com.tn/products/mincicare-4-actions/,https://vital.com.tn/wp-content/uploads/2020/09/Mincicare.png
SWEET health fer,Gummies,Complément alimentaire,"['Carence en Fer', 'Anémie']",Carence en Fer,2,- Prévenir les carences en fer - Faible risque de constipation - Traitement de l’anémie chez l’adulte et la femme enceinte - Meilleur absorption du fer grâce à la vitamine C,Boite de 30 gummies,4,1,8.5,https://vital.com.tn/products/sweet-health-fer/,https://vital.com.tn/wp-content/uploads/2022/07/SWEEThealth-fer.png
LV Vitamine A,Créme,Complément alimentaire,"['Acné', 'Peau']",Acné,2,- Engelure - Réduit l’apparition des rides - Traite l’acné chez les adolescents et les adultes - Régule la pigmentation - Prévient les dommages cellulaires - Soutient la santé de la peau - Stimule la production de collagène,Non spécifié,7,1,8.5,https://vital.com.tn/products/vitamine-a-2/,https://vital.com.tn/wp-content/uploads/2020/09/Vitamine-A.png
LV Fersang Sirop,Sirop,Complément alimentaire,"['Anémie', 'Carence en Fer']",Anémie,2,"- Prévention de la carence martiale - Traitement de l’anémie chez l’adulte, l’enfant et la femme enceinte - Restitution des réserves en fer - Fortifie le sang - Faible risque de constipation",Flacon de 150 ml,5,1,8.5,https://vital.com.tn/products/lv-fersang-sirop/,https://vital.com.tn/wp-content/uploads/2017/08/Fersang-sirop.png
Pulmax Anti-Tussif,Sirop,Complément alimentaire,"['Toux', 'Immunité']",Toux,2,- Apaise la toux - Dégage les voies respiratoires - SANS SUCRE - Adapté aux diabétiques,Sirop sans sucre 150 ml,4,1,8.5,https://vital.com.tn/products/pulmax-anti-tussif/,https://vital.com.tn/wp-content/uploads/2022/08/Pulmax.png
LV Vitamine D3,Gélule,Complément alimentaire,"['Immunité', 'Carence en Vit D']",Immunité,2,- Immunostimulant - Réduit le risque d’infections respiratoires graves - Améliore l’absorption du calcium - Aide à maintenir des os solides et sains - Nécessaire pour le bon fonctionnement des muscles,Boite de 30 gélules,5,1,8.5,https://vital.com.tn/products/vitamine-d3-5/,https://vital.com.tn/wp-content/uploads/2020/09/Vitamine-D3-1.png
LV Fersang Bisglycinate de Fer,Gélule,Complément alimentaire,['Anémie'],Anémie,1,"- Prévention de la carence martiale - Traitement de l’anémie chez l’adulte, l’enfant et la femme enceinte - Restitution des réserves en fer - Réduit le risque de constipation - Fortifie le sang",Boite de 60 gélules,5,1,8.25,https://vital.com.tn/products/fersang-bisglycinate-de-fer/,https://vital.com.tn/wp-content/uploads/2018/08/Fersang-Bis.png
LV Hemostop 60 Gélules,Gélule,Complément alimentaire,['Hémorroïdes'],Hémorroïdes,1,- Hémorroïdes - Soulage la douleur de la crise hémorroïdaire - Réduit l’inflammation due à l’hémorroïde - Réduit la fréquence des crises hémorroïdaires,Non spécifié,4,1,8.25,https://vital.com.tn/products/hermostop/,https://vital.com.tn/wp-content/uploads/2020/09/Hermostop-Gelules.png
LV Sesa,Pommade,Complément alimentaire,['Cicatrices'],Cicatrices,1,"- Favorise la cicatrisation et la réparation dermique - Brûlures de premier degré & second degré superficielles et profondes - Plaies chroniques (escarres de lit, pied de diabétique), - ulcères des jambes, plaies chirurgicales y compris obstétriques",Non spécifié,4,1,8.25,https://vital.com.tn/products/sesa-2/,https://vital.com.tn/wp-content/uploads/2020/09/Sesa.png
Pédiakids Spray Nasal,Liquide,Complément alimentaire,['Rhume'],Rhume,1,- Nettoie et humidifie la muqueuse nasale - Désobstruction nasale - Solution isotonique - Evacue les agents infectieux et allergènes,Flacon de 20 ml,4,1,8.25,https://vital.com.tn/products/spray-nasal/,https://vital.com.tn/wp-content/uploads/2018/08/Spray-nasal.png
Vitonic Zinc Vit.D3,Gélule,Complément alimentaire,['Immunité'],Immunité,1,- Aide à renforcer le système immunitaire - Participe à la régulation de l’immunité - Le maintien et le développement des cellules dans le système immunitaire - Bon fonctionnement du système immunitaire et système redox,Boite de 30 gélules,4,1,8.25,https://vital.com.tn/products/vitonic-zinc-vit-d3/,https://vital.com.tn/wp-content/uploads/2021/12/Vitonic-Zin.png
Vaseline Salicylée 2%,Crème,Crème,['Peau'],Peau,1,- Croûtes - Callosités - Fissures - Squames,"Peau douce, lisse et visiblement saine",4,1,8.25,https://vital.com.tn/products/vaseline-salicylee-2/,https://vital.com.tn/wp-content/uploads/2022/07/VASELINE-salicylee.png
Hydra,Crème,Crème,['Peau'],Peau,1,- Hydratation en profondeur de la peau - Nutrition de la peau - Adoucissement de la peau - Assouplissement de la peau - Régénération et cicatrisation cutanée,Crème visage et corps pour une peau douce et hydratée 24H/24,5,1,8.25,https://vital.com.tn/products/hydra/,https://vital.com.tn/wp-content/uploads/2020/09/Hydra-boite.png
LV Tetra B,Gélule,Complément alimentaire,['Equilibre métabolique'],Equilibre métabolique,1,- Production d’énergie - Équilibre du système nerveux - Prévention cardiovasculaire - Renouvellement cellulaire,Non spécifié,4,1,8.25,https://vital.com.tn/products/tetra-b-4/,https://vital.com.tn/wp-content/uploads/2020/09/Tetra-B-site.png
OLIGOVIT Trio,Gélule,Complément alimentaire,['Immunité'],Immunité,1,- Contribue au fonctionnement normal du système immunitaire - Contribue à un métabolisme énergétique normal et à réduire la fatigue - Réduit le risque de l’infection et de la pneumonie - Réduit l’inflammation - Diminue le risque de la SDRA,15 Gélules,5,1,8.25,https://vital.com.tn/products/oligovit-trio-3/,https://vital.com.tn/wp-content/uploads/2024/07/oligovit-Trio-b15-1.jpg
Vitonic Trio Grossesse,Gélule,Complément alimentaire,['Immunité'],Immunité,1,- Contribue au fonctionnement normal du système immunitaire - Aide à protéger et à renforcer la barrière intestinale - Contribue à un métabolisme énergétique normal et à réduire la fatigue - Aide à protéger les cellules contre le stress oxydatif,Boite de 30 gélules,4,1,8.25,https://vital.com.tn/products/vitonic-trio-grossesse/,https://vital.com.tn/wp-content/uploads/2021/12/Vitonic-Trio.png
Pédiakids Apigrip Sans Sucre,Sirop,Complément alimentaire,"['Grippe', 'Rhume', 'Soulage']",Grippe,3,"- Anti-grippal - Réduit les signes inflammatoires du rhume - Traitement curatif et préventif, pour soulager le nez et la gorge",150 ML,3,1,7.25,https://vital.com.tn/products/pediakids-apigrip-sans-sucre-2/,https://vital.com.tn/wp-content/uploads/2025/02/Pediakids-APIGRIP-sans-sucre.png
Spiruline,Gélule,Complément alimentaire,"['Revitalisant', 'Fatigue', 'Immunité']",Revitalisant,3,- immunostimulant - Fortifiant et nutritif - Fortifiant phanère,Boite de 60 gélules,3,1,7.25,https://vital.com.tn/products/spiruline-4/,https://vital.com.tn/wp-content/uploads/2017/08/Spiruline-1.png
Pédiakids APITOU N°1 Sans Sucre,Sirop,Complément alimentaire,"['Soulage', 'Toux', 'Toux grasse']",Soulage,3,- Dégage les voies respiratoires - Expectorant - Toux grasse,150 ML,3,1,7.25,https://vital.com.tn/products/pediakids-apitou-n1-sans-sucre/,https://vital.com.tn/wp-content/uploads/2025/02/Pediakids-APITOU-1-sans-sucre.png
Minciligne Draineur,Gélule,Complément alimentaire,"['Coupe faim', 'Détox', 'Drainage']",Coupe faim,3,- Détoxification du foie - Favorise l’élimination rénale - Stimule la combustion des graisses,Boite de 30 Gélules,3,1,7.25,https://vital.com.tn/products/minciligne-draineur-2/,https://vital.com.tn/wp-content/uploads/2018/08/minciligne-draineur.png
LV Fersang junior,Sirop,Complément alimentaire,"['Anémie', 'Carence en Fer']",Anémie,2,- Traitement de l’anémie chez l’enfant à partir de 2 ans - Restitution des réserves en fer - Fortifie le sang sans risque de constipation,Flacon de 150 ml,3,1,7.0,https://vital.com.tn/products/lv-fersang-junior/,https://vital.com.tn/wp-content/uploads/2022/08/Fersang-junior.png
Mincicare,Gélule,Complément alimentaire,"['Drainage', 'Détox']",Drainage,2,- Draineur : facilite la perte du poids et stimule l’élimination urinaire des déchets et toxines - Brûleur de graisses : (Omega 3 - CLA) ayant des propriétés amincissantes aide à débarrasser l’organisme des graisses stockées,Non spécifié,3,1,7.0,https://vital.com.tn/products/mincicare-3/,https://vital.com.tn/wp-content/uploads/2020/09/Mincicare-1.png
Omevie Articulation - 900,Capsule,Complément alimentaire,"['Confort articulaire', 'Douleurs articulaires']",Confort articulaire,2,- Confort articulaire - Articulation souple et confortable - Soulage les douleurs arthrosiques,Boite de 30 capsules,3,1,7.0,https://vital.com.tn/products/omevie-articulation-900/,https://vital.com.tn/wp-content/uploads/2019/06/articulation.png
Minciligne Vitaminé,Solution,Complément alimentaire,"['Brûle graisses', 'Coupe faim']",Brûle graisses,2,- Coupe faim - Obésité - Adjuvant de régime.,20 Sachets de 10 ml,3,1,7.0,https://vital.com.tn/products/minciligne-vitamine-2-2/,https://vital.com.tn/wp-content/uploads/2018/08/minciligne-vitamine.png
SWEET slim coupe faim,Gummies,Complément alimentaire,"['Coupe faim', 'Elimination des graisses']",Coupe faim,2,- Procure une sensation de satiété - Limite les grignotage - Réduit l’absorption des graisses et de sucre,Boite de 30 gummies,3,1,7.0,https://vital.com.tn/products/sweet-slim-coupe-faim/,https://vital.com.tn/wp-content/uploads/2022/07/SWEETslim-coupe-faim.png
Rhinoplant,Spray,Complément alimentaire,"['Grippe', 'Rhume']",Grippe,2,"- Nettoie et humidifie la muqueuse nasale - Désobstruction nasale - Solution isotonique, permet d’évacuer les agents infectieux et allergènes",Flacon de 20 ml,3,1,7.0,https://vital.com.tn/products/rhinoplant-3/,https://vital.com.tn/wp-content/uploads/2019/06/Rhinoplant-1.png
Minciligne Brûle Graisse,Gélule,Complément alimentaire,"['Brûle graisses', 'Détox']",Brûle graisses,2,- Perte de poids - Stimule la thermogenèse - Élimine et déstocke les graisses,Boite de 20 Gélules,3,1,7.0,https://vital.com.tn/products/minciligne-brule-graisse-2/,https://vital.com.tn/wp-content/uploads/2018/08/minici-ligne-brule-graisse.png
TC 2000 Savon,Savon,Savon Dermatologique,"['Anti-tâches', 'Exfoliant']",Anti-tâches,2,"- Effet éclaircissant, anti tâches brunes - Élimine les cellules mortes de l’épiderme tout en nettoyant la peau - Unifie le teint grâce à l’argile",Savon 90 gr,3,1,7.0,https://vital.com.tn/products/tc-2000-savon/,https://vital.com.tn/wp-content/uploads/2017/08/tc2000-savon.jpg
Phytofane huile d’argan,Huile,Huile,['Cheveux'],Cheveux,1,- Réduit le processus de chute des cheveux - Soin profond pour hydrater et réparer les cheveux secs et cassants - Redonne éclat et brillance aux cheveux,Contient 120 ml,3,1,6.75,https://vital.com.tn/products/phytofane-huile-dargan/,https://vital.com.tn/wp-content/uploads/2022/07/PHYTOPHANE-huile-dargan.png
Pédiakids Immunovit,Sirop,Complément alimentaire,['Immunité'],Immunité,1,- Traitement préventif en période pré-hivernale - Stimulation des défenses naturelles - Efficace pour faire face aux bronchites à répétition,Flacon de 150 ml,3,1,6.75,https://vital.com.tn/products/immunovit/,https://vital.com.tn/wp-content/uploads/2018/08/Immunovit-1.png
"Echinacée, Zinc, Vit.C",Gélule,Complément alimentaire,['Immunité'],Immunité,1,- Aide à protéger l’organisme des infections - Stimule la protection d’anticorps - Aide à réduire la durée du rhume,Boite de 30 gélules,3,1,6.75,https://vital.com.tn/products/echizinc-2/,https://vital.com.tn/wp-content/uploads/2020/10/Echinace.png
Vitonic Fer Grossesse,Gélule,Complément alimentaire,['Grossesse'],Grossesse,1,- Palier les carences en fer - Apport en vitamines et oligo-éléments - Réduit les nausées matinales au cours de la grossesse,Boite de 30 gélules,3,1,6.75,https://vital.com.tn/products/vitonic-fer-grossesse/,https://vital.com.tn/wp-content/uploads/2018/08/VITONIC-fer-grossesse.png
TC 2000 Nutractiva,Gélule,Complément alimentaire,['Anti-tâches'],Anti-tâches,1,- Contribue au renouvellement cellulaire - Antiradicalaire - Antioxydant,Boite de 60 gélules,3,1,6.75,https://vital.com.tn/products/tc-2000-nutractiva/,https://vital.com.tn/wp-content/uploads/2017/08/NUTRACTIVA.jpg
MULTIBON SOMMEIL,Gummies,Complément alimentaire,['Troubles de sommeil'],Troubles de sommeil,1,- Favorise l’endormissement - Améliore la qualité du sommeil - Evite les réveils nocturnes,Boite de 30 gummies,3,1,6.75,https://vital.com.tn/products/multibon-sommeil-2/,https://vital.com.tn/wp-content/uploads/2022/07/MULTIBON-sommeil.png
Mincivit Detox,Flacon (250 Ml),Complément alimentaire,['Détox'],Détox,1,- Favorise le drainage des toxines - Stimule les fonctions dépuratives rénales - Adjuvant du régime amincissant,Non spécifié,3,1,6.75,https://vital.com.tn/products/mincivit-detox/,https://vital.com.tn/wp-content/uploads/2020/09/Detox.png
UNIDERM Anti-tache,Crème,Crème Pour La Peau,['Anti-tâches'],Anti-tâches,1,- Favorise la disparition des taches et les imperfections cutanées - Effet éclaircissant de la peau - Hydrate la peau en profondeur et renouvelle les cellules,Tube de 45 g,3,1,6.75,https://vital.com.tn/products/uniderm-anti-tache/,https://vital.com.tn/wp-content/uploads/2022/10/UNIDERM-creme-anti-tache.png
Grossivit Gélule,Gélule,Autre,"['Appétit', 'Prise de poids']",Appétit,2,- Favorise la prise de poids - Assure un précieux apport en éléments nutritifs* - Améliore la digestion - Stimule l’appétit,Boite de 60 gélules,4,0,6.5,https://vital.com.tn/products/grossivit-gelule/,https://vital.com.tn/wp-content/uploads/2019/05/gROSSIVIT.png
Hydra eau micellaire,Forme non spécifiée,Autre,['Peau'],Peau,1,- Nettoyante - Démaquillante - Purifiante - Aide à éliminer les impuretés - Se débarrasse de l’excès de sébum en douceur - Laisse la peau nette et fraîche,Peau sèche,6,0,6.25,https://vital.com.tn/products/hydra-eau-micellaire-3/,https://vital.com.tn/wp-content/uploads/2022/07/HYDRA-eau-micellaire-peau-seche.png
Dermagyn 200 ml,Forme non spécifiée,Autre,['Hygiène Intime'],Hygiène Intime,1,- Protège et apaise l’irritation - Hygiène intime au quotidien - Procure fraicheur et confort tout au long de la journée - PH adapté à la flore vaginale,Non spécifié,4,0,6.25,https://vital.com.tn/products/dermagyn-200-ml/,https://vital.com.tn/wp-content/uploads/2021/08/geeel.png
Hydra eau micellaire,Forme non spécifiée,Autre,['Peau'],Peau,1,- Nettoyante - Démaquillante - Purifiante - Aide à éliminer les impuretés - Se débarrasse de l’excès de sébum en douceur - Laisse la peau nette et fraîche,Peau normale,6,0,6.25,https://vital.com.tn/products/hydra-eau-micellaire/,https://vital.com.tn/wp-content/uploads/2022/07/HYDRA-eau-micellaire-peau-normale.png
Hydra eau micellaire,Forme non spécifiée,Autre,['Peau'],Peau,1,- Nettoyante - Démaquillante - Purifiante - Aide à éliminer les impuretés - Se débarrasse de l’excès de sébum en douceur - Laisse la peau nette et fraîche,Peau grasse,6,0,6.25,https://vital.com.tn/products/hydra-eau-micellaire-2/,https://vital.com.tn/wp-content/uploads/2022/07/HYDRA-eau-micellaire-peau-grasse.png
LV Hemostop Crème 45 gr,Crème,Autre,['Hémorroïdes'],Hémorroïdes,1,- Hémorroïdes - Soulage la douleur de la crise hémorroïdaire - Réduit l’inflammation due à l’hémorroïde - Réduit la fréquence des crises hémorroïdaires,Non spécifié,4,0,6.25,https://vital.com.tn/products/lv-hemostop-creme/,https://vital.com.tn/wp-content/uploads/2020/09/hemostop.png
Pédiakids APITOU N°2 Sans Sucre,Sirop,Complément alimentaire,"['Soulage', 'Toux', 'Toux sèche']",Soulage,3,- Soulager la toux sèche chez les enfants - Calmer les voies respiratoires,150 ML,2,1,5.75,https://vital.com.tn/products/pediakids-apitou-n2-sans-sucre/,https://vital.com.tn/wp-content/uploads/2025/02/Pediakids-APITOU-2-sans-sucre.png
MULTIBON OMEGA 3,Gummies,Complément alimentaire,"['Concentration', 'Développement cérébral']",Concentration,2,- Participe à la croissance et le bon développement des enfants - Soutient les fonctions cognitives et renforce la concentration et la mémorisation,Boite de 30 gummies,2,1,5.5,https://vital.com.tn/products/multibon-omega-3/,https://vital.com.tn/wp-content/uploads/2022/07/MULTIBON-omega3.png
LV PhytoVeine Huile,Huile,Huile Pour Massage,"['Jambes lourdes', 'Varices']",Jambes lourdes,2,- Soulage les douleurs des jambes lourdes - Stimule la circulation sanguine,Flacon de 60 ml,2,1,5.5,https://vital.com.tn/products/lv-phytoveine-huile/,https://vital.com.tn/wp-content/uploads/2017/08/Phytoveine-1.png
Oligovit magnésium,Gélule,Complément alimentaire,"['Anti-stress', 'Fatigue']",Anti-stress,2,- Réduire la fatigue - Soutenir le fonctionnement normal des muscles et du système nerveux,Boite de 30 gélules,2,1,5.5,https://vital.com.tn/products/oligovit-magnesium-2/,https://vital.com.tn/wp-content/uploads/2022/07/Oligovit-Magnesium.png
Angiplant Sirops,Sirop,Complément alimentaire,"['Grippe', 'Immunité']",Grippe,2,"- Triple action: Antiseptique, anti-inflammatoire et cicatrisante de la gorge - Apaise, adoucit et assainit la gorge",Flacon de 150 ml,2,1,5.5,https://vital.com.tn/products/angiplant/,https://vital.com.tn/wp-content/uploads/2019/06/Agiplant.png
Minciligne Jeune & Ado,Solution,Complément alimentaire,"['Brûle graisses', 'Drainage']",Brûle graisses,2,- Draineur - Adjuvant de régime amincissant,275ml,2,1,5.5,https://vital.com.tn/products/minciligne-jeune-ado-2/,https://vital.com.tn/wp-content/uploads/2021/12/Minciligne-jeune-ado.png
Angiplant Spray,Spray,Complément alimentaire,"['Grippe', 'Immunité']",Grippe,2,"- Triple action: Antiseptique, anti-inflammatoire et cicatrisante de la gorge - Apaise, adoucit et assainit la gorge",Spray 20 ml,2,1,5.5,https://vital.com.tn/products/angiplant-spray-2/,https://vital.com.tn/wp-content/uploads/2019/06/angi.png
Huile de Menthe,Liquide,Complément alimentaire,"['Ballonnement et gaz', 'Digestion']",Ballonnement et gaz,2,- Difficulté de digestion - Diminuer les flatulences,Flacon de 65 ml,2,1,5.5,https://vital.com.tn/products/huile-de-menthe-2/,https://vital.com.tn/wp-content/uploads/2018/08/HUILE-DE-MENTHE-.jpg
LV PhytoVeine Gel,Gel,Gel Pour Massage,"['Varices', 'Jambes lourdes']",Varices,2,- Soulage les douleurs des jambes lourdes - Stimule la circulation sanguine,Tube de 90 gr,2,1,5.5,https://vital.com.tn/products/lv-phytoveine-gel/,https://vital.com.tn/wp-content/uploads/2021/06/phytpveine-gel.png
MULTIBON VITAMINE C Acérola,Guumies,Complément alimentaire,"['Immunité', 'Energie']",Immunité,2,- Renforce les défenses naturelles - Apporte l’énergie et la vitalité nécessaire pour un bon état neurologique,Boite de 30 gummies,2,1,5.5,https://vital.com.tn/products/multibon-vitamine-c-acerola/,https://vital.com.tn/wp-content/uploads/2022/07/MULTIBON-vitamineC-acerola.png
MULTIBON IMMUNITÉ,Gummies,Complément alimentaire,['Immunité'],Immunité,1,- Contribue au renforcement du système immunitaire - Améliore les défenses naturelles contre les maladies virales et infectieuses,Boite de 30 gummies,2,1,5.25,https://vital.com.tn/products/multibon-immunite-2/,https://vital.com.tn/wp-content/uploads/2022/07/MULTIBON-immunite.png
Pédiakids Gripe water,Sirop,Complément alimentaire,['Ballonnement et gaz'],Ballonnement et gaz,1,- Soulage rapidement les flatulences - Faciliter la digestion,Flacon de 150 ml,2,1,5.25,https://vital.com.tn/products/pediakids-gripe-water/,https://vital.com.tn/wp-content/uploads/2020/09/Gripe-water.png
LV Psolcalm,Pommade,Complément alimentaire,['psoriasis'],psoriasis,1,- Diminue les démangeaisons liées au psoriasis - Soulage et apaise les irritations dûes au psoriasis,Non spécifié,2,1,5.25,https://vital.com.tn/products/psolcalm/,https://vital.com.tn/wp-content/uploads/2020/09/Psocalm.png
LV Spasvit Gélule,Gélule,Complément alimentaire,['Spasmes intestinaux'],Spasmes intestinaux,1,- Soulage les spasmes gastro-intestinaux et les coliques hépatiques - Équilibre la flore intestinale,Boite de 15 gélules,2,1,5.25,https://vital.com.tn/products/spasvit-gelule/,https://vital.com.tn/wp-content/uploads/2020/09/Spasvit-1.png
Pédiakids Apigorge,Sirop,Complément alimentaire,['Maux de gorge'],Maux de gorge,1,"- Triple action: Antiseptique, anti-inflammatoire et cicatrisante de la gorge - Traitement d’appoint de l’inflammation aigue de la gorge",Flacon de 150 ml,2,1,5.25,https://vital.com.tn/products/pediakids-apigorge/,https://vital.com.tn/wp-content/uploads/2020/09/Apigorge.png
MULTIBON CALCIUM-VIT.D3,Gummies,Complément alimentaire,['Ossature'],Ossature,1,- Permet un apport quotidien en calcium - Améliore le développement et la croissance des os et dents,Boite de 30 gummies,2,1,5.25,https://vital.com.tn/products/multibon-calcium-vit-d3-2/,https://vital.com.tn/wp-content/uploads/2022/07/MULTIBON-calcium-Vit.D3.png
LV Spasvit Sirop,Sirop,Complément alimentaire,['Spasmes intestinaux'],Spasmes intestinaux,1,- Soulage les spasmes gastro-intestinaux et les coliques hépatiques - Équilibre la flore intestinale,Non spécifié,2,1,5.25,https://vital.com.tn/products/lv-spasvit-sirop/,https://vital.com.tn/wp-content/uploads/2021/06/Spasvit-sirop.png
Pédiakids Spray Gorge,Liquide,Complément alimentaire,['Maux de gorge'],Maux de gorge,1,"- Triple action: Antiseptique, Anti-inflammatoire et cicatrisante de la gorge - Apaise adoucit et assainit la gorge",Flacon 20 ml,2,1,5.25,https://vital.com.tn/products/spray-gorge/,https://vital.com.tn/wp-content/uploads/2018/08/Spray-gorge.png
Vaseline glycérinée,Crème,Crème,['Peau'],Peau,1,- Hydratant profond - Lubrifiant,"Peau douce, lisse et visiblement saine",2,1,5.25,https://vital.com.tn/products/vaseline-glycerinee-2/,https://vital.com.tn/wp-content/uploads/2022/07/VASELINE-glycerinee-.png
MULTIBON APIGORGE,Gummies,Complément alimentaire,['Maux de gorge'],Maux de gorge,1,- Réduit l’inflammation et la douleur au niveau de la gorge - Change l’haleine,Boite de 30 gummies,2,1,5.25,https://vital.com.tn/products/multibon-apigorge/,https://vital.com.tn/wp-content/uploads/2022/07/MULTIBON-apigorge.png
Vaseline,Crème,Crème,['Peau'],Peau,1,- Hydratant - Lubrifiant,"Peau douce, lisse et visiblement saine",2,1,5.25,https://vital.com.tn/products/vaseline-2/,https://vital.com.tn/wp-content/uploads/2022/07/VASELINE.png
HYDRASCREEN after sun,Forme non spécifiée,Autre,"['Peau', 'Protection solaire']",Peau,2,- Atténue les effets dus aux agressions lors de l’exposition au soleil - Calme les irritations des peaux sensibles et réactives grâce à ses propriétés apaisantes - Anti-inflammatoires et antimicrobiennes,Non spécifié,3,0,5.0,https://vital.com.tn/products/hydrascreen-after-sun-2/,https://vital.com.tn/wp-content/uploads/2022/07/Hydrascreen-after-sun.png
Ventre Plat,Gélule,Autre,"['Ballonnement et gaz', 'Digestion']",Ballonnement et gaz,2,- Régule le transit - Absorbe les toxines et les Gaz - Aide à retrouver un ventre dégonflé,Boite de 30 gélules,3,0,5.0,https://vital.com.tn/products/ventreplat/,https://vital.com.tn/wp-content/uploads/2018/08/ventre-plat.png
Pédiakids lait dermo-nettoyant,Lait,Autre,['Peau'],Peau,1,- Nettoyant - Adoucissant - Nourrissant,Flacon de 200 ml,3,0,4.75,https://vital.com.tn/products/pediakids-lait-dermo-nettoyant/,https://vital.com.tn/wp-content/uploads/2020/09/Dermo-nettoyant.png
Pédiakids Gel Lavant Doux,Gel,Autre,['Peau'],Peau,1,- Nettoyant - Hydratant - Nourrissant,Flacon de 200 ml,3,0,4.75,https://vital.com.tn/products/gel-lavant-doux/,https://vital.com.tn/wp-content/uploads/2019/05/Gel-lavant.png
HYDRAFINE,Forme non spécifiée,Autre,['Peau'],Peau,1,- Permet d’atténuer les brûlures superficielles du premier degré - Favorise la cicatrisation rapide avec une bonne hydratation de la peau - Apaise les piqûres et les rougeurs,Non spécifié,3,0,4.75,https://vital.com.tn/products/hydrafine/,https://vital.com.tn/wp-content/uploads/2021/08/1.png
HYDRA GEL Nettoyant visage Peau Sèche,Gel,Nettoyant Visage,"['Hydrate', 'nettoie', 'Peau', 'Purifie']",Hydrate,4,• Nettoie • Purifie • Hydrate,230 ML,1,1,4.5,https://vital.com.tn/products/hydra-gel-nettoyant-visage-peau-seche-2/,https://vital.com.tn/wp-content/uploads/2023/10/HYDRA-GEL-Nettoyant-visage-Peau-Seche.jpg
HYDRA GEL Nettoyant visage Peau Grasse,Gel,Nettoyant Visage,"['Matifie', 'nettoie', 'Peau', 'Purifie']",Matifie,4,• Nettoie • Purifie • Matifie,230 ML,1,1,4.5,https://vital.com.tn/products/hydra-gel-nettoyant-visage-peau-grasse-2/,https://vital.com.tn/wp-content/uploads/2023/10/HYDRA-GEL-Nettoyant-visage-Peau-Grasse.jpg
HYDRA GEL Nettoyant visage Peau Normale,Gel,Nettoyant Visage,"['nettoie', 'Peau', 'Purifie', 'Revitalisant']",nettoie,4,• Nettoie • Purifie • Revitalise,230 ML,1,1,4.5,https://vital.com.tn/products/hydra-gel-nettoyant-visage-peau-normale-2/,https://vital.com.tn/wp-content/uploads/2023/10/HYDRA-GEL-Nettoyant-visage-Peau-Normale.jpg
FONGIDERM Antifongique Cheveux & corps,Gel,Soin,"['Antifongique', 'Cheveux', 'nettoie', 'Peau']",Antifongique,4,• Nettoie efficacement tout en prenant soin de votre peau et de vos cheveux • Lutte contre les atteintes fongiques. • Préserve l’intégrité du cuir chevelu et des cheveux,200ML,1,1,4.5,https://vital.com.tn/products/fongiderm-antifongique-cheveux-corps/,https://vital.com.tn/wp-content/uploads/2024/07/Fongiderm-Antifongique.jpg
HYDRAscreen Lait solaire,Lait,Lait Solaire,"['Apaise', 'Hydratation', 'Hydrate', 'Protection solaire']",Apaise,4,• Protège • Apaise • Hydrate,90 ML,1,1,4.5,https://vital.com.tn/products/hydrascreen-lait-solaire-2/,https://vital.com.tn/wp-content/uploads/2023/10/HYDRAscreen-Lait-solaire.jpg
PHYTOFANE Fortifiant Phanères,Gélule,Complément alimentaire,"['Cheveux', 'Fortifiant', 'Ongles']",Cheveux,3,• Fortifie les cheveux & les ongles • Favorise la vitalité & la brillance,60 Gélules,1,1,4.25,https://vital.com.tn/products/phytofane-fortifiant-phaneres-2/,https://vital.com.tn/wp-content/uploads/2024/12/PHYTOFANE-FORTIFIANT-phaneres.png
VASELINE Urée 10%,Crème,Soin,"['Hydratation', 'Peau', 'Réparatrice']",Hydratation,3,• Hydratante • Réparatrice,35gr,1,1,4.25,https://vital.com.tn/products/vaseline-uree-10/,https://vital.com.tn/wp-content/uploads/2024/07/vaseline-uree-10.jpg
Vitosine Eosine Aqueuse 2%,Spray,Nettoyer Et Assécher La Peau,"['Eosine', 'Peau', 'Solution cutanée asséchante']",Eosine,3,"Nettoie et assèche les lésions de la peau susceptibles de se surinfecter, notamment nouveau-né (cordon ombilical et érythème fessier).",30ML,1,1,4.25,https://vital.com.tn/products/vitosine-eosine-aqueuse-2/,https://vital.com.tn/wp-content/uploads/2023/11/Vitosine.jpg
HYDRAscreen Huile solaire,Huile,Huile Solaire,"['Hydratation', 'Hydrate', 'Protection solaire']",Hydratation,3,• Protection • Hydratation • Effet scintillant,120 ML,1,1,4.25,https://vital.com.tn/products/hydrascreen-huile-solaire-2/,https://vital.com.tn/wp-content/uploads/2023/10/HYDRAscreen-Huile-solaire-.jpg
HYDRAfine Après épilation,Crème,Crème Après Épilation,"['Cicatrices', 'Hydrate', 'Peau']",Cicatrices,3,• Protège les peaux sensibilisées • Pro-cicatrisantes et hydratantes,90 Gr,1,1,4.25,https://vital.com.tn/products/hydrafine-apres-epilation-2/,https://vital.com.tn/wp-content/uploads/2023/10/HYDRAfine-Apres-epilation.jpg
LV Arthroforce Gel,Gel,Complément alimentaire,"['Arthrite', 'Arthrose', 'Douleurs articulaires']",Arthrite,3,"Douleurs articulaires, arthrose, Arthrite, Tendinite","Tube de 90g, Tube de 45g",1,1,4.25,https://vital.com.tn/products/lv-arthroforce-gel/,https://vital.com.tn/wp-content/uploads/2017/08/arthrofoce-tube.png
LV Arthroforce Gélule,Gélule,Complément alimentaire,"['Arthrite', 'Arthrose', 'Douleurs articulaires']",Arthrite,3,Interaction avec anticoagulants pour la forme gélule,"Boite de 60 gélules, Tube de 90g, Tube de 45g",1,1,4.25,https://vital.com.tn/products/arthroforce-2/,https://vital.com.tn/wp-content/uploads/2017/08/LV-Arthroforce-gelules.png
HYDRA GEL - CRÈME Nettoyant visage,Crème,Nettoyant Visage,"['Hydrate', 'nettoie', 'Peau']",Hydrate,3,• Nettoie • Hydrate • Apaise,250 ML,1,1,4.25,https://vital.com.tn/products/hydra-gel-creme-nettoyant-visage-2/,https://vital.com.tn/wp-content/uploads/2023/10/HYDRA-GEL-CREME-Nettoyant-visage-1-1.jpg
LV Arthroforce huile,Huile,Complément alimentaire,"['Arthrite', 'Arthrose', 'Douleurs articulaires']",Arthrite,3,"Douleurs articulaires, arthrose, Arthrite, Tendinite",flacon de 60ml,1,1,4.25,https://vital.com.tn/products/lv-arthroforce-huile/,https://vital.com.tn/wp-content/uploads/2017/08/Arthroforce-huile.png
Vitosine Eosine Alcoolisée 2%,Spray,Soin,"['Anti septique', 'Eosine', 'Peau']",Anti septique,3,• Traitement d’appoint pour les affections de la peau. • Antiseptique et asséchant de la peau,30ml,1,1,4.25,https://vital.com.tn/products/vitosine-eosine-alcoolisee-2/,https://vital.com.tn/wp-content/uploads/2024/12/VITOSINE-EOSINE.png
HYDRAscreen Huile solaire Pailletée,Huile,Huile Solaire,"['Hydratation', 'Hydrate', 'Protection solaire']",Hydratation,3,• Protection • Hydratation • Effet scintillant,120 ML,1,1,4.25,https://vital.com.tn/products/hydrascreen-huile-solaire-pailletee-2/,https://vital.com.tn/wp-content/uploads/2023/10/HYDRAscreen-Huile-solaire-Pailletee.jpg
Minciligne Postnatale,Solution,Complément alimentaire,"['Brûle graisses', 'Cellulite', 'Drainage']",Brûle graisses,3,Drainage Obésité Adjuvant de régime,Flacon de 275 ml,1,1,4.25,https://vital.com.tn/products/minciligne-postnatale/,https://vital.com.tn/wp-content/uploads/2018/08/minciligne-postnatale.png
Dermacne,Savon,Savon,"['Acné', 'Antiseptique']",Acné,2,Soin des peaux acnéiques,Savon de 90 gr,1,1,4.0,https://vital.com.tn/products/dermacne-3/,https://vital.com.tn/wp-content/uploads/2019/06/Dermacne-1.png
Aide minceur,Gélule,Complément alimentaire,"['Coupe faim', 'Digestion']",Coupe faim,2,Glucomannane,Boite de 30 gélules,1,1,4.0,https://vital.com.tn/products/aide-minceur-6/,https://vital.com.tn/wp-content/uploads/2017/08/Aide-minceur-2.png
LV GINKO Extra,Gouttes,Complément alimentaire,"['Concentration', 'Mémoire']",Concentration,2,• Améliore la mémoire et la concentration chez les adultes • Traite la claudication intermittente • Traite les acouphènes,70 ML,1,1,4.0,https://vital.com.tn/products/lv-ginko-extra-2/,https://vital.com.tn/wp-content/uploads/2023/10/LV-GINKO-Extra-70ml.jpg
Planthérapie Planthiol Sans sucre,Sirop,Complément alimentaire,"['Confort respiratoire', 'Toux grasse']",Confort respiratoire,2,• Dégage les voies respiratoires • Toux grasse,150 ML,1,1,4.0,https://vital.com.tn/products/plantherapie-planthiol-sans-sucre-2/,https://vital.com.tn/wp-content/uploads/2023/10/Plantherapie-Planthiol-Sans-sucre-1.jpg
PHYTOFANE Shampooing Antipelliculaire,Shampooing,Soin Capillaire,"['Antipelliculaire', 'Cheveux']",Antipelliculaire,2,Élimine efficacement et durablement les pellicules,200ML,1,1,4.0,https://vital.com.tn/products/phytofane-shampooing-antipelliculaire-2/,https://vital.com.tn/wp-content/uploads/2024/07/Phytofane-Shampooing-Antipelliculaire.jpg
VITAL HEALTHCARE SKINCARE Anti-âge intensif,Gélule,Complément alimentaire,"['Anti-âge', 'Beauté & éclat de la peau']",Anti-âge,2,• Beauté & éclat de la peau,Non spécifié,1,1,4.0,https://vital.com.tn/products/vital-healthcare-skincare-anti-age-intensif-2/,https://vital.com.tn/wp-content/uploads/2023/10/VITAL-HEALTHCARE-SKINCARE-Anti-age-intensif.jpg
PHYTOFANE Lotion Antipelliculaire,Lotion,Lotion Antipelliculaire,"['Antipelliculaire', 'Cheveux']",Antipelliculaire,2,• Elimine efficacement et durablement les pellicules,200 ML,1,1,4.0,https://vital.com.tn/products/phytofane-lotion-antipelliculaire-2/,https://vital.com.tn/wp-content/uploads/2023/10/PHYTOFANE-Lotion-Antipelliculaire.jpg
Planthérapie Allergiplant,Sachet,Complément alimentaire,"['Allergie', 'Immunité']",Allergie,2,• Équilibre la réponse du système immunitaire de l’organisme,20 Sachets,1,1,4.0,https://vital.com.tn/products/plantherapie-allergiplant-2/,https://vital.com.tn/wp-content/uploads/2023/10/Plantherapie-Allergiplant.jpg
Planthérapie Plantexil Sans sucre,Sirop,Complément alimentaire,"['Confort respiratoire', 'Toux sèche']",Confort respiratoire,2,• Calme les voies respiratoires • Toux sèche,150 ML,1,1,4.0,https://vital.com.tn/products/plantherapie-plantexil-sans-sucre-2/,https://vital.com.tn/wp-content/uploads/2023/10/Plantherapie-Plantexil-Sans-sucre-1.jpg
Pédiakids vitamine D3,Gouttes,Complément alimentaire,"['Immunité', 'Carence en Vit D']",Immunité,2,"Allergie connue à la vitamine D3, hypercalcémie, hyper-calciurie, lithiase calcique",Flacon de 35 ml,1,1,4.0,https://vital.com.tn/products/pediakids-vitamine-d3/,https://vital.com.tn/wp-content/uploads/2020/09/Vitamine-D3.png
Plantyl capsule,Capsule,Complément alimentaire,"['Grippe', 'Immunité']",Grippe,2,- Renforce l’immunité et améliore le confort des voies respiratoires supérieures,Boite de 15 capsules,1,1,4.0,https://vital.com.tn/products/plantyl-3/,https://vital.com.tn/wp-content/uploads/2019/06/Plantyl-1.png
VASELINE Urée 20%,Crème,Soin,"['Hydratation', 'Kératolytique']",Hydratation,2,• Hydratante • Kératolytique,35gr,1,1,4.0,https://vital.com.tn/products/vaseline-uree-20-3/,https://vital.com.tn/wp-content/uploads/2024/07/vaseline-uree-20-1.jpg
"LV Sélénium A, C, E Anti-âge",Gélule,Complément alimentaire,"['Anti-âge', 'Peau']",Anti-âge,2,• Prévenir le vieillissement cutané • Améliorer l’’éclat et la souplesse de la peau • Réduire les signes visibles de l’’âge par des effets anti-inflammatoires et antioxydants,30 Gélules,1,1,4.0,https://vital.com.tn/products/lv-selenium-a-c-e-anti-age/,https://vital.com.tn/wp-content/uploads/2024/12/VITAL-selenium-A-C-E-anti-age.png
LV PHYTOVEINE,Sachet,Complément alimentaire,"['Jambes lourdes', 'Varices']",Jambes lourdes,2,• Améliore le retour veineux • Stimule la circulation veineuse • Soulage la sensation de jambes lourdes,12 Sachets,1,1,4.0,https://vital.com.tn/products/lv-phytoveine-2/,https://vital.com.tn/wp-content/uploads/2023/10/LV-PHYTOVEINE.jpg
Phytodraine,Solution,Complément alimentaire,"['Cellulite', 'Drainage']",Cellulite,2,"Hyperthyroïdie, hypertension",Flacon de 250ml,1,1,4.0,https://vital.com.tn/products/phytodraine-4/,https://vital.com.tn/wp-content/uploads/2017/08/phytodraine-1.png
LV CYSPROTECT,Sachet,Complément alimentaire,"['Cystites', 'Infection urinaire']",Cystites,2,• Protège les voies urinaires sensibles • Cystites récidivantes • Complément d’une antibiothérapie fondée dans les infections urinaires basses,12 Sachets,1,1,4.0,https://vital.com.tn/products/lv-cysprotect-2/,https://vital.com.tn/wp-content/uploads/2023/10/LV-CYSPROTECT.jpg
Minciligne Homme,Solution,Complément alimentaire,"['Brûle graisses', 'Coupe faim']",Brûle graisses,2,Coupe faim Obésité Adjuvant de régime,20 Sachets de 10 ml,1,1,4.0,https://vital.com.tn/products/minciligne-homme/,https://vital.com.tn/wp-content/uploads/2018/08/minciligne-homme.png
Plantalgic,Gélule,Complément alimentaire,"['Anxiété', 'Migraine']",Anxiété,2,Femme enceinte et allaitante,Boite de 15 gélules,1,1,4.0,https://vital.com.tn/products/plantalgic/,https://vital.com.tn/wp-content/uploads/2017/08/Plantalgic.png
PHYTOFANE Lotion anti chute,Lotion,Lotion Antichute,"['Anti chute', 'Cheveux']",Anti chute,2,• Ralentit la chute des cheveux • Stimule la croissance,200 ML,1,1,4.0,https://vital.com.tn/products/phytofane-lotion-anti-chute-2/,https://vital.com.tn/wp-content/uploads/2023/10/PHYTOFANE-Lotion-anti-chute.jpg
Millepertuis,Gélule,Complément alimentaire,"['Anxiété', 'état d’humeur']",Anxiété,2,"Femme enceinte, allaitante et enfant avant l'âge de 12 ans.",Boite de 30 gélules,1,1,4.0,https://vital.com.tn/products/millepertuis-4/,https://vital.com.tn/wp-content/uploads/2017/08/mILLEPERTUIS-1.png
LV Phytocalm,Gélule,Complément alimentaire,"['Anxiété', 'Dépression']",Anxiété,2,Femme enceinte et allaitante. Troubles de la thyroïde.,Boite de 30 gélules/ Flacon de 60 ml,1,1,4.0,https://vital.com.tn/products/phytocalm-2/,https://vital.com.tn/wp-content/uploads/2017/08/phytocalm-gelules.png
Alcool de menthe,Liquide,Produit de soin,"['Troubles de la digestion', 'Ballonnement et gaz']",Troubles de la digestion,2,Garder hors de la portée des enfants,Flacon de 37 ml,1,1,4.0,https://vital.com.tn/products/alcool-de-menthe-2-2/,https://vital.com.tn/wp-content/uploads/2018/08/AM.jpg
LV PSOCALM,Pommade,Réparation De La Peau,"['Apaise', 'Peau']",Apaise,2,• Diminue les démangeaisons liées au psoriasis • Soulage et apaise les irritations dues au psoriasis,90 Gr,1,1,4.0,https://vital.com.tn/products/lv-psocalm/,https://vital.com.tn/wp-content/uploads/2023/10/Psocalme.jpg
Levure de Riz Rouge,Gélule,Complément alimentaire,"['Brûle graisses', 'Cholestérol']",Brûle graisses,2,"Femmes enceintes et allaitantes, Maladies hépatiques ou rénales, Taux anormalement élevés de transaminases, Personnes Alcooliques.",Boite de 60 gélules,1,1,4.0,https://vital.com.tn/products/levure-de-riz-rouge/,https://vital.com.tn/wp-content/uploads/2018/08/LEVURE-DE-RIZ-ROUGE.png
PHYTOFANE Shampooing Anti Chute,Shampooing,Soin,"['Anti chute', 'Cheveux']",Anti chute,2,• Ralentit la chute des cheveux • Stimule la repousse des cheveux,200 ML,1,1,4.0,https://vital.com.tn/products/phytofane-shampooing-anti-chute/,https://vital.com.tn/wp-content/uploads/2024/12/PHYTOFANE-SHAMPOING-ANTI-CHUTE.png
LV GINKO Extra,Gélule,Complément alimentaire,"['Concentration', 'Mémoire']",Concentration,2,• Améliore la mémoire et la concentration chez les adultes • Traite la claudication intermittente • Traite les acouphènes,60 Gélules,1,1,4.0,https://vital.com.tn/products/lv-ginko-extra/,https://vital.com.tn/wp-content/uploads/2023/10/LV-GINKO-Extra-60ml.jpg
Oligovit vitamine C,Gélule,Complément alimentaire,['Immunité'],Immunité,1,Fatigue Asthénie Courbatures Baisse d’immunité,Boite de 30 gélules,1,1,3.75,https://vital.com.tn/products/oligovitvitaminec/,https://vital.com.tn/wp-content/uploads/2020/10/Oligovit.png
Omevie Grossesse - 1000,Capsule,Complément alimentaire,['Grossesse'],Grossesse,1,Favorise le développement et la croissance du Fœtus Assure le bon fonctionnement du système immunitaire Assure le bon fonctionnement cognitif et l’apprentissage au début de la vie,Boite de 30 capsules,1,1,3.75,https://vital.com.tn/products/omevie-grossesse-1000/,https://vital.com.tn/wp-content/uploads/2019/06/grosesse.png
Uniderm peau grasse,Savon,Savon,['Peau'],Peau,1,"Savon unifiant et astringent, spécifique pour la peau grasse à tendance acnéique",Non spécifié,1,1,3.75,https://vital.com.tn/products/uniderme-peau-grasse-2/,https://vital.com.tn/wp-content/uploads/2020/09/Uniderme-peau-grasse.png
VITONIC Grossesse,Gélule,Complément alimentaire,['Grossesse'],Grossesse,1,• Supplémentation complète pour la femme enceinte selon les recommandations de l’OMS,15 Gélules,1,1,3.75,https://vital.com.tn/products/vitonic-grossesse-4/,https://vital.com.tn/wp-content/uploads/2023/10/VITONIC-grossesse-15.png
VITONIC Grossesse,Gélule,Complément alimentaire,['Grossesse'],Grossesse,1,Supplémentation complète pour la femme enceinte selon les recommandations de l’OMS,90 Gélules,1,1,3.75,https://vital.com.tn/products/vitonic-grossesse-6/,https://vital.com.tn/wp-content/uploads/2024/07/VITONIC-GROSSESS-90-GELULES.jpg
LV Migrainal,Gélule,Complément alimentaire,['Migraine'],Migraine,1,Ginkgo biloba : à proscrire en Co-médication avec des anticoagulants,Boite de 30 gélules,1,1,3.75,https://vital.com.tn/products/migrainal-3/,https://vital.com.tn/wp-content/uploads/2020/09/Migrainal.png
Minciligne Aux 9 plantes phytoactives,Solution,Complément alimentaire,['Drainage'],Drainage,1,#NAME?,Flacon de 275ml,1,1,3.75,https://vital.com.tn/products/minciligne-aux-9-plantes-phytoactives/,https://vital.com.tn/wp-content/uploads/2018/08/miniciligne-9-plantes.png
Uniderme peau sensible,Savon,Savon,['Peau'],Peau,1,"Savon unifiant et apaisant, spécifique pour la peau sensible",Non spécifié,1,1,3.75,https://vital.com.tn/products/uniderme-peau-sensible-2/,https://vital.com.tn/wp-content/uploads/2020/09/Uniderme-peau-sensible.png
Pectine de pomme,Gélule,Complément alimentaire,['Coupe faim'],Coupe faim,1,Pectine de pomme,Boite de 30 gélules,1,1,3.75,https://vital.com.tn/products/pectine-de-pomme-4/,https://vital.com.tn/wp-content/uploads/2017/08/Phytothera-PECTINE-DE-POMME.png
Uniderme peau mixte,Savon,Savon,['Peau'],Peau,1,"Savon unifiant tonique et nourrissant, spécifique pour la peau mixte",Non spécifié,1,1,3.75,https://vital.com.tn/products/uniderme-peau-mixte/,https://vital.com.tn/wp-content/uploads/2020/09/Uniderm-peau-mixte.png
Omevie Emotion - 900,Capsule,Complément alimentaire,['état d’humeur'],état d’humeur,1,Garder une humeur équilibrée Aide à maintenir un équilibre émotionnel,Boite de 30 capsules,1,1,3.75,https://vital.com.tn/products/omevie-emotion-900/,https://vital.com.tn/wp-content/uploads/2019/06/emotion.png
Mincivit origin,Flacon (250 Ml),Complément alimentaire,['Détox'],Détox,1,Detoxifier : purification de l’organisme Drainer : Evacuation des toxines toxiques hors de l’organisme.,Stimule l'oxydation des graisses et la détoxification du foie.,1,1,3.75,https://vital.com.tn/products/mincivit-origin/,https://vital.com.tn/wp-content/uploads/2020/09/Origin-draineur-express.png
Uniderme peau sèche,Savon,Savon,['Peau'],Peau,1,"Savon nourrissant et hydratant, spécifique pour la peau sèche",Non spécifié,1,1,3.75,https://vital.com.tn/products/uniderme-peau-seche/,https://vital.com.tn/wp-content/uploads/2020/09/Uniderm-peau-seche.png
Vitonic Fer,Gélule,Complément alimentaire,['Fatigue intellectuelle'],Fatigue intellectuelle,1,Femmes enceintes et allaitantes Traitement anticoagulant,Boite de 30 gélules,1,1,3.75,https://vital.com.tn/products/vitonic-fer-2/,https://vital.com.tn/wp-content/uploads/2017/08/VITONIC-fer.png
Uniderme atténue les taches,Savon,Savon,['Peau'],Peau,1,Anti-tâches Eclaircissant,Non spécifié,1,1,3.75,https://vital.com.tn/products/uniderme-attenue-les-taches/,https://vital.com.tn/wp-content/uploads/2020/09/Uniderme-Taches.png
VITAL HEALTHCARE FERTICARE FEMME,Sachet,Complément alimentaire,['Fertilité féminine'],Fertilité féminine,1,• Favorise la régulation de l’activité hormonale • Contribue à une fertilité et à une reproduction normale • Optimise naturellement les chances de gestation ­,30 Sachets,1,1,3.75,https://vital.com.tn/products/vital-healthcare-ferticare-femme-2/,https://vital.com.tn/wp-content/uploads/2023/10/VITAL-HEALTHCARE-FERTICARE-FEMME-.jpg
LV Mélatonuit,Gélule,Complément alimentaire,['Troubles de sommeil'],Troubles de sommeil,1,Femme enceinte ou allaitante,Boite de 30 gélules,1,1,3.75,https://vital.com.tn/products/melatonuit/,https://vital.com.tn/wp-content/uploads/2017/08/Melatonuit.png
Pédiakids Savon extra doux,Savon,Savon,['Peau'],Peau,1,- Nettoie et hydrate la peau de bébé,Savon de 100 g,1,1,3.75,https://vital.com.tn/products/savon-extra-doux-3/,https://vital.com.tn/wp-content/uploads/2018/08/Savon-extra-doux.png
CALMO dent,Baume Dentaire,Complément alimentaire,['Douleur dentaire'],Douleur dentaire,1,- Soulage le mal des dents,Tube de 4gr,1,1,3.75,https://vital.com.tn/products/calmo-dent/,https://vital.com.tn/wp-content/uploads/2018/08/calmo-dent.png
Phytofane sérum lissant,Sérum,Sérum,['Cheveux'],Cheveux,1,"- Redonne une vitalité aux cheveux cassants et secs en améliorant leur brillance, leur souplesse et leur hydratation",Contient 120 ml,1,1,3.75,https://vital.com.tn/products/phytofane-serum-lissant/,https://vital.com.tn/wp-content/uploads/2022/07/PHYTOPHANE-serum-lissant.png
MINCILGNE Coupe faim,Gélule,Complément alimentaire,['Coupe faim'],Coupe faim,1,Sensation de satiété Piège pour sucres et graisses Digestion facile,Boite de 30 Gélules,1,1,3.75,https://vital.com.tn/products/mincilgne-coupe-faim/,https://vital.com.tn/wp-content/uploads/2018/08/minci-ligne-coupe-fin.png
Pédiakids Apinez,Sirop,Autre,"['Rhume', 'Nez bouché']",Rhume,2,- Dégage les voies respiratoires - Soulage les symptômes du rhume et la sensation de nez bouché,Non spécifié,2,0,3.5,https://vital.com.tn/products/apinez-2/,https://vital.com.tn/wp-content/uploads/2020/09/Apinez.png
PLANTHÉRAPIE PLANTEX RHUME,Sachet,Autre,['Immunité'],Immunité,1,- Aide à soutenir les défenses naturelles pendant les périodes hivernales - Contribue à réduire la fatigue,Non spécifié,2,0,3.25,https://vital.com.tn/products/plantherapie-plantex-rhume-2/,https://vital.com.tn/wp-content/uploads/2023/10/PLANTHERAPIE-PLANTEX-RHUME.jpg
Pédiakids Shampoing,Liquide,Autre,['Cheveux'],Cheveux,1,- Nettoyant - Adoucissant,Flacon de 200 ml,2,0,3.25,https://vital.com.tn/products/shampoing-3/,https://vital.com.tn/wp-content/uploads/2019/05/Shampoing.png
Allergiplant,Forme non spécifiée,Autre,"['Allergie', 'Immunité']",Allergie,2,Equilibre la réponse du système immunitaire de l’organisme,Non spécifié,1,0,2.0,https://vital.com.tn/products/allergiplant/,https://vital.com.tn/wp-content/uploads/2021/08/Echizinc-–-1.png
Plantyl Sirop,Sirop,Autre,"['Grippe', 'Immunité']",Grippe,2,- Renforce l’immunité et améliore le confort des voies respiratoires supérieures,Sirop 150 ml,1,0,2.0,https://vital.com.tn/products/plantyl-sirop/,https://vital.com.tn/wp-content/uploads/2019/06/Plantyl-Syrop.png
TC 2000 Gel,Gel,Autre,"['Anti-tâches', 'Exfoliant']",Anti-tâches,2,"Inhibe la synthèse de la mélanine, Exfoliant, Antiradicalaire",Gel de 30 ml,1,0,2.0,https://vital.com.tn/products/tc-2000-gel/,https://vital.com.tn/wp-content/uploads/2017/08/tc2000-gel.jpg
Mincivit Lait anti vergetures,Lait,Autre,['Vergetures'],Vergetures,1,Aide à tonifier l’épiderme Aide à prévenir la formation des vergetures,Non spécifié,1,0,1.75,https://vital.com.tn/products/mincivit-lait-anti-vergetures/,https://vital.com.tn/wp-content/uploads/2021/08/mincicivit-vergetures.png
multi vitamines,Forme non spécifiée,Autre,['Immunité'],Immunité,1,Une croissance équilibrée Optimiser les apports en vitamines et minéraux chez les jeunes enfants,Non spécifié,1,0,1.75,https://vital.com.tn/products/multi-vitamines-2/,https://vital.com.tn/wp-content/uploads/2021/08/multivitamines-1.png
Pédiakids Multi Vitamines Banane,Forme non spécifiée,Autre,['Immunité'],Immunité,1,Une croissance équilibrée Optimiser les apports en vitamines et minéraux chez les jeunes enfants,Non spécifié,1,0,1.75,https://vital.com.tn/products/multi-vitamines-3/,https://vital.com.tn/wp-content/uploads/2021/08/multivitamines-2.png
Pédiakids Multi Vitamines Pomme,Forme non spécifiée,Autre,['Immunité'],Immunité,1,Une croissance équilibrée Optimiser les apports en vitamines et minéraux chez les jeunes enfants,Non spécifié,1,0,1.75,https://vital.com.tn/products/multi-vitamines/,https://vital.com.tn/wp-content/uploads/2021/08/multivitamines.png
Dermacné ( gel nettoyant ),Forme non spécifiée,Autre,['Peau'],Peau,1,Assainir et purifier la peau en profondeur Elimine les imperfections cutanées des peaux grasses à tendance acnéique,Non spécifié,1,0,1.75,https://vital.com.tn/products/dermacne-gel-nettoyant/,https://vital.com.tn/wp-content/uploads/2021/09/3.png
Dermacné ( crème ),Forme non spécifiée,Autre,['Peau'],Peau,1,Purifier et hydrater la peau en profondeur Réduire les imperfections cutanées Soigner la peau acnéique,Non spécifié,1,0,1.75,https://vital.com.tn/products/dermacne-creme/,https://vital.com.tn/wp-content/uploads/2021/09/2.png
Pédiakids Multi Vitamines Framboise,Forme non spécifiée,Autre,['Immunité'],Immunité,1,Une croissance équilibrée Optimiser les apports en vitamines et minéraux chez les jeunes enfants,Non spécifié,1,0,1.75,https://vital.com.tn/products/multi-vitamines-4/,https://vital.com.tn/wp-content/uploads/2021/08/multivitamines-1-1.png
Dermacné (gélule),Forme non spécifiée,Autre,['Peau'],Peau,1,Assainir et purifier la peau en profondeur Elimine les imperfections cutanées dues à l’acné,Non spécifié,1,0,1.75,https://vital.com.tn/products/dermacne-gelule/,https://vital.com.tn/wp-content/uploads/2021/09/Sans-titre-1.png
LV SESA Gel 45gr,Gel,Autre,['Cicatrices'],Cicatrices,1,#NAME?,Non spécifié,1,0,1.75,https://vital.com.tn/products/lv-sesa-gel-45gr/,https://vital.com.tn/wp-content/uploads/2023/10/Sesa-Gel-45gr-1.jpg
Pédiakids Huile de massage sommeil,Forme non spécifiée,Autre,['soin bébé'],soin bébé,1,Nourrit et hydrate la peau du bébé et nourrisson sans la graisser Apaise le bébé et calme ses agitations,Non spécifié,1,0,1.75,https://vital.com.tn/products/huile-de-massage-sommeil/,https://vital.com.tn/wp-content/uploads/2021/08/huile.png
HYDRAVERA,Forme non spécifiée,Autre,['Peau'],Peau,1,Stimule le renouvellement cellulaire Facilite le processus de réparation de la peau Réduit les imperfections cutanées et laisse la peau douce et éclatantE,Non spécifié,1,0,1.75,https://vital.com.tn/products/hydravera/,https://vital.com.tn/wp-content/uploads/2021/08/2.png
Grossivit vitaminé Gélule,Gélule,Complément alimentaire,"['Prise de poids', 'Appétit', 'Revitalisant']",Prise de poids,3,Information non disponible,Boite de 45 gélules,0,0,0.75,https://vital.com.tn/products/grossivit-plus-vitamine-2/,https://vital.com.tn/wp-content/uploads/2017/08/grossivit-plus.png
Levure de bière,Gélule,Complément alimentaire,"['Cheveux', 'Angle', 'Peau']",Cheveux,3,Information non disponible,Boite de 60 gélules / 180 gélules,0,0,0.75,https://vital.com.tn/products/levure-de-biere/,https://vital.com.tn/wp-content/uploads/2017/08/levure-de-biere.png
Phytofibres,Gélule,Complément alimentaire,"['Ballonnement et gaz', 'Constipation', 'Digestion']",Ballonnement et gaz,3,Information non disponible,Boite de 60 gélules,0,0,0.75,https://vital.com.tn/products/phytofibres-2/,https://vital.com.tn/wp-content/uploads/2019/05/phytofibre.png
Pédiakids Apigrip,Sirop,Complément alimentaire,"['Grippe', 'Rhume', 'Soulage']",Grippe,3,Information non disponible,Flacon de 150 ml,0,0,0.75,https://vital.com.tn/products/pediakids-apigrip-3/,https://vital.com.tn/wp-content/uploads/2017/08/Apigrip.png
Grossivit vitaminé Sirop bébé et enfant,Sirop,Autre,"['Appétit', 'Prise de poids', 'Revitalisant']",Appétit,3,Information non disponible,Flacon de 150 ml,0,0,0.75,https://vital.com.tn/products/grossivit-vitamine-sirop-bebe-et-enfant/,https://vital.com.tn/wp-content/uploads/2017/08/grossivit-plus-sirop.png
Pédiakids Pommade change INTENSIVE,Crème,Crème Pour La Peau,"['Erythèmes', 'soin bébé']",Erythèmes,2,Information non disponible,Tube de 40 gr,0,0,0.5,https://vital.com.tn/products/pediakids-pommade-change-intensive/,https://vital.com.tn/wp-content/uploads/2022/08/Pommade-change-intensive.png
Coenzyme Q10,Gélule,Complément alimentaire,"['Brûle graisses', 'Cholestérol']",Brûle graisses,2,Information non disponible,Boite de 30 gélules,0,0,0.5,https://vital.com.tn/products/coenzyme-q10/,https://vital.com.tn/wp-content/uploads/2019/05/Q10-1.png
Vitonic sénior,Gélule,Complément alimentaire,"['Concentration', 'Mémoire']",Concentration,2,Information non disponible,Boite contenant de 30 gélules / un flacon en PET de 60 ml+ une pipette.,0,0,0.5,https://vital.com.tn/products/vitonic-senior-3/,https://vital.com.tn/wp-content/uploads/2017/08/VITONIC-senior-1.png
Vinaigre de cidre,Liquide,Complément alimentaire,"['Cholestérol', 'Brûle graisses']",Cholestérol,2,Information non disponible,Flacon de 250ml,0,0,0.5,https://vital.com.tn/products/vinaigre-de-cidre-4/,https://vital.com.tn/wp-content/uploads/2017/08/vinaigre-de-cidre-1.png
Pédiakids Anti-ballonnement,Sirop,Complément alimentaire,"['Ballonnement et gaz', 'Troubles de la digestion']",Ballonnement et gaz,2,Information non disponible,Flacon de 150 ml,0,0,0.5,https://vital.com.tn/products/pediakids-anti-ballonnement/,https://vital.com.tn/wp-content/uploads/2017/08/Anti-ballonement.png
Pédiakids Crème pour le change 90gr,Crème,Crème Pour La Peau,"['Erythèmes', 'soin bébé']",Erythèmes,2,Information non disponible,Tube de 90 gr,0,0,0.5,https://vital.com.tn/products/pediakids-creme-pour-le-change-90gr/,https://vital.com.tn/wp-content/uploads/2022/09/pediakidscremepourlechange-90gr.png
Pédiakids Oméga 3,Sirop,Complément alimentaire,"['Concentration', 'Développement cérébral']",Concentration,2,Information non disponible,Flacon de 90 ml,0,0,0.5,https://vital.com.tn/products/pediakids-omega-3/,https://vital.com.tn/wp-content/uploads/2017/08/Pediakids-omega-3.png
Planthiol Sirop,Gélule,Complément alimentaire,"['Immunité', 'Toux grasse']",Immunité,2,Information non disponible,Flacon de 150 ml,0,0,0.5,https://vital.com.tn/products/planthiol/,https://vital.com.tn/wp-content/uploads/2017/08/Planthiol-Sirop.png
LV Crème Dalibour,Crème,Crème Pour Usage Externe,"['Cicatrices', 'Peau']",Cicatrices,2,Information non disponible,Tube de 40 gr,0,0,0.5,https://vital.com.tn/products/creme-dalibour/,https://vital.com.tn/wp-content/uploads/2017/08/Dalibour-creme-packaging.png
Amincissant Actif,Gélule,Complément alimentaire,"['Elimination des graisses', 'Ventre plat']",Elimination des graisses,2,Information non disponible,Boite de 30 gélules,0,0,0.5,https://vital.com.tn/products/amincissant-actif/,https://vital.com.tn/wp-content/uploads/2017/05/Amincissant-Actif.png
Magnésium,Gélule,Complément alimentaire,"['Fatigue', 'Stress']",Fatigue,2,Information non disponible,Boite de 60 gélules,0,0,0.5,https://vital.com.tn/products/magnesium/,https://vital.com.tn/wp-content/uploads/2019/05/Magnesium-2.png
LV Cysprotect,Gélule,Complément alimentaire,"['Cystites', 'Infection urinaire']",Cystites,2,Information non disponible,Boite de 30 gélules,0,0,0.5,https://vital.com.tn/products/cysprorect/,https://vital.com.tn/wp-content/uploads/2017/08/Cysprotect.png
LV Fersang Gélule,Gélule,Complément alimentaire,"['Anémie', 'Carence en Fer']",Anémie,2,Information non disponible,Boite de 60 gélules,0,0,0.5,https://vital.com.tn/products/fersang-2/,https://vital.com.tn/wp-content/uploads/2017/08/Fersang-gelules.png
Pédiakids Crème pour le change,Crème,Crème Pour La Peau,"['soin bébé', 'Erythèmes']",soin bébé,2,Information non disponible,Tube de 40 gr,0,0,0.5,https://vital.com.tn/products/pediakids-creme/,https://vital.com.tn/wp-content/uploads/2017/08/creme-pour-le-change.png
Vitonic Examens,Gélule,Complément alimentaire,"['Concentration', 'Fatigue intellectuelle']",Concentration,2,Information non disponible,Boite de 45 gélules,0,0,0.5,https://vital.com.tn/products/vitonic-examens-2/,https://vital.com.tn/wp-content/uploads/2017/08/VITONIC-examens.png
Pollen d’abeilles,Gélule,Complément alimentaire,"['Cheveux', 'Peau']",Cheveux,2,Information non disponible,Boite de 60 gélules,0,0,0.5,https://vital.com.tn/products/pollen-dabeilles/,https://vital.com.tn/wp-content/uploads/2017/08/Pollen.png
Grossivit Sirop bébé et enfant,Sirop,Complément alimentaire,"['Appétit', 'Prise de poids']",Appétit,2,Information non disponible,Flacon de 250 ml,0,0,0.5,https://vital.com.tn/products/grossivit-bebe-enfant/,https://vital.com.tn/wp-content/uploads/2019/05/Grossivit-bebe-et-enfant.png
Plantex,Gélule,Autre,"['Grippe', 'Rhume']",Grippe,2,Information non disponible,Une boîte de 30 Gélules : Formule Jour et formule Nuit,0,0,0.5,https://vital.com.tn/products/plantex-3/,https://vital.com.tn/wp-content/uploads/2017/08/Plantex.png
Planthiol Gélule,Gélule,Complément alimentaire,"['Immunité', 'Toux grasse']",Immunité,2,Information non disponible,Boite de 15 gélules,0,0,0.5,https://vital.com.tn/products/planthiol-gelule/,https://vital.com.tn/wp-content/uploads/2017/08/Planthiol.png
Stimul plus,Gélule,Complément alimentaire,"['Fatigue sexuelle', 'Baisse de la libido']",Fatigue sexuelle,2,Information non disponible,Boite de 30 gélules,0,0,0.5,https://vital.com.tn/products/stimul-plus-2/,https://vital.com.tn/wp-content/uploads/2017/08/stimulplus-1.png
Ventre Ultra Plat,Gélule,Complément alimentaire,"['Coupe faim', 'Ventre plat']",Coupe faim,2,Information non disponible,Boite de 30 gélules,0,0,0.5,https://vital.com.tn/products/ventre-ultra-plat/,https://vital.com.tn/wp-content/uploads/2017/08/ventre-ultra-plat.png
Plantexil Sirop,Sirop,Complément alimentaire,"['Immunité', 'Toux sèche']",Immunité,2,Information non disponible,Flacon de 150 ml,0,0,0.5,https://vital.com.tn/products/plantexil/,https://vital.com.tn/wp-content/uploads/2017/08/Plantexil-sirop.png
"LV Sélénium A, C, E + Gelée Royale",Gélule,Complément alimentaire,"['Anti-âge', 'Immunité']",Anti-âge,2,Information non disponible,Boite de 30 gélules,0,0,0.5,https://vital.com.tn/products/selenium-a-c-e-gelee-royale/,https://vital.com.tn/wp-content/uploads/2017/08/Selenium.png
Vitonic Tonus +,Gélule,Complément alimentaire,"['Fatigue intellectuelle', 'Revitalisant']",Fatigue intellectuelle,2,Information non disponible,1 boite de 60 gélules - 30 gélules formule jour - 30 gélules formule nuit,0,0,0.5,https://vital.com.tn/products/vitonic-tonus-5/,https://vital.com.tn/wp-content/uploads/2017/08/VITONIC-tonus-2.png
Gelée Royale sachet,Sachet,Complément alimentaire,"['Immunité', 'Fortifiant']",Immunité,2,Information non disponible,20 sachets,0,0,0.5,https://vital.com.tn/products/gelee-royale-sachet/,https://vital.com.tn/wp-content/uploads/2017/05/Gelee-royale-ampoule.png
Gelée Royale Gélule,Gélule,Complément alimentaire,"['Immunité', 'Fortifiant']",Immunité,2,Information non disponible,Boite de 30 gélules / 20 ampoules,0,0,0.5,https://vital.com.tn/products/gelee-royale-5/,https://vital.com.tn/wp-content/uploads/2017/05/gelee-royale.png
Dermalo,Savon,Savon Dermatologique,"['Antiseptique', 'Eczéma']",Antiseptique,2,Information non disponible,Savon de 100 gr,0,0,0.5,https://vital.com.tn/products/dermalo-3/,https://vital.com.tn/wp-content/uploads/2017/05/Dermalo-1.png
Guarana,Gélule,Complément alimentaire,"['Brûle graisses', 'Fatigue']",Brûle graisses,2,Information non disponible,Boite de 30 gélules,0,0,0.5,https://vital.com.tn/products/guarana-4/,https://vital.com.tn/wp-content/uploads/2017/08/guarana-1.png
DERMADOUCE,Savon,Savon Dermatologique,"['Exfoliant', 'Peau']",Exfoliant,2,Information non disponible,Savon de 90 gr,0,0,0.5,https://vital.com.tn/products/derma-douce/,https://vital.com.tn/wp-content/uploads/2017/05/Dermadouce-1-1.png
LV PhytoVeine Gélule,Gélule,Complément alimentaire,"['Jambes lourdes', 'Varices']",Jambes lourdes,2,Information non disponible,Boite de 60 gélules,0,0,0.5,https://vital.com.tn/products/phytoveine-3/,https://vital.com.tn/wp-content/uploads/2017/08/Phytoveine.png
LV Lanorose,Crème,Crème Pour Usage Externe,"['Allaitement', ""Protection de l'aréole mammaire""]",Allaitement,2,Information non disponible,Tube de 35 gr,0,0,0.5,https://vital.com.tn/products/lanorose-3/,https://vital.com.tn/wp-content/uploads/2017/08/Lanorose.png
Plantexil Gélule,Gélule,Autre,"['Immunité', 'Toux sèche']",Immunité,2,Information non disponible,Boite de 15 gélules,0,0,0.5,https://vital.com.tn/products/plantexil-gelule/,https://vital.com.tn/wp-content/uploads/2017/08/Plantexil.png
Dermasoufre,Savon,Savon Dermatologique,"['Antiseptique', 'Peau']",Antiseptique,2,Information non disponible,Savon de 90 gr,0,0,0.5,https://vital.com.tn/products/dermasoufre-2/,https://vital.com.tn/wp-content/uploads/2017/05/Dermadouce-1.png
Mémoire et Concentration,Gélule,Complément alimentaire,"['Concentration', 'Mémoire']",Concentration,2,Information non disponible,Boite de 30 gélules,0,0,0.5,https://vital.com.tn/products/memoire-et-concentration-4/,https://vital.com.tn/wp-content/uploads/2017/08/memoire-et-concentration-1.png
Pédiakids COLIGAZ,Gouttes,Complément alimentaire,['Ballonnement et gaz'],Ballonnement et gaz,1,Information non disponible,Flacon de 35 ml,0,0,0.25,https://vital.com.tn/products/pediakids-coligaz/,https://vital.com.tn/wp-content/uploads/2017/08/Coligaz.png
Pédiakids trio,Forme non spécifiée,Autre,['Immunité'],Immunité,1,Information non disponible,Non spécifié,0,0,0.25,https://vital.com.tn/products/pediakids-trio-2/,https://vital.com.tn/wp-content/uploads/2021/09/pediakids-trio.png
Vitonic Tonus,Gélule,Complément alimentaire,['Revitalisant'],Revitalisant,1,Information non disponible,1 boite de 30 gélules,0,0,0.25,https://vital.com.tn/products/vitonic-tonus-2-2/,https://vital.com.tn/wp-content/uploads/2017/08/VITONIC-tonus-1.png
Vitonic Grossesse,Gélule,Complément alimentaire,['Grossesse'],Grossesse,1,Information non disponible,Boite de 30 gélules,0,0,0.25,https://vital.com.tn/products/vitonic-grossesse-2/,https://vital.com.tn/wp-content/uploads/2017/08/VITONIC-grossesse.png
Pédiakids Calcium & Vit. D3,Sirop,Complément alimentaire,['Ossature'],Ossature,1,Information non disponible,Flacon de 150 ml,0,0,0.25,https://vital.com.tn/products/calcium-vit-d3/,https://vital.com.tn/wp-content/uploads/2017/08/Calcium.png
Vitonic DIAB,Gélule,Complément alimentaire,['Diabète'],Diabète,1,Information non disponible,Boite de 30 gélules,0,0,0.25,https://vital.com.tn/products/vitonic-diab-3/,https://vital.com.tn/wp-content/uploads/2017/08/Vitonic-Diab.png
PédiaKids Gelée royale Pollen Propolis,Sirop,Complément alimentaire,['Immunité'],Immunité,1,Information non disponible,Flacon de 150 ml,0,0,0.25,https://vital.com.tn/products/gelee-royale-2/,https://vital.com.tn/wp-content/uploads/2017/08/Gelee-Royale.png
DermaGyn,Gel,Savon Dermatologique,['Hygiène Intime'],Hygiène Intime,1,Information non disponible,Savon de 90 gr,0,0,0.25,https://vital.com.tn/products/dermagyn/,https://vital.com.tn/wp-content/uploads/2017/08/Dermagyn.png
Vitonic Allaitement,Gélule,Complément alimentaire,['Allaitement'],Allaitement,1,Information non disponible,Boite de 45 gélules,0,0,0.25,https://vital.com.tn/products/vitonic-allaitement-2/,https://vital.com.tn/wp-content/uploads/2017/08/VITONIC-allaitement.png
Pédiakids Sommeil Calme,Sirop,Complément alimentaire,['Troubles de sommeil'],Troubles de sommeil,1,Information non disponible,Flacon de 150 ml,0,0,0.25,https://vital.com.tn/products/pediakids-sommeil-calme/,https://vital.com.tn/wp-content/uploads/2017/08/Sommeil-calme.png
LV Normaprost,Gélule,Complément alimentaire,['Prostate'],Prostate,1,Information non disponible,Boite de 60 gélules,0,0,0.25,https://vital.com.tn/products/normaprost/,https://vital.com.tn/wp-content/uploads/2017/08/Normaprost.png
ARGIDERM,Savon,Savon Dermatologique,['Antiseptique'],Antiseptique,1,Information non disponible,Savon de 90 gr,0,0,0.25,https://vital.com.tn/products/argiderm-3/,https://vital.com.tn/wp-content/uploads/2017/05/Argiderm-1.png
Vitonic Conception,Gélule,Complément alimentaire,['Fertilité féminine'],Fertilité féminine,1,Information non disponible,Boite de 30 gélules,0,0,0.25,https://vital.com.tn/products/vitonic-conception-3/,https://vital.com.tn/wp-content/uploads/2017/08/VITONIC-conception-1.png
Lécithine de Soja,Gélule,Complément alimentaire,['Cholestérol'],Cholestérol,1,Information non disponible,Boite de 45 gélules,0,0,0.25,https://vital.com.tn/products/lecithine-de-soja-2/,https://vital.com.tn/wp-content/uploads/2017/08/lectine-de-soja.png
Pédiakids APITOU N°2,Sirop,Complément alimentaire,['Toux sèche'],Toux sèche,1,Information non disponible,Flacon de 150 ml,0,0,0.25,https://vital.com.tn/products/pediakids-apitou-n2/,https://vital.com.tn/wp-content/uploads/2017/08/Pediakids-APITOU-2-2.png
LiftCaféine,Gel,Gel,['Cellulite'],Cellulite,1,Information non disponible,Tube de 60 gr,0,0,0.25,https://vital.com.tn/products/liftcafeine/,https://vital.com.tn/wp-content/uploads/2017/08/lifcafeine.png
Vitonic Junior,Suspension,Complément alimentaire,['Revitalisant'],Revitalisant,1,Information non disponible,Flacon de 90 ml + une pipette,0,0,0.25,https://vital.com.tn/products/vitonic-junior-3/,https://vital.com.tn/wp-content/uploads/2017/08/Vitonic-Junior.png
Pédiakids APITOU N°1,Sirop,Complément alimentaire,['Toux grasse'],Toux grasse,1,Information non disponible,Flacon de 150 ml,0,0,0.25,https://vital.com.tn/products/pediakids-apitou-n1/,https://vital.com.tn/wp-content/uploads/2017/08/Pediakids-APITOU-1-1.png
Pédiakids Appétit croissance,Sirop,Complément alimentaire,['Appétit'],Appétit,1,Information non disponible,Flacon de 150 ml,0,0,0.25,https://vital.com.tn/products/pediakids-appetit-croissance-2/,https://vital.com.tn/wp-content/uploads/2017/08/Appetit-croissance.png
LV Diabemin,Gélule,Complément alimentaire,['Glycémie'],Glycémie,1,Information non disponible,Boite de 30 gélules,0,0,0.25,https://vital.com.tn/products/diabemin-3/,https://vital.com.tn/wp-content/uploads/2017/08/Diabemin.png
LV Tabastop,Gélule,Complément alimentaire,['Servage tabagique'],Servage tabagique,1,Information non disponible,Boite de 30 gélules,0,0,0.25,https://vital.com.tn/products/tabastop-3/,https://vital.com.tn/wp-content/uploads/2017/08/Tabastop.png
Vitonic Fertilité,Gélule,Complément alimentaire,['Fertilité masculine'],Fertilité masculine,1,Information non disponible,une boite contenant huit tablettes de 15 gélules,0,0,0.25,https://vital.com.tn/products/vitonic-fertilite-3/,https://vital.com.tn/wp-content/uploads/2017/08/VITONIC-fertilite-1.png
