name,url,image_url,categories,indications,forme,infos_produit,classe,forme_normalized,classe_normalized,categories_list,primary_category,category_count,indication_count,is_complete,is_supplement,is_cosmetic,is_medical,is_care_product,is_topical,is_oral,avatar_priority_score
LV Vitamine A,https://vital.com.tn/products/vitamine-a-2/,https://vital.com.tn/wp-content/uploads/2020/09/Vitamine-A.png,"Acné, Peau",- Engelure - Réduit l’apparition des rides - Traite l’acné chez les adolescents et les adultes - Régule la pigmentation - Prévient les dommages cellulaires - Soutient la santé de la peau - Stimule la production de collagène,Créme,Non spécifié,complément alimentaire,Créme,Complément alimentaire,"['Acné', 'Peau']",Acné,2,7,1,1,0,0,0,0,0,8.5
LV Fersang junior,https://vital.com.tn/products/lv-fersang-junior/,https://vital.com.tn/wp-content/uploads/2022/08/Fersang-junior.png,"Anémie, Carence en Fer",- Traitement de l’anémie chez l’enfant à partir de 2 ans - Restitution des réserves en fer - Fortifie le sang sans risque de constipation,Sirop,Flacon de 150 ml,Complément alimentaire,Sirop,Complément alimentaire,"['Anémie', 'Carence en Fer']",Anémie,2,3,1,1,0,0,0,0,1,7.0
Hydra eau micellaire,https://vital.com.tn/products/hydra-eau-micellaire/,https://vital.com.tn/wp-content/uploads/2022/07/HYDRA-eau-micellaire-peau-normale.png,Peau,- Nettoyante - Démaquillante - Purifiante - Aide à éliminer les impuretés - Se débarrasse de l’excès de sébum en douceur - Laisse la peau nette et fraîche,Forme non spécifiée,Peau normale,Autre,Forme non spécifiée,Autre,['Peau'],Peau,1,6,0,0,0,0,0,0,0,6.25
Alcool de menthe,https://vital.com.tn/products/alcool-de-menthe-2-2/,https://vital.com.tn/wp-content/uploads/2018/08/AM.jpg,"Troubles de la digestion, Ballonnement et gaz",Garder hors de la portée des enfants,Liquide,Flacon de 37 ml,Produit de soin,Liquide,Produit de soin,"['Troubles de la digestion', 'Ballonnement et gaz']",Troubles de la digestion,2,1,1,0,0,0,1,0,1,4.0
Vitonic Tonus,https://vital.com.tn/products/vitonic-tonus-2-2/,https://vital.com.tn/wp-content/uploads/2017/08/VITONIC-tonus-1.png,Revitalisant,Information non disponible,Gélule,1 boite de 30 gélules,Complément alimentaire,Gélule,Complément alimentaire,['Revitalisant'],Revitalisant,1,0,0,1,0,0,0,0,1,0.25
PHYTOFANE Lotion anti chute,https://vital.com.tn/products/phytofane-lotion-anti-chute-2/,https://vital.com.tn/wp-content/uploads/2023/10/PHYTOFANE-Lotion-anti-chute.jpg,"Anti chute, Cheveux",• Ralentit la chute des cheveux • Stimule la croissance,Lotion,200 ML,Lotion Antichute,Lotion,Lotion Antichute,"['Anti chute', 'Cheveux']",Anti chute,2,1,1,0,0,0,0,1,0,4.0
Huile de Menthe,https://vital.com.tn/products/huile-de-menthe-2/,https://vital.com.tn/wp-content/uploads/2018/08/HUILE-DE-MENTHE-.jpg,"Ballonnement et gaz, Digestion",- Difficulté de digestion - Diminuer les flatulences,Liquide,Flacon de 65 ml,complément alimentaire,Liquide,Complément alimentaire,"['Ballonnement et gaz', 'Digestion']",Ballonnement et gaz,2,2,1,1,0,0,0,0,1,5.5
"LV Sélénium A, C, E Anti-âge",https://vital.com.tn/products/lv-selenium-a-c-e-anti-age/,https://vital.com.tn/wp-content/uploads/2024/12/VITAL-selenium-A-C-E-anti-age.png,"Anti-âge, Peau",• Prévenir le vieillissement cutané • Améliorer l’’éclat et la souplesse de la peau • Réduire les signes visibles de l’’âge par des effets anti-inflammatoires et antioxydants,Gélules,30 Gélules,Complément alimentaire,Gélule,Complément alimentaire,"['Anti-âge', 'Peau']",Anti-âge,2,1,1,1,0,0,0,0,1,4.0
Omevie Omega 3 - 1000,https://vital.com.tn/products/omevie-omega-3-1000/,https://vital.com.tn/wp-content/uploads/2019/06/omega-3-1000.png,"Développement cérébral, Concentration, Immunité",- Contribue au bon développement cérébral - Maintenir une bonne vision - Prévient et réduit l’inflammation secondaire à une infection virale - Concentration,Capsule,Boite de 30 capsules,Complément alimentaire,Capsule,Complément alimentaire,"['Développement cérébral', 'Concentration', 'Immunité']",Développement cérébral,3,4,1,1,0,0,0,0,1,8.75
PédiaKids Gelée royale Pollen Propolis,https://vital.com.tn/products/gelee-royale-2/,https://vital.com.tn/wp-content/uploads/2017/08/Gelee-Royale.png,Immunité,Information non disponible,Sirop,Flacon de 150 ml,Complément alimentaire,Sirop,Complément alimentaire,['Immunité'],Immunité,1,0,0,1,0,0,0,0,1,0.25
Pédiakids lait dermo-nettoyant,https://vital.com.tn/products/pediakids-lait-dermo-nettoyant/,https://vital.com.tn/wp-content/uploads/2020/09/Dermo-nettoyant.png,Peau,- Nettoyant - Adoucissant - Nourrissant,Lait,Flacon de 200 ml,Autre,Lait,Autre,['Peau'],Peau,1,3,0,0,0,0,0,0,0,4.75
TC 2000 Nutractiva,https://vital.com.tn/products/tc-2000-nutractiva/,https://vital.com.tn/wp-content/uploads/2017/08/NUTRACTIVA.jpg,Anti-tâches,- Contribue au renouvellement cellulaire - Antiradicalaire - Antioxydant,Gélules,Boite de 60 gélules,Complément alimentaire,Gélule,Complément alimentaire,['Anti-tâches'],Anti-tâches,1,3,1,1,0,0,0,0,1,6.75
OLIGOVIT Trio,https://vital.com.tn/products/oligovit-trio-3/,https://vital.com.tn/wp-content/uploads/2024/07/oligovit-Trio-b15-1.jpg,Immunité,- Contribue au fonctionnement normal du système immunitaire - Contribue à un métabolisme énergétique normal et à réduire la fatigue - Réduit le risque de l’infection et de la pneumonie - Réduit l’inflammation - Diminue le risque de la SDRA,Gélules,15 Gélules,Complément alimentaire,Gélule,Complément alimentaire,['Immunité'],Immunité,1,5,1,1,0,0,0,0,1,8.25
Pédiakids Anti-ballonnement,https://vital.com.tn/products/pediakids-anti-ballonnement/,https://vital.com.tn/wp-content/uploads/2017/08/Anti-ballonement.png,"Ballonnement et gaz, Troubles de la digestion",Information non disponible,Sirop,Flacon de 150 ml,Complément alimentaire,Sirop,Complément alimentaire,"['Ballonnement et gaz', 'Troubles de la digestion']",Ballonnement et gaz,2,0,0,1,0,0,0,0,1,0.5
Vitonic Allaitement,https://vital.com.tn/products/vitonic-allaitement-2/,https://vital.com.tn/wp-content/uploads/2017/08/VITONIC-allaitement.png,Allaitement,Information non disponible,Gélule,Boite de 45 gélules,Complément alimentaire,Gélule,Complément alimentaire,['Allaitement'],Allaitement,1,0,0,1,0,0,0,0,1,0.25
"Echinacée, Zinc, Vit.C",https://vital.com.tn/products/echizinc-2/,https://vital.com.tn/wp-content/uploads/2020/10/Echinace.png,Immunité,- Aide à protéger l’organisme des infections - Stimule la protection d’anticorps - Aide à réduire la durée du rhume,Gélule,Boite de 30 gélules,complément alimentaire,Gélule,Complément alimentaire,['Immunité'],Immunité,1,3,1,1,0,0,0,0,1,6.75
LV Psolcalm,https://vital.com.tn/products/psolcalm/,https://vital.com.tn/wp-content/uploads/2020/09/Psocalm.png,psoriasis,- Diminue les démangeaisons liées au psoriasis - Soulage et apaise les irritations dûes au psoriasis,Pommade,Non spécifié,complément alimentaire,Pommade,Complément alimentaire,['psoriasis'],psoriasis,1,2,1,1,0,0,0,1,0,5.25
LV Fersang Gélule,https://vital.com.tn/products/fersang-2/,https://vital.com.tn/wp-content/uploads/2017/08/Fersang-gelules.png,"Anémie, Carence en Fer",Information non disponible,Gélules,Boite de 60 gélules,Complément alimentaire,Gélule,Complément alimentaire,"['Anémie', 'Carence en Fer']",Anémie,2,0,0,1,0,0,0,0,1,0.5
LV CYSPROTECT,https://vital.com.tn/products/lv-cysprotect-2/,https://vital.com.tn/wp-content/uploads/2023/10/LV-CYSPROTECT.jpg,"Cystites, Infection urinaire",• Protège les voies urinaires sensibles • Cystites récidivantes • Complément d’une antibiothérapie fondée dans les infections urinaires basses,Sachets,12 Sachets,Complément alimentaire,Sachet,Complément alimentaire,"['Cystites', 'Infection urinaire']",Cystites,2,1,1,1,0,0,0,0,1,4.0
Hydra,https://vital.com.tn/products/hydra/,https://vital.com.tn/wp-content/uploads/2020/09/Hydra-boite.png,Peau,- Hydratation en profondeur de la peau - Nutrition de la peau - Adoucissement de la peau - Assouplissement de la peau - Régénération et cicatrisation cutanée,Crème,Crème visage et corps pour une peau douce et hydratée 24H/24,Crème,Crème,Crème,['Peau'],Peau,1,5,1,0,0,0,0,1,0,8.25
MULTIBON IMMUNITÉ,https://vital.com.tn/products/multibon-immunite-2/,https://vital.com.tn/wp-content/uploads/2022/07/MULTIBON-immunite.png,Immunité,- Contribue au renforcement du système immunitaire - Améliore les défenses naturelles contre les maladies virales et infectieuses,Gummies,Boite de 30 gummies,Complément alimentaire,Gummies,Complément alimentaire,['Immunité'],Immunité,1,2,1,1,0,0,0,0,0,5.25
Pédiakids Gel Lavant Doux,https://vital.com.tn/products/gel-lavant-doux/,https://vital.com.tn/wp-content/uploads/2019/05/Gel-lavant.png,Peau,- Nettoyant - Hydratant - Nourrissant,Gel,Flacon de 200 ml,Autre,Gel,Autre,['Peau'],Peau,1,3,0,0,0,0,0,1,0,4.75
LV Arthroforce huile,https://vital.com.tn/products/lv-arthroforce-huile/,https://vital.com.tn/wp-content/uploads/2017/08/Arthroforce-huile.png,"Arthrite, Arthrose, Douleurs articulaires","Douleurs articulaires, arthrose, Arthrite, Tendinite",Huile,flacon de 60ml,complément alimentaire,Huile,Complément alimentaire,"['Arthrite', 'Arthrose', 'Douleurs articulaires']",Arthrite,3,1,1,1,0,0,0,1,0,4.25
Oligovit vitamine C,https://vital.com.tn/products/oligovitvitaminec/,https://vital.com.tn/wp-content/uploads/2020/10/Oligovit.png,Immunité,Fatigue Asthénie Courbatures Baisse d’immunité,Gélule,Boite de 30 gélules,complément alimentaire,Gélule,Complément alimentaire,['Immunité'],Immunité,1,1,1,1,0,0,0,0,1,3.75
Minciligne Homme,https://vital.com.tn/products/minciligne-homme/,https://vital.com.tn/wp-content/uploads/2018/08/minciligne-homme.png,"Brûle graisses, Coupe faim",Coupe faim Obésité Adjuvant de régime,Solution buvable,20 Sachets de 10 ml,Complément alimentaire,Solution,Complément alimentaire,"['Brûle graisses', 'Coupe faim']",Brûle graisses,2,1,1,1,0,0,0,0,1,4.0
Plantalgic,https://vital.com.tn/products/plantalgic/,https://vital.com.tn/wp-content/uploads/2017/08/Plantalgic.png,"Anxiété, Migraine",Femme enceinte et allaitante,Gélule,Boite de 15 gélules,Complément alimentaire,Gélule,Complément alimentaire,"['Anxiété', 'Migraine']",Anxiété,2,1,1,1,0,0,0,0,1,4.0
Pédiakids Crème pour le change 90gr,https://vital.com.tn/products/pediakids-creme-pour-le-change-90gr/,https://vital.com.tn/wp-content/uploads/2022/09/pediakidscremepourlechange-90gr.png,"Erythèmes, soin bébé",Information non disponible,Crème,Tube de 90 gr,Crème pour la peau,Crème,Crème Pour La Peau,"['Erythèmes', 'soin bébé']",Erythèmes,2,0,0,0,0,0,0,1,0,0.5
PHYTOFANE Fortifiant Phanères,https://vital.com.tn/products/phytofane-fortifiant-phaneres-2/,https://vital.com.tn/wp-content/uploads/2024/12/PHYTOFANE-FORTIFIANT-phaneres.png,"Cheveux, Fortifiant, Ongles",• Fortifie les cheveux & les ongles • Favorise la vitalité & la brillance,Gélules,60 Gélules,Complément alimentaire,Gélule,Complément alimentaire,"['Cheveux', 'Fortifiant', 'Ongles']",Cheveux,3,1,1,1,0,0,0,0,1,4.25
SWEET health fer,https://vital.com.tn/products/sweet-health-fer/,https://vital.com.tn/wp-content/uploads/2022/07/SWEEThealth-fer.png,"Carence en Fer, Anémie",- Prévenir les carences en fer - Faible risque de constipation - Traitement de l’anémie chez l’adulte et la femme enceinte - Meilleur absorption du fer grâce à la vitamine C,Gummies,Boite de 30 gummies,Complément alimentaire,Gummies,Complément alimentaire,"['Carence en Fer', 'Anémie']",Carence en Fer,2,4,1,1,0,0,0,0,0,8.5
Vitonic Junior,https://vital.com.tn/products/vitonic-junior-3/,https://vital.com.tn/wp-content/uploads/2017/08/Vitonic-Junior.png,Revitalisant,Information non disponible,Suspension,Flacon de 90 ml + une pipette,Complément alimentaire,Suspension,Complément alimentaire,['Revitalisant'],Revitalisant,1,0,0,1,0,0,0,0,0,0.25
Dermacné ( gel nettoyant ),https://vital.com.tn/products/dermacne-gel-nettoyant/,https://vital.com.tn/wp-content/uploads/2021/09/3.png,Peau,Assainir et purifier la peau en profondeur Elimine les imperfections cutanées des peaux grasses à tendance acnéique,Forme non spécifiée,Non spécifié,Autre,Forme non spécifiée,Autre,['Peau'],Peau,1,1,0,0,0,0,0,0,0,1.75
LV PSOCALM,https://vital.com.tn/products/lv-psocalm/,https://vital.com.tn/wp-content/uploads/2023/10/Psocalme.jpg,"Apaise, Peau",• Diminue les démangeaisons liées au psoriasis • Soulage et apaise les irritations dues au psoriasis,Pommade,90 Gr,Réparation de la peau,Pommade,Réparation De La Peau,"['Apaise', 'Peau']",Apaise,2,1,1,0,0,0,0,1,0,4.0
Hydra eau micellaire,https://vital.com.tn/products/hydra-eau-micellaire-2/,https://vital.com.tn/wp-content/uploads/2022/07/HYDRA-eau-micellaire-peau-grasse.png,Peau,- Nettoyante - Démaquillante - Purifiante - Aide à éliminer les impuretés - Se débarrasse de l’excès de sébum en douceur - Laisse la peau nette et fraîche,Forme non spécifiée,Peau grasse,Autre,Forme non spécifiée,Autre,['Peau'],Peau,1,6,0,0,0,0,0,0,0,6.25
LV Spasvit Sirop,https://vital.com.tn/products/lv-spasvit-sirop/,https://vital.com.tn/wp-content/uploads/2021/06/Spasvit-sirop.png,Spasmes intestinaux,- Soulage les spasmes gastro-intestinaux et les coliques hépatiques - Équilibre la flore intestinale,Sirop 150 ml,Non spécifié,complément alimentaire,Sirop,Complément alimentaire,['Spasmes intestinaux'],Spasmes intestinaux,1,2,1,1,0,0,0,0,1,5.25
Pédiakids Crème pour le change,https://vital.com.tn/products/pediakids-creme/,https://vital.com.tn/wp-content/uploads/2017/08/creme-pour-le-change.png,"soin bébé, Erythèmes",Information non disponible,Crème,Tube de 40 gr,Crème pour la peau,Crème,Crème Pour La Peau,"['soin bébé', 'Erythèmes']",soin bébé,2,0,0,0,0,0,0,1,0,0.5
Grossivit Sirop bébé et enfant,https://vital.com.tn/products/grossivit-bebe-enfant/,https://vital.com.tn/wp-content/uploads/2019/05/Grossivit-bebe-et-enfant.png,"Appétit, Prise de poids",Information non disponible,Sirop,Flacon de 250 ml,Complément alimentaire,Sirop,Complément alimentaire,"['Appétit', 'Prise de poids']",Appétit,2,0,0,1,0,0,0,0,1,0.5
HYDRAfine Après épilation,https://vital.com.tn/products/hydrafine-apres-epilation-2/,https://vital.com.tn/wp-content/uploads/2023/10/HYDRAfine-Apres-epilation.jpg,"Cicatrices, Hydrate, Peau",• Protège les peaux sensibilisées • Pro-cicatrisantes et hydratantes,Crème,90 Gr,Crème après épilation,Crème,Crème Après Épilation,"['Cicatrices', 'Hydrate', 'Peau']",Cicatrices,3,1,1,0,0,0,0,1,0,4.25
Stimul plus,https://vital.com.tn/products/stimul-plus-2/,https://vital.com.tn/wp-content/uploads/2017/08/stimulplus-1.png,"Fatigue sexuelle, Baisse de la libido",Information non disponible,Gélule,Boite de 30 gélules,Complément alimentaire,Gélule,Complément alimentaire,"['Fatigue sexuelle', 'Baisse de la libido']",Fatigue sexuelle,2,0,0,1,0,0,0,0,1,0.5
Omevie Emotion - 900,https://vital.com.tn/products/omevie-emotion-900/,https://vital.com.tn/wp-content/uploads/2019/06/emotion.png,état d’humeur,Garder une humeur équilibrée Aide à maintenir un équilibre émotionnel,Capsule,Boite de 30 capsules,Complément alimentaire,Capsule,Complément alimentaire,['état d’humeur'],état d’humeur,1,1,1,1,0,0,0,0,1,3.75
Uniderme peau mixte,https://vital.com.tn/products/uniderme-peau-mixte/,https://vital.com.tn/wp-content/uploads/2020/09/Uniderm-peau-mixte.png,Peau,"Savon unifiant tonique et nourrissant, spécifique pour la peau mixte",Savon,Non spécifié,Savon,Savon,Savon,['Peau'],Peau,1,1,1,0,0,0,0,0,0,3.75
Dermasoufre,https://vital.com.tn/products/dermasoufre-2/,https://vital.com.tn/wp-content/uploads/2017/05/Dermadouce-1.png,"Antiseptique, Peau",Information non disponible,Savon,Savon de 90 gr,Savon dermatologique,Savon,Savon Dermatologique,"['Antiseptique', 'Peau']",Antiseptique,2,0,0,0,0,0,0,0,0,0.5
LV Tabastop,https://vital.com.tn/products/tabastop-3/,https://vital.com.tn/wp-content/uploads/2017/08/Tabastop.png,Servage tabagique,Information non disponible,Gélule,Boite de 30 gélules,Complément alimentaire,Gélule,Complément alimentaire,['Servage tabagique'],Servage tabagique,1,0,0,1,0,0,0,0,1,0.25
Pédiakids Multi Vitamines Pomme,https://vital.com.tn/products/multi-vitamines/,https://vital.com.tn/wp-content/uploads/2021/08/multivitamines.png,Immunité,Une croissance équilibrée Optimiser les apports en vitamines et minéraux chez les jeunes enfants,Forme non spécifiée,Non spécifié,Autre,Forme non spécifiée,Autre,['Immunité'],Immunité,1,1,0,0,0,0,0,0,0,1.75
LV Vitamine D3,https://vital.com.tn/products/vitamine-d3-5/,https://vital.com.tn/wp-content/uploads/2020/09/Vitamine-D3-1.png,"Immunité, Carence en Vit D",- Immunostimulant - Réduit le risque d’infections respiratoires graves - Améliore l’absorption du calcium - Aide à maintenir des os solides et sains - Nécessaire pour le bon fonctionnement des muscles,Gélules,Boite de 30 gélules,Complément alimentaire,Gélule,Complément alimentaire,"['Immunité', 'Carence en Vit D']",Immunité,2,5,1,1,0,0,0,0,1,8.5
Pectine de pomme,https://vital.com.tn/products/pectine-de-pomme-4/,https://vital.com.tn/wp-content/uploads/2017/08/Phytothera-PECTINE-DE-POMME.png,Coupe faim,Pectine de pomme,Gélule,Boite de 30 gélules,Complément alimentaire,Gélule,Complément alimentaire,['Coupe faim'],Coupe faim,1,1,1,1,0,0,0,0,1,3.75
Pédiakids Appétit croissance,https://vital.com.tn/products/pediakids-appetit-croissance-2/,https://vital.com.tn/wp-content/uploads/2017/08/Appetit-croissance.png,Appétit,Information non disponible,Sirop,Flacon de 150 ml,Complément alimentaire,Sirop,Complément alimentaire,['Appétit'],Appétit,1,0,0,1,0,0,0,0,1,0.25
Vaseline,https://vital.com.tn/products/vaseline-2/,https://vital.com.tn/wp-content/uploads/2022/07/VASELINE.png,Peau,- Hydratant - Lubrifiant,Crème,"Peau douce, lisse et visiblement saine",Crème,Crème,Crème,['Peau'],Peau,1,2,1,0,0,0,0,1,0,5.25
Mincicare 4 actions,https://vital.com.tn/products/mincicare-4-actions/,https://vital.com.tn/wp-content/uploads/2020/09/Mincicare.png,"Détox, Drainage",- Draineur - Brûleur de graisses - Détoxifiant - Coupe Faim,Solution buvable,Non spécifié,Complement alimentaire,Solution,Complément alimentaire,"['Détox', 'Drainage']",Détox,2,4,1,1,0,0,0,0,1,8.5
HYDRA GEL Nettoyant visage Peau Normale,https://vital.com.tn/products/hydra-gel-nettoyant-visage-peau-normale-2/,https://vital.com.tn/wp-content/uploads/2023/10/HYDRA-GEL-Nettoyant-visage-Peau-Normale.jpg,"nettoie, Peau, Purifie, Revitalisant",• Nettoie • Purifie • Revitalise,Gel,230 ML,Nettoyant visage,Gel,Nettoyant Visage,"['nettoie', 'Peau', 'Purifie', 'Revitalisant']",nettoie,4,1,1,0,0,0,0,1,0,4.5
Phytofibres,https://vital.com.tn/products/phytofibres-2/,https://vital.com.tn/wp-content/uploads/2019/05/phytofibre.png,"Ballonnement et gaz, Constipation, Digestion",Information non disponible,Gélule,Boite de 60 gélules,Complément alimentaire,Gélule,Complément alimentaire,"['Ballonnement et gaz', 'Constipation', 'Digestion']",Ballonnement et gaz,3,0,0,1,0,0,0,0,1,0.75
Minciligne Aux 9 plantes phytoactives,https://vital.com.tn/products/minciligne-aux-9-plantes-phytoactives/,https://vital.com.tn/wp-content/uploads/2018/08/miniciligne-9-plantes.png,Drainage,#NAME?,Solution buvable,Flacon de 275ml,Complément alimentaire,Solution,Complément alimentaire,['Drainage'],Drainage,1,1,1,1,0,0,0,0,1,3.75
Pulmax Anti-Tussif,https://vital.com.tn/products/pulmax-anti-tussif/,https://vital.com.tn/wp-content/uploads/2022/08/Pulmax.png,"Toux, Immunité",- Apaise la toux - Dégage les voies respiratoires - SANS SUCRE - Adapté aux diabétiques,Sirop,Sirop sans sucre 150 ml,Complément alimentaire,Sirop,Complément alimentaire,"['Toux', 'Immunité']",Toux,2,4,1,1,0,0,0,0,1,8.5
Hydra eau micellaire,https://vital.com.tn/products/hydra-eau-micellaire-3/,https://vital.com.tn/wp-content/uploads/2022/07/HYDRA-eau-micellaire-peau-seche.png,Peau,- Nettoyante - Démaquillante - Purifiante - Aide à éliminer les impuretés - Se débarrasse de l’excès de sébum en douceur - Laisse la peau nette et fraîche,Forme non spécifiée,Peau sèche,Autre,Forme non spécifiée,Autre,['Peau'],Peau,1,6,0,0,0,0,0,0,0,6.25
Omevie Omega 3 - 500,https://vital.com.tn/products/omevie-omega-3-500/,https://vital.com.tn/wp-content/uploads/2020/09/Omega-3-500.png,"Concentration, Développement cérébral, Immunité",- Contribue au bon développement cérébral - Maintenir une bonne vision - Prévient et réduit l’inflammation secondaire à une infection virale - Concentration,Capsule,Boite de 30 capsules,Complément alimentaire,Capsule,Complément alimentaire,"['Concentration', 'Développement cérébral', 'Immunité']",Concentration,3,4,1,1,0,0,0,0,1,8.75
Vaseline glycérinée,https://vital.com.tn/products/vaseline-glycerinee-2/,https://vital.com.tn/wp-content/uploads/2022/07/VASELINE-glycerinee-.png,Peau,- Hydratant profond - Lubrifiant,Crème,"Peau douce, lisse et visiblement saine",crème,Crème,Crème,['Peau'],Peau,1,2,1,0,0,0,0,1,0,5.25
DERMADOUCE,https://vital.com.tn/products/derma-douce/,https://vital.com.tn/wp-content/uploads/2017/05/Dermadouce-1-1.png,"Exfoliant, Peau",Information non disponible,Savon,Savon de 90 gr,Savon dermatologique,Savon,Savon Dermatologique,"['Exfoliant', 'Peau']",Exfoliant,2,0,0,0,0,0,0,0,0,0.5
Gelée Royale Gélule,https://vital.com.tn/products/gelee-royale-5/,https://vital.com.tn/wp-content/uploads/2017/05/gelee-royale.png,"Immunité, Fortifiant",Information non disponible,Gélules,Boite de 30 gélules / 20 ampoules,Complément alimentaire,Gélule,Complément alimentaire,"['Immunité', 'Fortifiant']",Immunité,2,0,0,1,0,0,0,0,1,0.5
MULTIBON SOMMEIL,https://vital.com.tn/products/multibon-sommeil-2/,https://vital.com.tn/wp-content/uploads/2022/07/MULTIBON-sommeil.png,Troubles de sommeil,- Favorise l’endormissement - Améliore la qualité du sommeil - Evite les réveils nocturnes,Gummies,Boite de 30 gummies,Complément alimentaire,Gummies,Complément alimentaire,['Troubles de sommeil'],Troubles de sommeil,1,3,1,1,0,0,0,0,0,6.75
multi vitamines,https://vital.com.tn/products/multi-vitamines-2/,https://vital.com.tn/wp-content/uploads/2021/08/multivitamines-1.png,Immunité,Une croissance équilibrée Optimiser les apports en vitamines et minéraux chez les jeunes enfants,Forme non spécifiée,Non spécifié,Autre,Forme non spécifiée,Autre,['Immunité'],Immunité,1,1,0,0,0,0,0,0,0,1.75
LV PHYTOVEINE,https://vital.com.tn/products/lv-phytoveine-2/,https://vital.com.tn/wp-content/uploads/2023/10/LV-PHYTOVEINE.jpg,"Jambes lourdes, Varices",• Améliore le retour veineux • Stimule la circulation veineuse • Soulage la sensation de jambes lourdes,Sachets,12 Sachets,Complément alimentaire,Sachet,Complément alimentaire,"['Jambes lourdes', 'Varices']",Jambes lourdes,2,1,1,1,0,0,0,0,1,4.0
LV GINKO Extra,https://vital.com.tn/products/lv-ginko-extra/,https://vital.com.tn/wp-content/uploads/2023/10/LV-GINKO-Extra-60ml.jpg,"Concentration, Mémoire",• Améliore la mémoire et la concentration chez les adultes • Traite la claudication intermittente • Traite les acouphènes,Gélules,60 Gélules,Complément alimentaire,Gélule,Complément alimentaire,"['Concentration', 'Mémoire']",Concentration,2,1,1,1,0,0,0,0,1,4.0
"LV Sélénium A, C, E + Gelée Royale",https://vital.com.tn/products/selenium-a-c-e-gelee-royale/,https://vital.com.tn/wp-content/uploads/2017/08/Selenium.png,"Anti-âge, Immunité",Information non disponible,Gélules,Boite de 30 gélules,Complément alimentaire,Gélule,Complément alimentaire,"['Anti-âge', 'Immunité']",Anti-âge,2,0,0,1,0,0,0,0,1,0.5
LV Arthroforce Gélule,https://vital.com.tn/products/arthroforce-2/,https://vital.com.tn/wp-content/uploads/2017/08/LV-Arthroforce-gelules.png,"Arthrite, Arthrose, Douleurs articulaires",Interaction avec anticoagulants pour la forme gélule,Gélule,"Boite de 60 gélules, Tube de 90g, Tube de 45g",complément alimentaire,Gélule,Complément alimentaire,"['Arthrite', 'Arthrose', 'Douleurs articulaires']",Arthrite,3,1,1,1,0,0,0,0,1,4.25
LV PhytoVeine Huile,https://vital.com.tn/products/lv-phytoveine-huile/,https://vital.com.tn/wp-content/uploads/2017/08/Phytoveine-1.png,"Jambes lourdes, Varices",- Soulage les douleurs des jambes lourdes - Stimule la circulation sanguine,Huile,Flacon de 60 ml,Huile pour massage,Huile,Huile Pour Massage,"['Jambes lourdes', 'Varices']",Jambes lourdes,2,2,1,0,0,0,0,1,0,5.5
Uniderm peau grasse,https://vital.com.tn/products/uniderme-peau-grasse-2/,https://vital.com.tn/wp-content/uploads/2020/09/Uniderme-peau-grasse.png,Peau,"Savon unifiant et astringent, spécifique pour la peau grasse à tendance acnéique",Savon,Non spécifié,Savon,Savon,Savon,['Peau'],Peau,1,1,1,0,0,0,0,0,0,3.75
Lécithine de Soja,https://vital.com.tn/products/lecithine-de-soja-2/,https://vital.com.tn/wp-content/uploads/2017/08/lectine-de-soja.png,Cholestérol,Information non disponible,Gélule,Boite de 45 gélules,Complément alimentaire,Gélule,Complément alimentaire,['Cholestérol'],Cholestérol,1,0,0,1,0,0,0,0,1,0.25
Vitonic Conception,https://vital.com.tn/products/vitonic-conception-3/,https://vital.com.tn/wp-content/uploads/2017/08/VITONIC-conception-1.png,Fertilité féminine,Information non disponible,Gélule,Boite de 30 gélules,Complément alimentaire,Gélule,Complément alimentaire,['Fertilité féminine'],Fertilité féminine,1,0,0,1,0,0,0,0,1,0.25
TC 2000 Savon,https://vital.com.tn/products/tc-2000-savon/,https://vital.com.tn/wp-content/uploads/2017/08/tc2000-savon.jpg,"Anti-tâches, Exfoliant","- Effet éclaircissant, anti tâches brunes - Élimine les cellules mortes de l’épiderme tout en nettoyant la peau - Unifie le teint grâce à l’argile",Savon,Savon 90 gr,Savon dermatologique,Savon,Savon Dermatologique,"['Anti-tâches', 'Exfoliant']",Anti-tâches,2,3,1,0,0,0,0,0,0,7.0
DermaGyn,https://vital.com.tn/products/dermagyn/,https://vital.com.tn/wp-content/uploads/2017/08/Dermagyn.png,Hygiène Intime,Information non disponible,Savon / Gel,Savon de 90 gr,Savon dermatologique,Gel,Savon Dermatologique,['Hygiène Intime'],Hygiène Intime,1,0,0,0,0,0,0,1,0,0.25
LV Spasvit Gélule,https://vital.com.tn/products/spasvit-gelule/,https://vital.com.tn/wp-content/uploads/2020/09/Spasvit-1.png,Spasmes intestinaux,- Soulage les spasmes gastro-intestinaux et les coliques hépatiques - Équilibre la flore intestinale,Gélule,Boite de 15 gélules,complément alimentaire,Gélule,Complément alimentaire,['Spasmes intestinaux'],Spasmes intestinaux,1,2,1,1,0,0,0,0,1,5.25
PHYTOFANE Shampooing Anti Chute,https://vital.com.tn/products/phytofane-shampooing-anti-chute/,https://vital.com.tn/wp-content/uploads/2024/12/PHYTOFANE-SHAMPOING-ANTI-CHUTE.png,"Anti chute, Cheveux",• Ralentit la chute des cheveux • Stimule la repousse des cheveux,Shampooing,200 ML,Soin,Shampooing,Soin,"['Anti chute', 'Cheveux']",Anti chute,2,1,1,0,0,0,1,0,0,4.0
VASELINE Urée 20%,https://vital.com.tn/products/vaseline-uree-20-3/,https://vital.com.tn/wp-content/uploads/2024/07/vaseline-uree-20-1.jpg,"Hydratation, Kératolytique",• Hydratante • Kératolytique,Crème,35gr,Soin,Crème,Soin,"['Hydratation', 'Kératolytique']",Hydratation,2,1,1,0,0,0,1,1,0,4.0
LV Migrainal,https://vital.com.tn/products/migrainal-3/,https://vital.com.tn/wp-content/uploads/2020/09/Migrainal.png,Migraine,Ginkgo biloba : à proscrire en Co-médication avec des anticoagulants,Gélules,Boite de 30 gélules,Complément alimentaire,Gélule,Complément alimentaire,['Migraine'],Migraine,1,1,1,1,0,0,0,0,1,3.75
Pédiakids trio,https://vital.com.tn/products/pediakids-trio-2/,https://vital.com.tn/wp-content/uploads/2021/09/pediakids-trio.png,Immunité,Information non disponible,Forme non spécifiée,Non spécifié,Autre,Forme non spécifiée,Autre,['Immunité'],Immunité,1,0,0,0,0,0,0,0,0,0.25
Pédiakids Apigrip,https://vital.com.tn/products/pediakids-apigrip-3/,https://vital.com.tn/wp-content/uploads/2017/08/Apigrip.png,"Grippe, Rhume, Soulage",Information non disponible,Sirop,Flacon de 150 ml,Complément alimentaire,Sirop,Complément alimentaire,"['Grippe', 'Rhume', 'Soulage']",Grippe,3,0,0,1,0,0,0,0,1,0.75
Phytofane sérum lissant,https://vital.com.tn/products/phytofane-serum-lissant/,https://vital.com.tn/wp-content/uploads/2022/07/PHYTOPHANE-serum-lissant.png,Cheveux,"- Redonne une vitalité aux cheveux cassants et secs en améliorant leur brillance, leur souplesse et leur hydratation",Sérum,Contient 120 ml,Sérum,Sérum,Sérum,['Cheveux'],Cheveux,1,1,1,0,0,0,0,0,0,3.75
Vaseline Salicylée 2%,https://vital.com.tn/products/vaseline-salicylee-2/,https://vital.com.tn/wp-content/uploads/2022/07/VASELINE-salicylee.png,Peau,- Croûtes - Callosités - Fissures - Squames,crème,"Peau douce, lisse et visiblement saine",crème,Crème,Crème,['Peau'],Peau,1,4,1,0,0,0,0,1,0,8.25
Grossivit Gélule,https://vital.com.tn/products/grossivit-gelule/,https://vital.com.tn/wp-content/uploads/2019/05/gROSSIVIT.png,"Appétit, Prise de poids",- Favorise la prise de poids - Assure un précieux apport en éléments nutritifs* - Améliore la digestion - Stimule l’appétit,Gélule,Boite de 60 gélules,Autre,Gélule,Autre,"['Appétit', 'Prise de poids']",Appétit,2,4,0,0,0,0,0,0,1,6.5
Levure de Riz Rouge,https://vital.com.tn/products/levure-de-riz-rouge/,https://vital.com.tn/wp-content/uploads/2018/08/LEVURE-DE-RIZ-ROUGE.png,"Brûle graisses, Cholestérol","Femmes enceintes et allaitantes, Maladies hépatiques ou rénales, Taux anormalement élevés de transaminases, Personnes Alcooliques.",Gélule,Boite de 60 gélules,Complément alimentaire,Gélule,Complément alimentaire,"['Brûle graisses', 'Cholestérol']",Brûle graisses,2,1,1,1,0,0,0,0,1,4.0
Pédiakids Gripe water,https://vital.com.tn/products/pediakids-gripe-water/,https://vital.com.tn/wp-content/uploads/2020/09/Gripe-water.png,Ballonnement et gaz,- Soulage rapidement les flatulences - Faciliter la digestion,Sirop,Flacon de 150 ml,Complément alimentaire,Sirop,Complément alimentaire,['Ballonnement et gaz'],Ballonnement et gaz,1,2,1,1,0,0,0,0,1,5.25
LV Fersang Bisglycinate de Fer,https://vital.com.tn/products/fersang-bisglycinate-de-fer/,https://vital.com.tn/wp-content/uploads/2018/08/Fersang-Bis.png,Anémie,"- Prévention de la carence martiale - Traitement de l’anémie chez l’adulte, l’enfant et la femme enceinte - Restitution des réserves en fer - Réduit le risque de constipation - Fortifie le sang",Gélules,Boite de 60 gélules,Complément alimentaire,Gélule,Complément alimentaire,['Anémie'],Anémie,1,5,1,1,0,0,0,0,1,8.25
Vitonic Fer,https://vital.com.tn/products/vitonic-fer-2/,https://vital.com.tn/wp-content/uploads/2017/08/VITONIC-fer.png,Fatigue intellectuelle,Femmes enceintes et allaitantes Traitement anticoagulant,Gélule,Boite de 30 gélules,Complément alimentaire,Gélule,Complément alimentaire,['Fatigue intellectuelle'],Fatigue intellectuelle,1,1,1,1,0,0,0,0,1,3.75
Millepertuis,https://vital.com.tn/products/millepertuis-4/,https://vital.com.tn/wp-content/uploads/2017/08/mILLEPERTUIS-1.png,"Anxiété, état d’humeur","Femme enceinte, allaitante et enfant avant l'âge de 12 ans.",Gélule,Boite de 30 gélules,Complément alimentaire,Gélule,Complément alimentaire,"['Anxiété', 'état d’humeur']",Anxiété,2,1,1,1,0,0,0,0,1,4.0
Vitonic DIAB,https://vital.com.tn/products/vitonic-diab-3/,https://vital.com.tn/wp-content/uploads/2017/08/Vitonic-Diab.png,Diabète,Information non disponible,Gélule,Boite de 30 gélules,Complément alimentaire,Gélule,Complément alimentaire,['Diabète'],Diabète,1,0,0,1,0,0,0,0,1,0.25
VITAL HEALTHCARE FERTICARE FEMME,https://vital.com.tn/products/vital-healthcare-ferticare-femme-2/,https://vital.com.tn/wp-content/uploads/2023/10/VITAL-HEALTHCARE-FERTICARE-FEMME-.jpg,Fertilité féminine,• Favorise la régulation de l’activité hormonale • Contribue à une fertilité et à une reproduction normale • Optimise naturellement les chances de gestation ­,Sachets,30 Sachets,Complément alimentaire,Sachet,Complément alimentaire,['Fertilité féminine'],Fertilité féminine,1,1,1,1,0,0,0,0,1,3.75
Phytodraine,https://vital.com.tn/products/phytodraine-4/,https://vital.com.tn/wp-content/uploads/2017/08/phytodraine-1.png,"Cellulite, Drainage","Hyperthyroïdie, hypertension",Solution,Flacon de 250ml,Complément alimentaire,Solution,Complément alimentaire,"['Cellulite', 'Drainage']",Cellulite,2,1,1,1,0,0,0,0,1,4.0
Pédiakids Multi Vitamines Framboise,https://vital.com.tn/products/multi-vitamines-4/,https://vital.com.tn/wp-content/uploads/2021/08/multivitamines-1-1.png,Immunité,Une croissance équilibrée Optimiser les apports en vitamines et minéraux chez les jeunes enfants,Forme non spécifiée,Non spécifié,Autre,Forme non spécifiée,Autre,['Immunité'],Immunité,1,1,0,0,0,0,0,0,0,1.75
Ventre Ultra Plat,https://vital.com.tn/products/ventre-ultra-plat/,https://vital.com.tn/wp-content/uploads/2017/08/ventre-ultra-plat.png,"Coupe faim, Ventre plat",Information non disponible,Gélule,Boite de 30 gélules,Complément alimentaire,Gélule,Complément alimentaire,"['Coupe faim', 'Ventre plat']",Coupe faim,2,0,0,1,0,0,0,0,1,0.5
Rhinoplant,https://vital.com.tn/products/rhinoplant-3/,https://vital.com.tn/wp-content/uploads/2019/06/Rhinoplant-1.png,"Grippe, Rhume","- Nettoie et humidifie la muqueuse nasale - Désobstruction nasale - Solution isotonique, permet d’évacuer les agents infectieux et allergènes",Spray,Flacon de 20 ml,Complément alimentaire,Spray,Complément alimentaire,"['Grippe', 'Rhume']",Grippe,2,3,1,1,0,0,0,0,0,7.0
Pédiakids Shampoing,https://vital.com.tn/products/shampoing-3/,https://vital.com.tn/wp-content/uploads/2019/05/Shampoing.png,Cheveux,- Nettoyant - Adoucissant,Liquide,Flacon de 200 ml,Autre,Liquide,Autre,['Cheveux'],Cheveux,1,2,0,0,0,0,0,0,1,3.25
UNIDERM Anti-tache,https://vital.com.tn/products/uniderm-anti-tache/,https://vital.com.tn/wp-content/uploads/2022/10/UNIDERM-creme-anti-tache.png,Anti-tâches,- Favorise la disparition des taches et les imperfections cutanées - Effet éclaircissant de la peau - Hydrate la peau en profondeur et renouvelle les cellules,Crème,Tube de 45 g,Crème pour la peau,Crème,Crème Pour La Peau,['Anti-tâches'],Anti-tâches,1,3,1,0,0,0,0,1,0,6.75
Mincivit Lait anti vergetures,https://vital.com.tn/products/mincivit-lait-anti-vergetures/,https://vital.com.tn/wp-content/uploads/2021/08/mincicivit-vergetures.png,Vergetures,Aide à tonifier l’épiderme Aide à prévenir la formation des vergetures,Lait,Non spécifié,Autre,Lait,Autre,['Vergetures'],Vergetures,1,1,0,0,0,0,0,0,0,1.75
Ventre Plat,https://vital.com.tn/products/ventreplat/,https://vital.com.tn/wp-content/uploads/2018/08/ventre-plat.png,"Ballonnement et gaz, Digestion",- Régule le transit - Absorbe les toxines et les Gaz - Aide à retrouver un ventre dégonflé,Gélule,Boite de 30 gélules,Autre,Gélule,Autre,"['Ballonnement et gaz', 'Digestion']",Ballonnement et gaz,2,3,0,0,0,0,0,0,1,5.0
Phytofane huile d’argan,https://vital.com.tn/products/phytofane-huile-dargan/,https://vital.com.tn/wp-content/uploads/2022/07/PHYTOPHANE-huile-dargan.png,Cheveux,- Réduit le processus de chute des cheveux - Soin profond pour hydrater et réparer les cheveux secs et cassants - Redonne éclat et brillance aux cheveux,Huile,Contient 120 ml,Huile,Huile,Huile,['Cheveux'],Cheveux,1,3,1,0,0,0,0,1,0,6.75
Vitonic Tonus +,https://vital.com.tn/products/vitonic-tonus-5/,https://vital.com.tn/wp-content/uploads/2017/08/VITONIC-tonus-2.png,"Fatigue intellectuelle, Revitalisant",Information non disponible,Gélule,1 boite de 60 gélules - 30 gélules formule jour - 30 gélules formule nuit,Complément alimentaire,Gélule,Complément alimentaire,"['Fatigue intellectuelle', 'Revitalisant']",Fatigue intellectuelle,2,0,0,1,0,0,0,0,1,0.5
LV PhytoVeine Gélule,https://vital.com.tn/products/phytoveine-3/,https://vital.com.tn/wp-content/uploads/2017/08/Phytoveine.png,"Jambes lourdes, Varices",Information non disponible,Gélule,Boite de 60 gélules,Complément alimentaire,Gélule,Complément alimentaire,"['Jambes lourdes', 'Varices']",Jambes lourdes,2,0,0,1,0,0,0,0,1,0.5
LV Phytocalm,https://vital.com.tn/products/phytocalm-2/,https://vital.com.tn/wp-content/uploads/2017/08/phytocalm-gelules.png,"Anxiété, Dépression",Femme enceinte et allaitante. Troubles de la thyroïde.,Gélules / Gouttes,Boite de 30 gélules/ Flacon de 60 ml,Complément alimentaire,Gélule,Complément alimentaire,"['Anxiété', 'Dépression']",Anxiété,2,1,1,1,0,0,0,0,1,4.0
LV Lanorose,https://vital.com.tn/products/lanorose-3/,https://vital.com.tn/wp-content/uploads/2017/08/Lanorose.png,"Allaitement, Protection de l'aréole mammaire",Information non disponible,Crème pour usage externe,Tube de 35 gr,Crème pour usage externe,Crème,Crème Pour Usage Externe,"['Allaitement', ""Protection de l'aréole mammaire""]",Allaitement,2,0,0,0,0,0,0,1,0,0.5
Guarana,https://vital.com.tn/products/guarana-4/,https://vital.com.tn/wp-content/uploads/2017/08/guarana-1.png,"Brûle graisses, Fatigue",Information non disponible,Gélule,Boite de 30 gélules,Complément alimentaire,Gélule,Complément alimentaire,"['Brûle graisses', 'Fatigue']",Brûle graisses,2,0,0,1,0,0,0,0,1,0.5
Pollen d’abeilles,https://vital.com.tn/products/pollen-dabeilles/,https://vital.com.tn/wp-content/uploads/2017/08/Pollen.png,"Cheveux, Peau",Information non disponible,Gélule,Boite de 60 gélules,Complément alimentaire.,Gélule,Complément alimentaire,"['Cheveux', 'Peau']",Cheveux,2,0,0,1,0,0,0,0,1,0.5
Spiruline,https://vital.com.tn/products/spiruline-4/,https://vital.com.tn/wp-content/uploads/2017/08/Spiruline-1.png,"Revitalisant, Fatigue, Immunité",- immunostimulant - Fortifiant et nutritif - Fortifiant phanère,Gélule,Boite de 60 gélules,Complément alimentaire,Gélule,Complément alimentaire,"['Revitalisant', 'Fatigue', 'Immunité']",Revitalisant,3,3,1,1,0,0,0,0,1,7.25
Pédiakids APITOU N°2 Sans Sucre,https://vital.com.tn/products/pediakids-apitou-n2-sans-sucre/,https://vital.com.tn/wp-content/uploads/2025/02/Pediakids-APITOU-2-sans-sucre.png,"Soulage, Toux, Toux sèche",- Soulager la toux sèche chez les enfants - Calmer les voies respiratoires,Sirop,150 ML,Complément alimentaire,Sirop,Complément alimentaire,"['Soulage', 'Toux', 'Toux sèche']",Soulage,3,2,1,1,0,0,0,0,1,5.75
VASELINE Urée 10%,https://vital.com.tn/products/vaseline-uree-10/,https://vital.com.tn/wp-content/uploads/2024/07/vaseline-uree-10.jpg,"Hydratation, Peau, Réparatrice",• Hydratante • Réparatrice,Crème,35gr,Soin,Crème,Soin,"['Hydratation', 'Peau', 'Réparatrice']",Hydratation,3,1,1,0,0,0,1,1,0,4.25
Dermacné ( crème ),https://vital.com.tn/products/dermacne-creme/,https://vital.com.tn/wp-content/uploads/2021/09/2.png,Peau,Purifier et hydrater la peau en profondeur Réduire les imperfections cutanées Soigner la peau acnéique,Forme non spécifiée,Non spécifié,Autre,Forme non spécifiée,Autre,['Peau'],Peau,1,1,0,0,0,0,0,0,0,1.75
Plantexil Gélule,https://vital.com.tn/products/plantexil-gelule/,https://vital.com.tn/wp-content/uploads/2017/08/Plantexil.png,"Immunité, Toux sèche",Information non disponible,Gélule,Boite de 15 gélules,Autre,Gélule,Autre,"['Immunité', 'Toux sèche']",Immunité,2,0,0,0,0,0,0,0,1,0.5
LV Mélatonuit,https://vital.com.tn/products/melatonuit/,https://vital.com.tn/wp-content/uploads/2017/08/Melatonuit.png,Troubles de sommeil,Femme enceinte ou allaitante,Gélules,Boite de 30 gélules,complément alimentaire,Gélule,Complément alimentaire,['Troubles de sommeil'],Troubles de sommeil,1,1,1,1,0,0,0,0,1,3.75
MULTIBON APIGORGE,https://vital.com.tn/products/multibon-apigorge/,https://vital.com.tn/wp-content/uploads/2022/07/MULTIBON-apigorge.png,Maux de gorge,- Réduit l’inflammation et la douleur au niveau de la gorge - Change l’haleine,Gummies,Boite de 30 gummies,Complément alimentaire,Gummies,Complément alimentaire,['Maux de gorge'],Maux de gorge,1,2,1,1,0,0,0,0,0,5.25
VITONIC Grossesse,https://vital.com.tn/products/vitonic-grossesse-4/,https://vital.com.tn/wp-content/uploads/2023/10/VITONIC-grossesse-15.png,Grossesse,• Supplémentation complète pour la femme enceinte selon les recommandations de l’OMS,Gélules,15 Gélules,Complément alimentaire,Gélule,Complément alimentaire,['Grossesse'],Grossesse,1,1,1,1,0,0,0,0,1,3.75
Oligovit magnésium,https://vital.com.tn/products/oligovit-magnesium-2/,https://vital.com.tn/wp-content/uploads/2022/07/Oligovit-Magnesium.png,"Anti-stress, Fatigue",- Réduire la fatigue - Soutenir le fonctionnement normal des muscles et du système nerveux,Gélule,Boite de 30 gélules,Complément alimentaire,Gélule,Complément alimentaire,"['Anti-stress', 'Fatigue']",Anti-stress,2,2,1,1,0,0,0,0,1,5.5
Plantex vitamine C,https://vital.com.tn/products/plantex-vitamine-c/,https://vital.com.tn/wp-content/uploads/2022/07/Plantex-Vitamine-C.png,"Immunité, Energie, Fatigue",- Contribue à renforcer les défenses immunitaires - Améliore le métabolisme énergétique - Aide à résister au stresse et à la fatigue - Protège des virus ambiants,Sachets,Boite de 12 sachets,Complément alimentaire,Sachet,Complément alimentaire,"['Immunité', 'Energie', 'Fatigue']",Immunité,3,4,1,1,0,0,0,0,1,8.75
HYDRA GEL Nettoyant visage Peau Sèche,https://vital.com.tn/products/hydra-gel-nettoyant-visage-peau-seche-2/,https://vital.com.tn/wp-content/uploads/2023/10/HYDRA-GEL-Nettoyant-visage-Peau-Seche.jpg,"Hydrate, nettoie, Peau, Purifie",• Nettoie • Purifie • Hydrate,Gel,230 ML,Nettoyant visage,Gel,Nettoyant Visage,"['Hydrate', 'nettoie', 'Peau', 'Purifie']",Hydrate,4,1,1,0,0,0,0,1,0,4.5
Pédiakids Calcium & Vit. D3,https://vital.com.tn/products/calcium-vit-d3/,https://vital.com.tn/wp-content/uploads/2017/08/Calcium.png,Ossature,Information non disponible,Sirop,Flacon de 150 ml,Complément alimentaire,Sirop,Complément alimentaire,['Ossature'],Ossature,1,0,0,1,0,0,0,0,1,0.25
Plantyl Sirop,https://vital.com.tn/products/plantyl-sirop/,https://vital.com.tn/wp-content/uploads/2019/06/Plantyl-Syrop.png,"Grippe, Immunité",- Renforce l’immunité et améliore le confort des voies respiratoires supérieures,sirop,Sirop 150 ml,Autre,Sirop,Autre,"['Grippe', 'Immunité']",Grippe,2,1,0,0,0,0,0,0,1,2.0
Minciligne Vitaminé,https://vital.com.tn/products/minciligne-vitamine-2-2/,https://vital.com.tn/wp-content/uploads/2018/08/minciligne-vitamine.png,"Brûle graisses, Coupe faim",- Coupe faim - Obésité - Adjuvant de régime.,Solution buvable,20 Sachets de 10 ml,Complément alimentaire,Solution,Complément alimentaire,"['Brûle graisses', 'Coupe faim']",Brûle graisses,2,3,1,1,0,0,0,0,1,7.0
HYDRA GEL Nettoyant visage Peau Grasse,https://vital.com.tn/products/hydra-gel-nettoyant-visage-peau-grasse-2/,https://vital.com.tn/wp-content/uploads/2023/10/HYDRA-GEL-Nettoyant-visage-Peau-Grasse.jpg,"Matifie, nettoie, Peau, Purifie",• Nettoie • Purifie • Matifie,Gel,230 ML,Nettoyant visage,Gel,Nettoyant Visage,"['Matifie', 'nettoie', 'Peau', 'Purifie']",Matifie,4,1,1,0,0,0,0,1,0,4.5
HYDRASCREEN after sun,https://vital.com.tn/products/hydrascreen-after-sun-2/,https://vital.com.tn/wp-content/uploads/2022/07/Hydrascreen-after-sun.png,"Peau, Protection solaire",- Atténue les effets dus aux agressions lors de l’exposition au soleil - Calme les irritations des peaux sensibles et réactives grâce à ses propriétés apaisantes - Anti-inflammatoires et antimicrobiennes,Forme non spécifiée,Non spécifié,Autre,Forme non spécifiée,Autre,"['Peau', 'Protection solaire']",Peau,2,3,0,0,0,0,0,0,0,5.0
Vitosine Eosine Alcoolisée 2%,https://vital.com.tn/products/vitosine-eosine-alcoolisee-2/,https://vital.com.tn/wp-content/uploads/2024/12/VITOSINE-EOSINE.png,"Anti septique, Eosine, Peau",• Traitement d’appoint pour les affections de la peau. • Antiseptique et asséchant de la peau,Spray,30ml,Soin,Spray,Soin,"['Anti septique', 'Eosine', 'Peau']",Anti septique,3,1,1,0,0,0,1,0,0,4.25
Grossivit vitaminé Sirop bébé et enfant,https://vital.com.tn/products/grossivit-vitamine-sirop-bebe-et-enfant/,https://vital.com.tn/wp-content/uploads/2017/08/grossivit-plus-sirop.png,"Appétit, Prise de poids, Revitalisant",Information non disponible,Sirop,Flacon de 150 ml,Autre,Sirop,Autre,"['Appétit', 'Prise de poids', 'Revitalisant']",Appétit,3,0,0,0,0,0,0,0,1,0.75
Aide minceur,https://vital.com.tn/products/aide-minceur-6/,https://vital.com.tn/wp-content/uploads/2017/08/Aide-minceur-2.png,"Coupe faim, Digestion",Glucomannane,Gélule,Boite de 30 gélules,Complément alimentaire,Gélule,Complément alimentaire,"['Coupe faim', 'Digestion']",Coupe faim,2,1,1,1,0,0,0,0,1,4.0
Vitonic Trio Grossesse,https://vital.com.tn/products/vitonic-trio-grossesse/,https://vital.com.tn/wp-content/uploads/2021/12/Vitonic-Trio.png,Immunité,- Contribue au fonctionnement normal du système immunitaire - Aide à protéger et à renforcer la barrière intestinale - Contribue à un métabolisme énergétique normal et à réduire la fatigue - Aide à protéger les cellules contre le stress oxydatif,Gélule,Boite de 30 gélules,complément alimentaire,Gélule,Complément alimentaire,['Immunité'],Immunité,1,4,1,1,0,0,0,0,1,8.25
MINCILGNE Coupe faim,https://vital.com.tn/products/mincilgne-coupe-faim/,https://vital.com.tn/wp-content/uploads/2018/08/minci-ligne-coupe-fin.png,Coupe faim,Sensation de satiété Piège pour sucres et graisses Digestion facile,Gélules,Boite de 30 Gélules,Complément alimentaire,Gélule,Complément alimentaire,['Coupe faim'],Coupe faim,1,1,1,1,0,0,0,0,1,3.75
HYDRAVERA,https://vital.com.tn/products/hydravera/,https://vital.com.tn/wp-content/uploads/2021/08/2.png,Peau,Stimule le renouvellement cellulaire Facilite le processus de réparation de la peau Réduit les imperfections cutanées et laisse la peau douce et éclatantE,Forme non spécifiée,Non spécifié,Autre,Forme non spécifiée,Autre,['Peau'],Peau,1,1,0,0,0,0,0,0,0,1.75
Pédiakids Apigrip Sans Sucre,https://vital.com.tn/products/pediakids-apigrip-sans-sucre-2/,https://vital.com.tn/wp-content/uploads/2025/02/Pediakids-APIGRIP-sans-sucre.png,"Grippe, Rhume, Soulage","- Anti-grippal - Réduit les signes inflammatoires du rhume - Traitement curatif et préventif, pour soulager le nez et la gorge",Sirop,150 ML,Complément alimentaire,Sirop,Complément alimentaire,"['Grippe', 'Rhume', 'Soulage']",Grippe,3,3,1,1,0,0,0,0,1,7.25
Planthiol Gélule,https://vital.com.tn/products/planthiol-gelule/,https://vital.com.tn/wp-content/uploads/2017/08/Planthiol.png,"Immunité, Toux grasse",Information non disponible,Gélule,Boite de 15 gélules,Complément alimentaire,Gélule,Complément alimentaire,"['Immunité', 'Toux grasse']",Immunité,2,0,0,1,0,0,0,0,1,0.5
VITAL HEALTHCARE SKINCARE Anti-âge intensif,https://vital.com.tn/products/vital-healthcare-skincare-anti-age-intensif-2/,https://vital.com.tn/wp-content/uploads/2023/10/VITAL-HEALTHCARE-SKINCARE-Anti-age-intensif.jpg,"Anti-âge, Beauté & éclat de la peau",• Beauté & éclat de la peau,Capsules moles et gélules,Non spécifié,Complément alimentaire,Gélule,Complément alimentaire,"['Anti-âge', 'Beauté & éclat de la peau']",Anti-âge,2,1,1,1,0,0,0,0,1,4.0
Mincicare,https://vital.com.tn/products/mincicare-3/,https://vital.com.tn/wp-content/uploads/2020/09/Mincicare-1.png,"Drainage, Détox",- Draineur : facilite la perte du poids et stimule l’élimination urinaire des déchets et toxines - Brûleur de graisses : (Omega 3 - CLA) ayant des propriétés amincissantes aide à débarrasser l’organisme des graisses stockées,Capsules moles et gélules,Non spécifié,complément alimentaire,Gélule,Complément alimentaire,"['Drainage', 'Détox']",Drainage,2,3,1,1,0,0,0,0,1,7.0
SWEET slim coupe faim,https://vital.com.tn/products/sweet-slim-coupe-faim/,https://vital.com.tn/wp-content/uploads/2022/07/SWEETslim-coupe-faim.png,"Coupe faim, Elimination des graisses",- Procure une sensation de satiété - Limite les grignotage - Réduit l’absorption des graisses et de sucre,Gummies,Boite de 30 gummies,Complément alimentaire,Gummies,Complément alimentaire,"['Coupe faim', 'Elimination des graisses']",Coupe faim,2,3,1,1,0,0,0,0,0,7.0
CALMO dent,https://vital.com.tn/products/calmo-dent/,https://vital.com.tn/wp-content/uploads/2018/08/calmo-dent.png,Douleur dentaire,- Soulage le mal des dents,Baume Dentaire,Tube de 4gr,Complément alimentaire,Baume Dentaire,Complément alimentaire,['Douleur dentaire'],Douleur dentaire,1,1,1,1,0,0,0,0,0,3.75
Uniderme atténue les taches,https://vital.com.tn/products/uniderme-attenue-les-taches/,https://vital.com.tn/wp-content/uploads/2020/09/Uniderme-Taches.png,Peau,Anti-tâches Eclaircissant,Savon,Non spécifié,Savon,Savon,Savon,['Peau'],Peau,1,1,1,0,0,0,0,0,0,3.75
Pédiakids Spray Nasal,https://vital.com.tn/products/spray-nasal/,https://vital.com.tn/wp-content/uploads/2018/08/Spray-nasal.png,Rhume,- Nettoie et humidifie la muqueuse nasale - Désobstruction nasale - Solution isotonique - Evacue les agents infectieux et allergènes,Liquide,Flacon de 20 ml,Complément alimentaire,Liquide,Complément alimentaire,['Rhume'],Rhume,1,4,1,1,0,0,0,0,1,8.25
HYDRAscreen Lait solaire,https://vital.com.tn/products/hydrascreen-lait-solaire-2/,https://vital.com.tn/wp-content/uploads/2023/10/HYDRAscreen-Lait-solaire.jpg,"Apaise, Hydratation, Hydrate, Protection solaire",• Protège • Apaise • Hydrate,Lait,90 ML,Lait Solaire,Lait,Lait Solaire,"['Apaise', 'Hydratation', 'Hydrate', 'Protection solaire']",Apaise,4,1,1,0,0,0,0,0,0,4.5
Pédiakids vitamine D3,https://vital.com.tn/products/pediakids-vitamine-d3/,https://vital.com.tn/wp-content/uploads/2020/09/Vitamine-D3.png,"Immunité, Carence en Vit D","Allergie connue à la vitamine D3, hypercalcémie, hyper-calciurie, lithiase calcique",Gouttes buvables (1060 gouttes / 35 ml),Flacon de 35 ml,Complément alimentaire,Gouttes,Complément alimentaire,"['Immunité', 'Carence en Vit D']",Immunité,2,1,1,1,0,0,0,0,1,4.0
Mémoire et Concentration,https://vital.com.tn/products/memoire-et-concentration-4/,https://vital.com.tn/wp-content/uploads/2017/08/memoire-et-concentration-1.png,"Concentration, Mémoire",Information non disponible,Gélule,Boite de 30 gélules,Complément alimentaire,Gélule,Complément alimentaire,"['Concentration', 'Mémoire']",Concentration,2,0,0,1,0,0,0,0,1,0.5
LV SESA Gel 45gr,https://vital.com.tn/products/lv-sesa-gel-45gr/,https://vital.com.tn/wp-content/uploads/2023/10/Sesa-Gel-45gr-1.jpg,Cicatrices,#NAME?,Gel,Non spécifié,Autre,Gel,Autre,['Cicatrices'],Cicatrices,1,1,0,0,0,0,0,1,0,1.75
LV Normaprost,https://vital.com.tn/products/normaprost/,https://vital.com.tn/wp-content/uploads/2017/08/Normaprost.png,Prostate,Information non disponible,Gélule,Boite de 60 gélules,Complément alimentaire,Gélule,Complément alimentaire,['Prostate'],Prostate,1,0,0,1,0,0,0,0,1,0.25
HYDRAscreen Huile solaire Pailletée,https://vital.com.tn/products/hydrascreen-huile-solaire-pailletee-2/,https://vital.com.tn/wp-content/uploads/2023/10/HYDRAscreen-Huile-solaire-Pailletee.jpg,"Hydratation, Hydrate, Protection solaire",• Protection • Hydratation • Effet scintillant,Huile,120 ML,Huile solaire,Huile,Huile Solaire,"['Hydratation', 'Hydrate', 'Protection solaire']",Hydratation,3,1,1,0,0,0,0,1,0,4.25
Minciligne Draineur,https://vital.com.tn/products/minciligne-draineur-2/,https://vital.com.tn/wp-content/uploads/2018/08/minciligne-draineur.png,"Coupe faim, Détox, Drainage",- Détoxification du foie - Favorise l’élimination rénale - Stimule la combustion des graisses,Gélule,Boite de 30 Gélules,Complément alimentaire,Gélule,Complément alimentaire,"['Coupe faim', 'Détox', 'Drainage']",Coupe faim,3,3,1,1,0,0,0,0,1,7.25
Dermacne,https://vital.com.tn/products/dermacne-3/,https://vital.com.tn/wp-content/uploads/2019/06/Dermacne-1.png,"Acné, Antiseptique",Soin des peaux acnéiques,Savon,Savon de 90 gr,Savon,Savon,Savon,"['Acné', 'Antiseptique']",Acné,2,1,1,0,0,0,0,0,0,4.0
FONGIDERM Antifongique Cheveux & corps,https://vital.com.tn/products/fongiderm-antifongique-cheveux-corps/,https://vital.com.tn/wp-content/uploads/2024/07/Fongiderm-Antifongique.jpg,"Antifongique, Cheveux, nettoie, Peau",• Nettoie efficacement tout en prenant soin de votre peau et de vos cheveux • Lutte contre les atteintes fongiques. • Préserve l’intégrité du cuir chevelu et des cheveux,Gel,200ML,Soin,Gel,Soin,"['Antifongique', 'Cheveux', 'nettoie', 'Peau']",Antifongique,4,1,1,0,0,0,1,1,0,4.5
TC 2000 Gel,https://vital.com.tn/products/tc-2000-gel/,https://vital.com.tn/wp-content/uploads/2017/08/tc2000-gel.jpg,"Anti-tâches, Exfoliant","Inhibe la synthèse de la mélanine, Exfoliant, Antiradicalaire",Gel,Gel de 30 ml,Autre,Gel,Autre,"['Anti-tâches', 'Exfoliant']",Anti-tâches,2,1,0,0,0,0,0,1,0,2.0
Plantexil Sirop,https://vital.com.tn/products/plantexil/,https://vital.com.tn/wp-content/uploads/2017/08/Plantexil-sirop.png,"Immunité, Toux sèche",Information non disponible,Sirop,Flacon de 150 ml,Complément alimentaire,Sirop,Complément alimentaire,"['Immunité', 'Toux sèche']",Immunité,2,0,0,1,0,0,0,0,1,0.5
MULTIBON VITAMINE C Acérola,https://vital.com.tn/products/multibon-vitamine-c-acerola/,https://vital.com.tn/wp-content/uploads/2022/07/MULTIBON-vitamineC-acerola.png,"Immunité, Energie",- Renforce les défenses naturelles - Apporte l’énergie et la vitalité nécessaire pour un bon état neurologique,Guumies,Boite de 30 gummies,Complément alimentaire,Guumies,Complément alimentaire,"['Immunité', 'Energie']",Immunité,2,2,1,1,0,0,0,0,0,5.5
Dermacné (gélule),https://vital.com.tn/products/dermacne-gelule/,https://vital.com.tn/wp-content/uploads/2021/09/Sans-titre-1.png,Peau,Assainir et purifier la peau en profondeur Elimine les imperfections cutanées dues à l’acné,Forme non spécifiée,Non spécifié,Autre,Forme non spécifiée,Autre,['Peau'],Peau,1,1,0,0,0,0,0,0,0,1.75
Omevie Articulation - 900,https://vital.com.tn/products/omevie-articulation-900/,https://vital.com.tn/wp-content/uploads/2019/06/articulation.png,"Confort articulaire, Douleurs articulaires",- Confort articulaire - Articulation souple et confortable - Soulage les douleurs arthrosiques,Capsule,Boite de 30 capsules,Complément alimentaire,Capsule,Complément alimentaire,"['Confort articulaire', 'Douleurs articulaires']",Confort articulaire,2,3,1,1,0,0,0,0,1,7.0
Pédiakids APITOU N°1 Sans Sucre,https://vital.com.tn/products/pediakids-apitou-n1-sans-sucre/,https://vital.com.tn/wp-content/uploads/2025/02/Pediakids-APITOU-1-sans-sucre.png,"Soulage, Toux, Toux grasse",- Dégage les voies respiratoires - Expectorant - Toux grasse,Sirop,150 ML,Complément alimentaire,Sirop,Complément alimentaire,"['Soulage', 'Toux', 'Toux grasse']",Soulage,3,3,1,1,0,0,0,0,1,7.25
Pédiakids APITOU N°2,https://vital.com.tn/products/pediakids-apitou-n2/,https://vital.com.tn/wp-content/uploads/2017/08/Pediakids-APITOU-2-2.png,Toux sèche,Information non disponible,Sirop,Flacon de 150 ml,Complément alimentaire,Sirop,Complément alimentaire,['Toux sèche'],Toux sèche,1,0,0,1,0,0,0,0,1,0.25
LV Arthroforce Gel,https://vital.com.tn/products/lv-arthroforce-gel/,https://vital.com.tn/wp-content/uploads/2017/08/arthrofoce-tube.png,"Arthrite, Arthrose, Douleurs articulaires","Douleurs articulaires, arthrose, Arthrite, Tendinite",gel,"Tube de 90g, Tube de 45g",complément alimentaire,Gel,Complément alimentaire,"['Arthrite', 'Arthrose', 'Douleurs articulaires']",Arthrite,3,1,1,1,0,0,0,1,0,4.25
LiftCaféine,https://vital.com.tn/products/liftcafeine/,https://vital.com.tn/wp-content/uploads/2017/08/lifcafeine.png,Cellulite,Information non disponible,Gel,Tube de 60 gr,Gel,Gel,Gel,['Cellulite'],Cellulite,1,0,0,0,0,0,0,1,0,0.25
LV Hemostop 60 Gélules,https://vital.com.tn/products/hermostop/,https://vital.com.tn/wp-content/uploads/2020/09/Hermostop-Gelules.png,Hémorroïdes,- Hémorroïdes - Soulage la douleur de la crise hémorroïdaire - Réduit l’inflammation due à l’hémorroïde - Réduit la fréquence des crises hémorroïdaires,Gélule,Non spécifié,Complément alimentaire,Gélule,Complément alimentaire,['Hémorroïdes'],Hémorroïdes,1,4,1,1,0,0,0,0,1,8.25
Grossivit vitaminé Gélule,https://vital.com.tn/products/grossivit-plus-vitamine-2/,https://vital.com.tn/wp-content/uploads/2017/08/grossivit-plus.png,"Prise de poids, Appétit, Revitalisant",Information non disponible,Gélule,Boite de 45 gélules,Complément alimentaire,Gélule,Complément alimentaire,"['Prise de poids', 'Appétit', 'Revitalisant']",Prise de poids,3,0,0,1,0,0,0,0,1,0.75
LV Fersang Sirop,https://vital.com.tn/products/lv-fersang-sirop/,https://vital.com.tn/wp-content/uploads/2017/08/Fersang-sirop.png,"Anémie, Carence en Fer","- Prévention de la carence martiale - Traitement de l’anémie chez l’adulte, l’enfant et la femme enceinte - Restitution des réserves en fer - Fortifie le sang - Faible risque de constipation",sirop,Flacon de 150 ml,Complément alimentaire,Sirop,Complément alimentaire,"['Anémie', 'Carence en Fer']",Anémie,2,5,1,1,0,0,0,0,1,8.5
VITONIC Grossesse,https://vital.com.tn/products/vitonic-grossesse-6/,https://vital.com.tn/wp-content/uploads/2024/07/VITONIC-GROSSESS-90-GELULES.jpg,Grossesse,Supplémentation complète pour la femme enceinte selon les recommandations de l’OMS,Gélules,90 Gélules,Complément alimentaire,Gélule,Complément alimentaire,['Grossesse'],Grossesse,1,1,1,1,0,0,0,0,1,3.75
Mincivit origin,https://vital.com.tn/products/mincivit-origin/,https://vital.com.tn/wp-content/uploads/2020/09/Origin-draineur-express.png,Détox,Detoxifier : purification de l’organisme Drainer : Evacuation des toxines toxiques hors de l’organisme.,Flacon (250 ml),Stimule l'oxydation des graisses et la détoxification du foie.,Complément alimentaire,Flacon (250 Ml),Complément alimentaire,['Détox'],Détox,1,1,1,1,0,0,0,0,0,3.75
Gelée Royale sachet,https://vital.com.tn/products/gelee-royale-sachet/,https://vital.com.tn/wp-content/uploads/2017/05/Gelee-royale-ampoule.png,"Immunité, Fortifiant",Information non disponible,sachet,20 sachets,Complément alimentaire,Sachet,Complément alimentaire,"['Immunité', 'Fortifiant']",Immunité,2,0,0,1,0,0,0,0,1,0.5
Dermalo,https://vital.com.tn/products/dermalo-3/,https://vital.com.tn/wp-content/uploads/2017/05/Dermalo-1.png,"Antiseptique, Eczéma",Information non disponible,Savon,Savon de 100 gr,Savon dermatologique,Savon,Savon Dermatologique,"['Antiseptique', 'Eczéma']",Antiseptique,2,0,0,0,0,0,0,0,0,0.5
HYDRAscreen Huile solaire,https://vital.com.tn/products/hydrascreen-huile-solaire-2/,https://vital.com.tn/wp-content/uploads/2023/10/HYDRAscreen-Huile-solaire-.jpg,"Hydratation, Hydrate, Protection solaire",• Protection • Hydratation • Effet scintillant,Huile,120 ML,Huile solaire,Huile,Huile Solaire,"['Hydratation', 'Hydrate', 'Protection solaire']",Hydratation,3,1,1,0,0,0,0,1,0,4.25
PLANTHÉRAPIE PLANTEX RHUME,https://vital.com.tn/products/plantherapie-plantex-rhume-2/,https://vital.com.tn/wp-content/uploads/2023/10/PLANTHERAPIE-PLANTEX-RHUME.jpg,Immunité,- Aide à soutenir les défenses naturelles pendant les périodes hivernales - Contribue à réduire la fatigue,Sachets,Non spécifié,Autre,Sachet,Autre,['Immunité'],Immunité,1,2,0,0,0,0,0,0,1,3.25
Plantex,https://vital.com.tn/products/plantex-3/,https://vital.com.tn/wp-content/uploads/2017/08/Plantex.png,"Grippe, Rhume",Information non disponible,Gélule,Une boîte de 30 Gélules : Formule Jour et formule Nuit,Autre,Gélule,Autre,"['Grippe', 'Rhume']",Grippe,2,0,0,0,0,0,0,0,1,0.5
Vitonic Fertilité,https://vital.com.tn/products/vitonic-fertilite-3/,https://vital.com.tn/wp-content/uploads/2017/08/VITONIC-fertilite-1.png,Fertilité masculine,Information non disponible,Gélule,une boite contenant huit tablettes de 15 gélules,Complément alimentaire,Gélule,Complément alimentaire,['Fertilité masculine'],Fertilité masculine,1,0,0,1,0,0,0,0,1,0.25
Angiplant Spray,https://vital.com.tn/products/angiplant-spray-2/,https://vital.com.tn/wp-content/uploads/2019/06/angi.png,"Grippe, Immunité","- Triple action: Antiseptique, anti-inflammatoire et cicatrisante de la gorge - Apaise, adoucit et assainit la gorge",Spray,Spray 20 ml,Complément alimentaire,Spray,Complément alimentaire,"['Grippe', 'Immunité']",Grippe,2,2,1,1,0,0,0,0,0,5.5
Pédiakids Multi Vitamines Banane,https://vital.com.tn/products/multi-vitamines-3/,https://vital.com.tn/wp-content/uploads/2021/08/multivitamines-2.png,Immunité,Une croissance équilibrée Optimiser les apports en vitamines et minéraux chez les jeunes enfants,Forme non spécifiée,Non spécifié,Autre,Forme non spécifiée,Autre,['Immunité'],Immunité,1,1,0,0,0,0,0,0,0,1.75
MULTIBON OMEGA 3,https://vital.com.tn/products/multibon-omega-3/,https://vital.com.tn/wp-content/uploads/2022/07/MULTIBON-omega3.png,"Concentration, Développement cérébral",- Participe à la croissance et le bon développement des enfants - Soutient les fonctions cognitives et renforce la concentration et la mémorisation,Gummies,Boite de 30 gummies,Complément alimentaire,Gummies,Complément alimentaire,"['Concentration', 'Développement cérébral']",Concentration,2,2,1,1,0,0,0,0,0,5.5
Pédiakids APITOU N°1,https://vital.com.tn/products/pediakids-apitou-n1/,https://vital.com.tn/wp-content/uploads/2017/08/Pediakids-APITOU-1-1.png,Toux grasse,Information non disponible,Sirop,Flacon de 150 ml,Complément alimentaire,Sirop,Complément alimentaire,['Toux grasse'],Toux grasse,1,0,0,1,0,0,0,0,1,0.25
LV Tetra B,https://vital.com.tn/products/tetra-b-4/,https://vital.com.tn/wp-content/uploads/2020/09/Tetra-B-site.png,Equilibre métabolique,- Production d’énergie - Équilibre du système nerveux - Prévention cardiovasculaire - Renouvellement cellulaire,gélule,Non spécifié,Complément alimentaire,Gélule,Complément alimentaire,['Equilibre métabolique'],Equilibre métabolique,1,4,1,1,0,0,0,0,1,8.25
Vitosine Eosine Aqueuse 2%,https://vital.com.tn/products/vitosine-eosine-aqueuse-2/,https://vital.com.tn/wp-content/uploads/2023/11/Vitosine.jpg,"Eosine, Peau, Solution cutanée asséchante","Nettoie et assèche les lésions de la peau susceptibles de se surinfecter, notamment nouveau-né (cordon ombilical et érythème fessier).",Spray,30ML,Nettoyer et assécher la peau,Spray,Nettoyer Et Assécher La Peau,"['Eosine', 'Peau', 'Solution cutanée asséchante']",Eosine,3,1,1,0,0,0,0,0,0,4.25
Pédiakids Immunovit,https://vital.com.tn/products/immunovit/,https://vital.com.tn/wp-content/uploads/2018/08/Immunovit-1.png,Immunité,- Traitement préventif en période pré-hivernale - Stimulation des défenses naturelles - Efficace pour faire face aux bronchites à répétition,Sirop,Flacon de 150 ml,Complément alimentaire,Sirop,Complément alimentaire,['Immunité'],Immunité,1,3,1,1,0,0,0,0,1,6.75
Planthérapie Plantexil Sans sucre,https://vital.com.tn/products/plantherapie-plantexil-sans-sucre-2/,https://vital.com.tn/wp-content/uploads/2023/10/Plantherapie-Plantexil-Sans-sucre-1.jpg,"Confort respiratoire, Toux sèche",• Calme les voies respiratoires • Toux sèche,Sirop,150 ML,Complément alimentaire,Sirop,Complément alimentaire,"['Confort respiratoire', 'Toux sèche']",Confort respiratoire,2,1,1,1,0,0,0,0,1,4.0
LV Diabemin,https://vital.com.tn/products/diabemin-3/,https://vital.com.tn/wp-content/uploads/2017/08/Diabemin.png,Glycémie,Information non disponible,Gélule,Boite de 30 gélules,Complément alimentaire,Gélule,Complément alimentaire,['Glycémie'],Glycémie,1,0,0,1,0,0,0,0,1,0.25
Dermagyn 200 ml,https://vital.com.tn/products/dermagyn-200-ml/,https://vital.com.tn/wp-content/uploads/2021/08/geeel.png,Hygiène Intime,- Protège et apaise l’irritation - Hygiène intime au quotidien - Procure fraicheur et confort tout au long de la journée - PH adapté à la flore vaginale,Forme non spécifiée,Non spécifié,Autre,Forme non spécifiée,Autre,['Hygiène Intime'],Hygiène Intime,1,4,0,0,0,0,0,0,0,6.25
Planthérapie Allergiplant,https://vital.com.tn/products/plantherapie-allergiplant-2/,https://vital.com.tn/wp-content/uploads/2023/10/Plantherapie-Allergiplant.jpg,"Allergie, Immunité",• Équilibre la réponse du système immunitaire de l’organisme,Sachets,20 Sachets,Complément alimentaire,Sachet,Complément alimentaire,"['Allergie', 'Immunité']",Allergie,2,1,1,1,0,0,0,0,1,4.0
SWEET bronzage,https://vital.com.tn/products/sweet-bronzage-2/,https://vital.com.tn/wp-content/uploads/2022/07/SWEET-bronzage.png,"Peau, Anti-âge, Protection solaire",- Prolonge le teint bronzé des zones exposées pour une durée plus longue - Renforce les défenses contre l’agressions des rayons UV - Diminution des lésions induites par la photosensibilité - Puissants pigments naturels permettant de limiter les effets néfastes du soleil sur la peau - Effet bonne mine et peau saine - Diminue le risque de vieillissement secondaire à l’exposition - Anti-oxydant & anti-âge,Gummies,Boite de 30 gummies,Complément alimentaire,Gummies,Complément alimentaire,"['Peau', 'Anti-âge', 'Protection solaire']",Peau,3,7,1,1,0,0,0,0,0,8.75
LV Hemostop Crème 45 gr,https://vital.com.tn/products/lv-hemostop-creme/,https://vital.com.tn/wp-content/uploads/2020/09/hemostop.png,Hémorroïdes,- Hémorroïdes - Soulage la douleur de la crise hémorroïdaire - Réduit l’inflammation due à l’hémorroïde - Réduit la fréquence des crises hémorroïdaires,Crème 45 gr,Non spécifié,Autre,Crème,Autre,['Hémorroïdes'],Hémorroïdes,1,4,0,0,0,0,0,1,0,6.25
Angiplant Sirops,https://vital.com.tn/products/angiplant/,https://vital.com.tn/wp-content/uploads/2019/06/Agiplant.png,"Grippe, Immunité","- Triple action: Antiseptique, anti-inflammatoire et cicatrisante de la gorge - Apaise, adoucit et assainit la gorge",Sirop,Flacon de 150 ml,Complément alimentaire,Sirop,Complément alimentaire,"['Grippe', 'Immunité']",Grippe,2,2,1,1,0,0,0,0,1,5.5
Pédiakids Spray Gorge,https://vital.com.tn/products/spray-gorge/,https://vital.com.tn/wp-content/uploads/2018/08/Spray-gorge.png,Maux de gorge,"- Triple action: Antiseptique, Anti-inflammatoire et cicatrisante de la gorge - Apaise adoucit et assainit la gorge",Liquide,Flacon 20 ml,Complément alimentaire,Liquide,Complément alimentaire,['Maux de gorge'],Maux de gorge,1,2,1,1,0,0,0,0,1,5.25
Planthiol Sirop,https://vital.com.tn/products/planthiol/,https://vital.com.tn/wp-content/uploads/2017/08/Planthiol-Sirop.png,"Immunité, Toux grasse",Information non disponible,Gélule,Flacon de 150 ml,Complément alimentaire,Gélule,Complément alimentaire,"['Immunité', 'Toux grasse']",Immunité,2,0,0,1,0,0,0,0,1,0.5
Uniderme peau sèche,https://vital.com.tn/products/uniderme-peau-seche/,https://vital.com.tn/wp-content/uploads/2020/09/Uniderm-peau-seche.png,Peau,"Savon nourrissant et hydratant, spécifique pour la peau sèche",Savon,Non spécifié,Savon,Savon,Savon,['Peau'],Peau,1,1,1,0,0,0,0,0,0,3.75
Omevie Cardio - 900,https://vital.com.tn/products/omevie-cardio-900/,https://vital.com.tn/wp-content/uploads/2019/06/cardio.png,"Cholestérol, Immunité, Maladies cardiovasculaires",- Renforce l’immunité - Contribue au fonctionnement normal du système cardio-vasculaire - Réduit le taux des lipides et des LDL- cholestérol,Capsule,Boite de 30 capsules,Complément alimentaire,Capsule,Complément alimentaire,"['Cholestérol', 'Immunité', 'Maladies cardiovasculaires']",Cholestérol,3,4,1,1,0,0,0,0,1,8.75
MULTIBON CALCIUM-VIT.D3,https://vital.com.tn/products/multibon-calcium-vit-d3-2/,https://vital.com.tn/wp-content/uploads/2022/07/MULTIBON-calcium-Vit.D3.png,Ossature,- Permet un apport quotidien en calcium - Améliore le développement et la croissance des os et dents,Gummies,Boite de 30 gummies,Complément alimentaire,Gummies,Complément alimentaire,['Ossature'],Ossature,1,2,1,1,0,0,0,0,0,5.25
Amincissant Actif,https://vital.com.tn/products/amincissant-actif/,https://vital.com.tn/wp-content/uploads/2017/05/Amincissant-Actif.png,"Elimination des graisses, Ventre plat",Information non disponible,Gélule,Boite de 30 gélules,Complément alimentaire,Gélule,Complément alimentaire,"['Elimination des graisses', 'Ventre plat']",Elimination des graisses,2,0,0,1,0,0,0,0,1,0.5
Pédiakids Apigorge,https://vital.com.tn/products/pediakids-apigorge/,https://vital.com.tn/wp-content/uploads/2020/09/Apigorge.png,Maux de gorge,"- Triple action: Antiseptique, anti-inflammatoire et cicatrisante de la gorge - Traitement d’appoint de l’inflammation aigue de la gorge",Sirop,Flacon de 150 ml,Complément alimentaire,Sirop,Complément alimentaire,['Maux de gorge'],Maux de gorge,1,2,1,1,0,0,0,0,1,5.25
Levure de bière,https://vital.com.tn/products/levure-de-biere/,https://vital.com.tn/wp-content/uploads/2017/08/levure-de-biere.png,"Cheveux, Angle, Peau",Information non disponible,Gélule,Boite de 60 gélules / 180 gélules,Complément alimentaire,Gélule,Complément alimentaire,"['Cheveux', 'Angle', 'Peau']",Cheveux,3,0,0,1,0,0,0,0,1,0.75
Uniderme peau sensible,https://vital.com.tn/products/uniderme-peau-sensible-2/,https://vital.com.tn/wp-content/uploads/2020/09/Uniderme-peau-sensible.png,Peau,"Savon unifiant et apaisant, spécifique pour la peau sensible",Savon,Non spécifié,Savon,Savon,Savon,['Peau'],Peau,1,1,1,0,0,0,0,0,0,3.75
Coenzyme Q10,https://vital.com.tn/products/coenzyme-q10/,https://vital.com.tn/wp-content/uploads/2019/05/Q10-1.png,"Brûle graisses, Cholestérol",Information non disponible,Gélule,Boite de 30 gélules,Complément alimentaire,Gélule,Complément alimentaire,"['Brûle graisses', 'Cholestérol']",Brûle graisses,2,0,0,1,0,0,0,0,1,0.5
Pédiakids Pommade change INTENSIVE,https://vital.com.tn/products/pediakids-pommade-change-intensive/,https://vital.com.tn/wp-content/uploads/2022/08/Pommade-change-intensive.png,"Erythèmes, soin bébé",Information non disponible,Crème,Tube de 40 gr,Crème pour la peau,Crème,Crème Pour La Peau,"['Erythèmes', 'soin bébé']",Erythèmes,2,0,0,0,0,0,0,1,0,0.5
LV Sesa,https://vital.com.tn/products/sesa-2/,https://vital.com.tn/wp-content/uploads/2020/09/Sesa.png,Cicatrices,"- Favorise la cicatrisation et la réparation dermique - Brûlures de premier degré & second degré superficielles et profondes - Plaies chroniques (escarres de lit, pied de diabétique), - ulcères des jambes, plaies chirurgicales y compris obstétriques",Pommade,Non spécifié,complément alimentaire,Pommade,Complément alimentaire,['Cicatrices'],Cicatrices,1,4,1,1,0,0,0,1,0,8.25
Vitonic sénior,https://vital.com.tn/products/vitonic-senior-3/,https://vital.com.tn/wp-content/uploads/2017/08/VITONIC-senior-1.png,"Concentration, Mémoire",Information non disponible,Gélule / Goutte,Boite contenant de 30 gélules / un flacon en PET de 60 ml+ une pipette.,Complément alimentaire,Gélule,Complément alimentaire,"['Concentration', 'Mémoire']",Concentration,2,0,0,1,0,0,0,0,1,0.5
Planthérapie Planthiol Sans sucre,https://vital.com.tn/products/plantherapie-planthiol-sans-sucre-2/,https://vital.com.tn/wp-content/uploads/2023/10/Plantherapie-Planthiol-Sans-sucre-1.jpg,"Confort respiratoire, Toux grasse",• Dégage les voies respiratoires • Toux grasse,Sirop,150 ML,Complément alimentaire,Sirop,Complément alimentaire,"['Confort respiratoire', 'Toux grasse']",Confort respiratoire,2,1,1,1,0,0,0,0,1,4.0
Minciligne Postnatale,https://vital.com.tn/products/minciligne-postnatale/,https://vital.com.tn/wp-content/uploads/2018/08/minciligne-postnatale.png,"Brûle graisses, Cellulite, Drainage",Drainage Obésité Adjuvant de régime,Solution buvable,Flacon de 275 ml,Complément alimentaire,Solution,Complément alimentaire,"['Brûle graisses', 'Cellulite', 'Drainage']",Brûle graisses,3,1,1,1,0,0,0,0,1,4.25
Vitonic Zinc Vit.D3,https://vital.com.tn/products/vitonic-zinc-vit-d3/,https://vital.com.tn/wp-content/uploads/2021/12/Vitonic-Zin.png,Immunité,- Aide à renforcer le système immunitaire - Participe à la régulation de l’immunité - Le maintien et le développement des cellules dans le système immunitaire - Bon fonctionnement du système immunitaire et système redox,Gélule,Boite de 30 gélules,complément alimentaire,Gélule,Complément alimentaire,['Immunité'],Immunité,1,4,1,1,0,0,0,0,1,8.25
Pédiakids Huile de massage sommeil,https://vital.com.tn/products/huile-de-massage-sommeil/,https://vital.com.tn/wp-content/uploads/2021/08/huile.png,soin bébé,Nourrit et hydrate la peau du bébé et nourrisson sans la graisser Apaise le bébé et calme ses agitations,Forme non spécifiée,Non spécifié,Autre,Forme non spécifiée,Autre,['soin bébé'],soin bébé,1,1,0,0,0,0,0,0,0,1.75
HYDRA GEL - CRÈME Nettoyant visage,https://vital.com.tn/products/hydra-gel-creme-nettoyant-visage-2/,https://vital.com.tn/wp-content/uploads/2023/10/HYDRA-GEL-CREME-Nettoyant-visage-1-1.jpg,"Hydrate, nettoie, Peau",• Nettoie • Hydrate • Apaise,Gel Crème,250 ML,Nettoyant visage,Crème,Nettoyant Visage,"['Hydrate', 'nettoie', 'Peau']",Hydrate,3,1,1,0,0,0,0,1,0,4.25
Minciligne Jeune & Ado,https://vital.com.tn/products/minciligne-jeune-ado-2/,https://vital.com.tn/wp-content/uploads/2021/12/Minciligne-jeune-ado.png,"Brûle graisses, Drainage",- Draineur - Adjuvant de régime amincissant,Solution buvable,275ml,Complément alimentaire,Solution,Complément alimentaire,"['Brûle graisses', 'Drainage']",Brûle graisses,2,2,1,1,0,0,0,0,1,5.5
Omevie Grossesse - 1000,https://vital.com.tn/products/omevie-grossesse-1000/,https://vital.com.tn/wp-content/uploads/2019/06/grosesse.png,Grossesse,Favorise le développement et la croissance du Fœtus Assure le bon fonctionnement du système immunitaire Assure le bon fonctionnement cognitif et l’apprentissage au début de la vie,Capsule,Boite de 30 capsules,Complément alimentaire,Capsule,Complément alimentaire,['Grossesse'],Grossesse,1,1,1,1,0,0,0,0,1,3.75
Vinaigre de cidre,https://vital.com.tn/products/vinaigre-de-cidre-4/,https://vital.com.tn/wp-content/uploads/2017/08/vinaigre-de-cidre-1.png,"Cholestérol, Brûle graisses",Information non disponible,Liquide,Flacon de 250ml,Complément alimentaire,Liquide,Complément alimentaire,"['Cholestérol', 'Brûle graisses']",Cholestérol,2,0,0,1,0,0,0,0,1,0.5
Pédiakids Oméga 3,https://vital.com.tn/products/pediakids-omega-3/,https://vital.com.tn/wp-content/uploads/2017/08/Pediakids-omega-3.png,"Concentration, Développement cérébral",Information non disponible,Sirop,Flacon de 90 ml,Complément alimentaire,Sirop,Complément alimentaire,"['Concentration', 'Développement cérébral']",Concentration,2,0,0,1,0,0,0,0,1,0.5
Pédiakids Apinez,https://vital.com.tn/products/apinez-2/,https://vital.com.tn/wp-content/uploads/2020/09/Apinez.png,"Rhume, Nez bouché",- Dégage les voies respiratoires - Soulage les symptômes du rhume et la sensation de nez bouché,Sirop,Non spécifié,Autre,Sirop,Autre,"['Rhume', 'Nez bouché']",Rhume,2,2,0,0,0,0,0,0,1,3.5
ARGIDERM,https://vital.com.tn/products/argiderm-3/,https://vital.com.tn/wp-content/uploads/2017/05/Argiderm-1.png,Antiseptique,Information non disponible,Savon,Savon de 90 gr,Savon dermatologique,Savon,Savon Dermatologique,['Antiseptique'],Antiseptique,1,0,0,0,0,0,0,0,0,0.25
LV Crème Dalibour,https://vital.com.tn/products/creme-dalibour/,https://vital.com.tn/wp-content/uploads/2017/08/Dalibour-creme-packaging.png,"Cicatrices, Peau",Information non disponible,Crème pour usage externe,Tube de 40 gr,Crème pour usage externe,Crème,Crème Pour Usage Externe,"['Cicatrices', 'Peau']",Cicatrices,2,0,0,0,0,0,0,1,0,0.5
Pédiakids Sommeil Calme,https://vital.com.tn/products/pediakids-sommeil-calme/,https://vital.com.tn/wp-content/uploads/2017/08/Sommeil-calme.png,Troubles de sommeil,Information non disponible,Sirop,Flacon de 150 ml,Complément alimentaire,Sirop,Complément alimentaire,['Troubles de sommeil'],Troubles de sommeil,1,0,0,1,0,0,0,0,1,0.25
PHYTOFANE Shampooing Antipelliculaire,https://vital.com.tn/products/phytofane-shampooing-antipelliculaire-2/,https://vital.com.tn/wp-content/uploads/2024/07/Phytofane-Shampooing-Antipelliculaire.jpg,"Antipelliculaire, Cheveux",Élimine efficacement et durablement les pellicules,Shampooing,200ML,Soin Capillaire,Shampooing,Soin Capillaire,"['Antipelliculaire', 'Cheveux']",Antipelliculaire,2,1,1,0,0,0,1,0,0,4.0
Minciligne Brûle Graisse,https://vital.com.tn/products/minciligne-brule-graisse-2/,https://vital.com.tn/wp-content/uploads/2018/08/minici-ligne-brule-graisse.png,"Brûle graisses, Détox",- Perte de poids - Stimule la thermogenèse - Élimine et déstocke les graisses,Gélule,Boite de 20 Gélules,Complément alimentaire,Gélule,Complément alimentaire,"['Brûle graisses', 'Détox']",Brûle graisses,2,3,1,1,0,0,0,0,1,7.0
LV PhytoVeine Gel,https://vital.com.tn/products/lv-phytoveine-gel/,https://vital.com.tn/wp-content/uploads/2021/06/phytpveine-gel.png,"Varices, Jambes lourdes",- Soulage les douleurs des jambes lourdes - Stimule la circulation sanguine,Gel,Tube de 90 gr,Gel pour massage,Gel,Gel Pour Massage,"['Varices', 'Jambes lourdes']",Varices,2,2,1,0,0,0,0,1,0,5.5
LV GINKO Extra,https://vital.com.tn/products/lv-ginko-extra-2/,https://vital.com.tn/wp-content/uploads/2023/10/LV-GINKO-Extra-70ml.jpg,"Concentration, Mémoire",• Améliore la mémoire et la concentration chez les adultes • Traite la claudication intermittente • Traite les acouphènes,Gouttes,70 ML,Complément alimentaire,Gouttes,Complément alimentaire,"['Concentration', 'Mémoire']",Concentration,2,1,1,1,0,0,0,0,1,4.0
Mincivit Detox,https://vital.com.tn/products/mincivit-detox/,https://vital.com.tn/wp-content/uploads/2020/09/Detox.png,Détox,- Favorise le drainage des toxines - Stimule les fonctions dépuratives rénales - Adjuvant du régime amincissant,Flacon (250 ml),Non spécifié,Complément alimentaire,Flacon (250 Ml),Complément alimentaire,['Détox'],Détox,1,3,1,1,0,0,0,0,0,6.75
Pédiakids Savon extra doux,https://vital.com.tn/products/savon-extra-doux-3/,https://vital.com.tn/wp-content/uploads/2018/08/Savon-extra-doux.png,Peau,- Nettoie et hydrate la peau de bébé,Savon,Savon de 100 g,Savon,Savon,Savon,['Peau'],Peau,1,1,1,0,0,0,0,0,0,3.75
Magnésium,https://vital.com.tn/products/magnesium/,https://vital.com.tn/wp-content/uploads/2019/05/Magnesium-2.png,"Fatigue, Stress",Information non disponible,Gélule,Boite de 60 gélules,Complément alimentaire,Gélule,Complément alimentaire,"['Fatigue', 'Stress']",Fatigue,2,0,0,1,0,0,0,0,1,0.5
Vitonic Fer Grossesse,https://vital.com.tn/products/vitonic-fer-grossesse/,https://vital.com.tn/wp-content/uploads/2018/08/VITONIC-fer-grossesse.png,Grossesse,- Palier les carences en fer - Apport en vitamines et oligo-éléments - Réduit les nausées matinales au cours de la grossesse,Gélule,Boite de 30 gélules,Complément alimentaire,Gélule,Complément alimentaire,['Grossesse'],Grossesse,1,3,1,1,0,0,0,0,1,6.75
Vitonic Examens,https://vital.com.tn/products/vitonic-examens-2/,https://vital.com.tn/wp-content/uploads/2017/08/VITONIC-examens.png,"Concentration, Fatigue intellectuelle",Information non disponible,Gélule,Boite de 45 gélules,Complément alimentaire,Gélule,Complément alimentaire,"['Concentration', 'Fatigue intellectuelle']",Concentration,2,0,0,1,0,0,0,0,1,0.5
PHYTOFANE Lotion Antipelliculaire,https://vital.com.tn/products/phytofane-lotion-antipelliculaire-2/,https://vital.com.tn/wp-content/uploads/2023/10/PHYTOFANE-Lotion-Antipelliculaire.jpg,"Antipelliculaire, Cheveux",• Elimine efficacement et durablement les pellicules,Lotion,200 ML,Lotion antipelliculaire,Lotion,Lotion Antipelliculaire,"['Antipelliculaire', 'Cheveux']",Antipelliculaire,2,1,1,0,0,0,0,1,0,4.0
Pédiakids COLIGAZ,https://vital.com.tn/products/pediakids-coligaz/,https://vital.com.tn/wp-content/uploads/2017/08/Coligaz.png,Ballonnement et gaz,Information non disponible,Goutte,Flacon de 35 ml,Complément alimentaire,Gouttes,Complément alimentaire,['Ballonnement et gaz'],Ballonnement et gaz,1,0,0,1,0,0,0,0,1,0.25
Vitonic Grossesse,https://vital.com.tn/products/vitonic-grossesse-2/,https://vital.com.tn/wp-content/uploads/2017/08/VITONIC-grossesse.png,Grossesse,Information non disponible,Gélule,Boite de 30 gélules,Complément alimentaire,Gélule,Complément alimentaire,['Grossesse'],Grossesse,1,0,0,1,0,0,0,0,1,0.25
Allergiplant,https://vital.com.tn/products/allergiplant/,https://vital.com.tn/wp-content/uploads/2021/08/Echizinc-–-1.png,"Allergie, Immunité",Equilibre la réponse du système immunitaire de l’organisme,Forme non spécifiée,Non spécifié,Autre,Forme non spécifiée,Autre,"['Allergie', 'Immunité']",Allergie,2,1,0,0,0,0,0,0,0,2.0
HYDRAFINE,https://vital.com.tn/products/hydrafine/,https://vital.com.tn/wp-content/uploads/2021/08/1.png,Peau,- Permet d’atténuer les brûlures superficielles du premier degré - Favorise la cicatrisation rapide avec une bonne hydratation de la peau - Apaise les piqûres et les rougeurs,Forme non spécifiée,Non spécifié,Autre,Forme non spécifiée,Autre,['Peau'],Peau,1,3,0,0,0,0,0,0,0,4.75
LV Cysprotect,https://vital.com.tn/products/cysprorect/,https://vital.com.tn/wp-content/uploads/2017/08/Cysprotect.png,"Cystites, Infection urinaire",Information non disponible,Gélule,Boite de 30 gélules,Complément alimentaire,Gélule,Complément alimentaire,"['Cystites', 'Infection urinaire']",Cystites,2,0,0,1,0,0,0,0,1,0.5
Plantyl capsule,https://vital.com.tn/products/plantyl-3/,https://vital.com.tn/wp-content/uploads/2019/06/Plantyl-1.png,"Grippe, Immunité",- Renforce l’immunité et améliore le confort des voies respiratoires supérieures,Capsule,Boite de 15 capsules,Complément alimentaire,Capsule,Complément alimentaire,"['Grippe', 'Immunité']",Grippe,2,1,1,1,0,0,0,0,1,4.0
