session_id,rep_id,rep_name,session_number,date,time,simulation_type,difficulty_level,product,objection_scenario,attempts,duration_minutes,scientific_accuracy_score,communication_clarity_score,objection_handling_score,overall_score,improvement_from_previous,improvement_percentage,progress_status,feedback,skills_worked,coaching_received,certification_status
SIM00001,REP001,Ahmed Ben Ali,1,2025-10-01,11:00,Simulation Pharmacien,Débutant,Vitonic Tonus,Posologie complexe,1,36,3.8,3.8,3.6,3.7,0.0,0.0,Nécessite pratique,Besoin de plus de pratique sur ce scénario.,Argumentation scientifique,Oui - Coaching intensif,En formation
SIM00002,REP001,Ahmed Ben Ali,2,2025-10-07,11:00,Simulation Pharmacien,Débutant,PHYTOFANE Lotion anti chute,Posologie complexe,5,28,3.6,4.0,3.9,3.8,0.1,2.7,Nécessite pratique,Besoin de plus de pratique sur ce scénario.,Closing technique,Oui - Coaching intensif,En formation
SIM00003,REP001,Ahmed Ben Ali,3,2025-10-19,13:30,Simulation Pharmacien,Débutant,Vitonic Tonus,Efficacité douteuse,3,18,3.6,3.7,4.1,3.8,0.0,0.0,Nécessite pratique,Travaillez la structure de votre argumentation.,"Argumentation scientifique, Écoute active",Oui - Coaching intensif,En formation
SIM00004,REP001,Ahmed Ben Ali,4,2025-10-13,14:00,Simulation Pharmacien,Intermédiaire,Omevie Omega 3 – 1000,Posologie complexe,3,33,3.3,3.3,3.5,3.4,-0.4,-10.5,Nécessite pratique,Revoyez la documentation produit pour plus de précision.,Gestion objections,Oui - Coaching intensif,En formation
SIM00005,REP001,Ahmed Ben Ali,5,2025-10-17,14:30,Simulation Médecin,Intermédiaire,OLIGOVIT Trio,Efficacité douteuse,3,26,3.4,3.5,3.8,3.6,0.2,5.9,Nécessite pratique,Travaillez la structure de votre argumentation.,Empathie client,Oui - Coaching intensif,En formation
SIM00006,REP001,Ahmed Ben Ali,6,2025-10-26,16:00,Simulation Pharmacien,Intermédiaire,LV CYSPROTECT,Stock suffisant,3,44,3.8,3.9,3.8,3.8,0.2,5.6,Nécessite pratique,Besoin de plus de pratique sur ce scénario.,Argumentation scientifique,Oui - Coaching intensif,En formation
SIM00007,REP001,Ahmed Ben Ali,7,2025-11-18,14:30,Simulation Pharmacien,Intermédiaire,PHYTOFANE Lotion anti chute,Effets secondaires,3,25,3.7,3.9,4.0,3.9,0.1,2.6,Nécessite pratique,Travaillez la structure de votre argumentation.,"Gestion objections, Communication claire",Oui - Coaching intensif,En formation
SIM00008,REP001,Ahmed Ben Ali,8,2025-11-05,11:30,Simulation Médecin,Avancé,"Echinacée, Zinc, Vit.C",Concurrence,1,19,3.5,3.3,3.2,3.3,-0.6,-15.4,Nécessite pratique,Besoin de plus de pratique sur ce scénario.,Closing technique,Oui - Coaching intensif,En formation
SIM00009,REP001,Ahmed Ben Ali,9,2025-11-10,14:00,Cas Complexe Multi-Objections,Avancé,"Echinacée, Zinc, Vit.C",Effets secondaires,2,31,3.5,3.7,3.8,3.7,0.4,12.1,Nécessite pratique,Travaillez la structure de votre argumentation.,"Argumentation scientifique, Empathie client, Communication claire",Oui - Coaching intensif,En formation
SIM00010,REP001,Ahmed Ben Ali,10,2025-12-12,09:30,Cas Complexe Multi-Objections,Avancé,Vitonic Tonus,Stock suffisant,1,45,3.9,3.9,3.9,3.9,0.2,5.4,Nécessite pratique,Besoin de plus de pratique sur ce scénario.,"Argumentation scientifique, Communication claire, Gestion objections",Oui - Coaching intensif,En formation
SIM00011,REP001,Ahmed Ben Ali,11,2025-11-20,13:00,Simulation Médecin,Avancé,OLIGOVIT Trio,Stock suffisant,1,18,4.1,4.2,4.0,4.1,0.2,5.1,Nécessite pratique,Revoyez la documentation produit pour plus de précision.,Argumentation scientifique,Oui - Coaching intensif,En formation
SIM00012,REP001,Ahmed Ben Ali,12,2025-12-06,17:00,Simulation Médecin,Avancé,LV CYSPROTECT,Prix élevé,1,19,4.1,4.3,3.7,4.0,-0.1,-2.4,Nécessite pratique,Travaillez la structure de votre argumentation.,"Écoute active, Gestion objections, Empathie client",Oui - Coaching intensif,En formation
SIM00013,REP002,Fatma Trabelsi,1,2025-10-01,15:30,Simulation Pharmacien,Débutant,LV Fersang junior,Efficacité douteuse,2,17,5.1,5.4,4.9,5.1,0.0,0.0,Nécessite pratique,Besoin de plus de pratique sur ce scénario.,Argumentation scientifique,Oui - Coaching intensif,En formation
SIM00014,REP002,Fatma Trabelsi,2,2025-10-04,11:00,Simulation Pharmacien,Débutant,LV Vitamine A,Concurrence,1,31,5.2,5.7,5.1,5.3,0.2,3.9,Nécessite pratique,Besoin de plus de pratique sur ce scénario.,"Empathie client, Closing technique, Écoute active",Oui - Coaching intensif,En formation
SIM00015,REP002,Fatma Trabelsi,3,2025-10-13,15:30,Simulation Pharmacien,Débutant,PHYTOFANE Lotion anti chute,Prix élevé,1,36,5.6,5.7,5.6,5.6,0.3,5.7,Nécessite pratique,Travaillez la structure de votre argumentation.,Closing technique,Oui - Coaching intensif,En formation
SIM00016,REP002,Fatma Trabelsi,4,2025-10-13,08:30,Simulation Pharmacien,Intermédiaire,OLIGOVIT Trio,Prix élevé,2,21,4.8,5.1,4.9,4.9,-0.7,-12.5,Nécessite pratique,Revoyez la documentation produit pour plus de précision.,"Gestion objections, Argumentation scientifique",Oui - Coaching intensif,En formation
SIM00017,REP002,Fatma Trabelsi,5,2025-11-10,16:00,Simulation Pharmacien,Intermédiaire,LV Vitamine A,Prix élevé,2,20,5.2,5.3,5.4,5.3,0.4,8.2,Nécessite pratique,Besoin de plus de pratique sur ce scénario.,Écoute active,Oui - Coaching intensif,En formation
SIM00018,REP002,Fatma Trabelsi,6,2025-10-16,14:30,Simulation Médecin,Intermédiaire,Omevie Omega 3 – 1000,Stock suffisant,4,19,5.3,5.4,5.1,5.3,0.0,0.0,Nécessite pratique,Travaillez la structure de votre argumentation.,"Argumentation scientifique, Communication claire, Closing technique",Oui - Coaching intensif,En formation
SIM00019,REP002,Fatma Trabelsi,7,2025-10-19,17:30,Simulation Pharmacien,Intermédiaire,LV Vitamine A,Effets secondaires,1,42,5.5,5.8,5.7,5.7,0.4,7.5,Nécessite pratique,Besoin de plus de pratique sur ce scénario.,"Argumentation scientifique, Empathie client",Oui - Coaching intensif,En formation
SIM00020,REP002,Fatma Trabelsi,8,2025-11-12,17:00,Simulation Pharmacien,Avancé,"Echinacée, Zinc, Vit.C",Posologie complexe,3,33,5.2,5.5,5.0,5.2,-0.5,-8.8,Nécessite pratique,Travaillez la structure de votre argumentation.,"Gestion objections, Communication claire",Oui - Coaching intensif,En formation
SIM00021,REP002,Fatma Trabelsi,9,2025-12-12,10:30,Cas Complexe Multi-Objections,Avancé,OLIGOVIT Trio,Prix élevé,1,29,5.5,5.5,5.1,5.4,0.2,3.8,Nécessite pratique,Travaillez la structure de votre argumentation.,Empathie client,Oui - Coaching intensif,En formation
SIM00022,REP002,Fatma Trabelsi,10,2025-12-03,10:30,Simulation Médecin,Avancé,PHYTOFANE Lotion anti chute,Concurrence,2,20,5.5,5.7,5.4,5.5,0.1,1.9,Nécessite pratique,Travaillez la structure de votre argumentation.,"Argumentation scientifique, Empathie client, Communication claire",Oui - Coaching intensif,En formation
SIM00023,REP003,Mohamed Gharbi,1,2025-10-01,12:00,Simulation Pharmacien,Débutant,LV Fersang junior,Posologie complexe,5,19,6.8,7.2,7.1,7.0,0.0,0.0,En progrès,"Bonne performance, continuez à travailler la précision scientifique.","Closing technique, Communication claire, Écoute active",Oui - Coaching standard,En formation
SIM00024,REP003,Mohamed Gharbi,2,2025-10-08,08:00,Simulation Pharmacien,Débutant,"Echinacée, Zinc, Vit.C",Concurrence,1,15,7.2,7.2,7.6,7.3,0.3,4.3,En progrès,"Bonne performance, continuez à travailler la précision scientifique.","Écoute active, Empathie client, Closing technique",Oui - Coaching standard,En formation
SIM00025,REP003,Mohamed Gharbi,3,2025-10-07,09:00,Simulation Pharmacien,Débutant,Vitonic Tonus,Effets secondaires,1,41,7.6,7.9,7.6,7.7,0.4,5.5,En progrès,"Bonne performance, continuez à travailler la précision scientifique.","Communication claire, Argumentation scientifique",Non - Autonome,En formation
SIM00026,REP003,Mohamed Gharbi,4,2025-10-25,11:00,Simulation Pharmacien,Intermédiaire,LV Fersang junior,Concurrence,4,34,7.0,7.2,6.6,6.9,-0.8,-10.4,En progrès,"Bonne performance, continuez à travailler la précision scientifique.",Écoute active,Oui - Coaching standard,En formation
SIM00027,REP003,Mohamed Gharbi,5,2025-10-13,10:30,Simulation Médecin,Intermédiaire,PHYTOFANE Lotion anti chute,Concurrence,2,40,7.3,7.2,6.7,7.1,0.2,2.9,En progrès,Bien ! Améliorez l'argumentation sur les contre-indications.,Gestion objections,Oui - Coaching standard,En formation
SIM00028,REP004,Sonia Mansouri,1,2025-10-01,11:00,Simulation Pharmacien,Débutant,PHYTOFANE Lotion anti chute,Stock suffisant,3,23,4.4,4.6,3.8,4.3,0.0,0.0,Nécessite pratique,Travaillez la structure de votre argumentation.,"Écoute active, Empathie client, Communication claire",Oui - Coaching intensif,En formation
SIM00029,REP004,Sonia Mansouri,2,2025-10-04,09:30,Simulation Pharmacien,Débutant,Vitonic Tonus,Effets secondaires,3,16,4.0,4.3,4.4,4.2,-0.1,-2.3,Nécessite pratique,Revoyez la documentation produit pour plus de précision.,"Empathie client, Closing technique",Oui - Coaching intensif,En formation
SIM00030,REP004,Sonia Mansouri,3,2025-10-09,14:00,Simulation Pharmacien,Débutant,Omevie Omega 3 – 1000,Prix élevé,4,15,4.4,4.8,4.5,4.6,0.4,9.5,Nécessite pratique,Travaillez la structure de votre argumentation.,"Closing technique, Gestion objections, Communication claire",Oui - Coaching intensif,En formation
SIM00031,REP004,Sonia Mansouri,4,2025-10-28,09:30,Simulation Pharmacien,Intermédiaire,OLIGOVIT Trio,Posologie complexe,1,38,4.2,4.0,3.9,4.0,-0.6,-13.0,Nécessite pratique,Revoyez la documentation produit pour plus de précision.,"Closing technique, Communication claire",Oui - Coaching intensif,En formation
SIM00032,REP004,Sonia Mansouri,5,2025-10-21,11:30,Simulation Médecin,Intermédiaire,Vitonic Tonus,Effets secondaires,3,27,4.0,3.8,3.8,3.9,-0.1,-2.5,Nécessite pratique,Revoyez la documentation produit pour plus de précision.,"Empathie client, Communication claire, Écoute active",Oui - Coaching intensif,En formation
SIM00033,REP004,Sonia Mansouri,6,2025-11-20,15:00,Simulation Médecin,Intermédiaire,Vitonic Tonus,Posologie complexe,1,24,4.2,4.3,3.9,4.1,0.2,5.1,Nécessite pratique,Besoin de plus de pratique sur ce scénario.,"Communication claire, Gestion objections, Empathie client",Oui - Coaching intensif,En formation
SIM00034,REP004,Sonia Mansouri,7,2025-10-31,08:00,Simulation Pharmacien,Intermédiaire,LV CYSPROTECT,Effets secondaires,1,29,4.2,4.4,4.0,4.2,0.1,2.4,Nécessite pratique,Travaillez la structure de votre argumentation.,"Écoute active, Closing technique",Oui - Coaching intensif,En formation
SIM00035,REP004,Sonia Mansouri,8,2025-11-12,10:00,Simulation Pharmacien,Avancé,"Echinacée, Zinc, Vit.C",Efficacité douteuse,1,40,4.2,4.0,3.5,3.9,-0.3,-7.1,Nécessite pratique,Besoin de plus de pratique sur ce scénario.,Écoute active,Oui - Coaching intensif,En formation
SIM00036,REP004,Sonia Mansouri,9,2025-11-10,15:30,Cas Complexe Multi-Objections,Avancé,"Echinacée, Zinc, Vit.C",Effets secondaires,2,43,3.8,4.3,3.9,4.0,0.1,2.6,Nécessite pratique,Besoin de plus de pratique sur ce scénario.,"Communication claire, Empathie client, Écoute active",Oui - Coaching intensif,En formation
SIM00037,REP004,Sonia Mansouri,10,2025-11-24,12:30,Simulation Médecin,Avancé,Omevie Omega 3 – 1000,Efficacité douteuse,2,25,4.0,4.2,3.8,4.0,0.0,0.0,Nécessite pratique,Besoin de plus de pratique sur ce scénario.,"Closing technique, Gestion objections",Oui - Coaching intensif,En formation
SIM00038,REP004,Sonia Mansouri,11,2025-11-30,09:30,Cas Complexe Multi-Objections,Avancé,OLIGOVIT Trio,Effets secondaires,2,28,4.0,4.5,4.1,4.2,0.2,5.0,Nécessite pratique,Travaillez la structure de votre argumentation.,"Argumentation scientifique, Empathie client, Écoute active",Oui - Coaching intensif,En formation
SIM00039,REP004,Sonia Mansouri,12,2026-01-19,08:30,Cas Complexe Multi-Objections,Avancé,"Echinacée, Zinc, Vit.C",Stock suffisant,1,30,4.2,4.4,4.0,4.2,0.0,0.0,Nécessite pratique,Revoyez la documentation produit pour plus de précision.,"Closing technique, Écoute active, Gestion objections",Oui - Coaching intensif,En formation
SIM00040,REP004,Sonia Mansouri,13,2026-01-29,10:00,Cas Complexe Multi-Objections,Avancé,LV Vitamine A,Prix élevé,1,19,4.7,4.3,4.2,4.4,0.2,4.8,Nécessite pratique,Revoyez la documentation produit pour plus de précision.,Écoute active,Oui - Coaching intensif,En formation
SIM00041,REP004,Sonia Mansouri,14,2026-01-13,13:30,Cas Complexe Multi-Objections,Avancé,"Echinacée, Zinc, Vit.C",Concurrence,1,30,4.3,4.7,4.8,4.6,0.2,4.5,Nécessite pratique,Revoyez la documentation produit pour plus de précision.,Closing technique,Oui - Coaching intensif,En formation
SIM00042,REP004,Sonia Mansouri,15,2025-11-26,08:00,Simulation Médecin,Avancé,PHYTOFANE Lotion anti chute,Prix élevé,1,22,4.4,4.8,4.6,4.6,0.0,0.0,Nécessite pratique,Besoin de plus de pratique sur ce scénario.,"Closing technique, Communication claire",Oui - Coaching intensif,En formation
SIM00043,REP005,Karim Bouaziz,1,2025-10-01,10:30,Simulation Pharmacien,Débutant,LV Fersang junior,Effets secondaires,1,44,4.7,5.1,5.1,5.0,0.0,0.0,Nécessite pratique,Revoyez la documentation produit pour plus de précision.,"Gestion objections, Argumentation scientifique, Closing technique",Oui - Coaching intensif,En formation
SIM00044,REP005,Karim Bouaziz,2,2025-10-05,12:00,Simulation Pharmacien,Débutant,LV Vitamine A,Concurrence,5,28,5.2,4.9,5.1,5.1,0.1,2.0,Nécessite pratique,Besoin de plus de pratique sur ce scénario.,"Écoute active, Argumentation scientifique",Oui - Coaching intensif,En formation
SIM00045,REP005,Karim Bouaziz,3,2025-10-19,13:30,Simulation Pharmacien,Débutant,Vitonic Tonus,Stock suffisant,2,38,5.4,5.6,5.3,5.4,0.3,5.9,Nécessite pratique,Travaillez la structure de votre argumentation.,"Écoute active, Closing technique",Oui - Coaching intensif,En formation
SIM00046,REP005,Karim Bouaziz,4,2025-10-22,13:00,Simulation Pharmacien,Intermédiaire,LV Fersang junior,Concurrence,4,22,4.9,4.9,4.8,4.9,-0.5,-9.3,Nécessite pratique,Revoyez la documentation produit pour plus de précision.,Écoute active,Oui - Coaching intensif,En formation
SIM00047,REP005,Karim Bouaziz,5,2025-11-02,10:30,Simulation Pharmacien,Intermédiaire,OLIGOVIT Trio,Concurrence,3,23,5.2,5.2,4.7,5.0,0.1,2.0,Nécessite pratique,Besoin de plus de pratique sur ce scénario.,"Gestion objections, Argumentation scientifique, Closing technique",Oui - Coaching intensif,En formation
SIM00048,REP005,Karim Bouaziz,6,2025-11-15,15:00,Simulation Médecin,Intermédiaire,LV CYSPROTECT,Stock suffisant,1,17,5.0,5.2,4.9,5.0,0.0,0.0,Nécessite pratique,Travaillez la structure de votre argumentation.,"Communication claire, Écoute active, Closing technique",Oui - Coaching intensif,En formation
SIM00049,REP005,Karim Bouaziz,7,2025-11-24,16:30,Simulation Médecin,Intermédiaire,LV CYSPROTECT,Concurrence,2,23,5.2,5.6,5.2,5.3,0.3,6.0,Nécessite pratique,Travaillez la structure de votre argumentation.,"Closing technique, Gestion objections, Empathie client",Oui - Coaching intensif,En formation
SIM00050,REP005,Karim Bouaziz,8,2025-11-12,15:30,Simulation Médecin,Avancé,LV Fersang junior,Efficacité douteuse,2,22,4.9,4.9,5.0,4.9,-0.4,-7.5,Nécessite pratique,Besoin de plus de pratique sur ce scénario.,"Argumentation scientifique, Closing technique",Oui - Coaching intensif,En formation
SIM00051,REP005,Karim Bouaziz,9,2025-11-26,10:30,Simulation Médecin,Avancé,LV Vitamine A,Effets secondaires,2,30,5.1,5.1,5.3,5.2,0.3,6.1,Nécessite pratique,Revoyez la documentation produit pour plus de précision.,"Argumentation scientifique, Closing technique",Oui - Coaching intensif,En formation
SIM00052,REP005,Karim Bouaziz,10,2025-12-21,15:00,Simulation Médecin,Avancé,Vitonic Tonus,Efficacité douteuse,2,17,5.6,5.2,5.4,5.4,0.2,3.8,Nécessite pratique,Travaillez la structure de votre argumentation.,"Empathie client, Gestion objections, Écoute active",Oui - Coaching intensif,En formation
SIM00053,REP006,Leila Cherif,1,2025-10-01,17:30,Simulation Pharmacien,Débutant,Omevie Omega 3 – 1000,Effets secondaires,5,16,7.1,7.3,7.2,7.2,0.0,0.0,En progrès,"Bonne performance, continuez à travailler la précision scientifique.","Gestion objections, Communication claire, Argumentation scientifique",Oui - Coaching standard,En formation
SIM00054,REP006,Leila Cherif,2,2025-10-06,11:00,Simulation Pharmacien,Débutant,LV Fersang junior,Efficacité douteuse,1,28,7.3,7.5,7.0,7.3,0.1,1.4,En progrès,"Bonne performance, continuez à travailler la précision scientifique.","Closing technique, Communication claire",Oui - Coaching standard,En formation
SIM00055,REP006,Leila Cherif,3,2025-10-21,09:00,Simulation Pharmacien,Débutant,Omevie Omega 3 – 1000,Posologie complexe,5,36,7.9,7.5,7.3,7.6,0.3,4.1,En progrès,"Bonne performance, continuez à travailler la précision scientifique.","Gestion objections, Communication claire, Closing technique",Non - Autonome,En formation
SIM00056,REP006,Leila Cherif,4,2025-10-13,08:00,Simulation Pharmacien,Intermédiaire,Omevie Omega 3 – 1000,Effets secondaires,3,29,6.6,7.0,6.9,6.8,-0.8,-10.5,En progrès,Bien ! Améliorez l'argumentation sur les contre-indications.,"Empathie client, Écoute active, Closing technique",Oui - Coaching standard,En formation
SIM00057,REP006,Leila Cherif,5,2025-10-17,17:00,Simulation Médecin,Intermédiaire,OLIGOVIT Trio,Effets secondaires,3,15,6.8,7.5,7.3,7.2,0.4,5.9,En progrès,"Solide, mais peut faire mieux sur la gestion des objections complexes.","Argumentation scientifique, Communication claire, Closing technique",Oui - Coaching standard,En formation
SIM00058,REP006,Leila Cherif,6,2025-10-26,15:30,Simulation Médecin,Intermédiaire,Vitonic Tonus,Effets secondaires,4,35,7.6,7.8,7.3,7.6,0.4,5.6,En progrès,Bien ! Améliorez l'argumentation sur les contre-indications.,"Communication claire, Argumentation scientifique",Non - Autonome,Certifié Niveau 1
SIM00059,REP006,Leila Cherif,7,2025-10-31,13:30,Simulation Médecin,Intermédiaire,Omevie Omega 3 – 1000,Posologie complexe,2,41,7.9,7.5,7.3,7.6,0.0,0.0,En progrès,Bien ! Améliorez l'argumentation sur les contre-indications.,"Argumentation scientifique, Écoute active",Non - Autonome,Certifié Niveau 1
SIM00060,REP006,Leila Cherif,8,2025-10-22,16:30,Simulation Médecin,Avancé,LV Vitamine A,Efficacité douteuse,3,26,7.1,7.1,6.9,7.0,-0.6,-7.9,En progrès,"Bonne performance, continuez à travailler la précision scientifique.",Communication claire,Oui - Coaching standard,En formation
SIM00061,REP007,Youssef Hamdi,1,2025-10-01,15:00,Simulation Pharmacien,Débutant,LV Vitamine A,Posologie complexe,5,40,4.8,4.8,4.9,4.8,0.0,0.0,Nécessite pratique,Travaillez la structure de votre argumentation.,"Argumentation scientifique, Gestion objections",Oui - Coaching intensif,En formation
SIM00062,REP007,Youssef Hamdi,2,2025-10-05,15:00,Simulation Pharmacien,Débutant,Vitonic Tonus,Stock suffisant,3,31,5.3,5.2,5.0,5.2,0.4,8.3,Nécessite pratique,Revoyez la documentation produit pour plus de précision.,Écoute active,Oui - Coaching intensif,En formation
SIM00063,REP007,Youssef Hamdi,3,2025-10-11,14:00,Simulation Pharmacien,Débutant,Vitonic Tonus,Prix élevé,3,39,5.5,5.3,5.5,5.4,0.2,3.8,Nécessite pratique,Travaillez la structure de votre argumentation.,"Argumentation scientifique, Communication claire",Oui - Coaching intensif,En formation
SIM00064,REP007,Youssef Hamdi,4,2025-10-22,17:30,Simulation Pharmacien,Intermédiaire,Vitonic Tonus,Stock suffisant,4,26,4.5,4.9,4.5,4.6,-0.8,-14.8,Nécessite pratique,Revoyez la documentation produit pour plus de précision.,Closing technique,Oui - Coaching intensif,En formation
SIM00065,REP007,Youssef Hamdi,5,2025-10-25,17:30,Simulation Pharmacien,Intermédiaire,"Echinacée, Zinc, Vit.C",Prix élevé,3,38,4.7,5.1,4.6,4.8,0.2,4.3,Nécessite pratique,Travaillez la structure de votre argumentation.,"Gestion objections, Écoute active, Argumentation scientifique",Oui - Coaching intensif,En formation
SIM00066,REP007,Youssef Hamdi,6,2025-10-26,16:30,Simulation Pharmacien,Intermédiaire,LV CYSPROTECT,Prix élevé,4,15,5.0,4.9,4.9,4.9,0.1,2.1,Nécessite pratique,Besoin de plus de pratique sur ce scénario.,Écoute active,Oui - Coaching intensif,En formation
SIM00067,REP007,Youssef Hamdi,7,2025-11-12,13:30,Simulation Pharmacien,Intermédiaire,OLIGOVIT Trio,Posologie complexe,3,27,5.3,5.2,5.2,5.2,0.3,6.1,Nécessite pratique,Revoyez la documentation produit pour plus de précision.,"Argumentation scientifique, Empathie client, Closing technique",Oui - Coaching intensif,En formation
SIM00068,REP007,Youssef Hamdi,8,2025-11-12,12:00,Simulation Pharmacien,Avancé,"Echinacée, Zinc, Vit.C",Prix élevé,3,37,4.8,4.6,4.6,4.7,-0.5,-9.6,Nécessite pratique,Besoin de plus de pratique sur ce scénario.,Communication claire,Oui - Coaching intensif,En formation
SIM00069,REP007,Youssef Hamdi,9,2025-10-25,12:30,Cas Complexe Multi-Objections,Avancé,"Echinacée, Zinc, Vit.C",Efficacité douteuse,1,31,4.6,4.8,4.4,4.6,-0.1,-2.1,Nécessite pratique,Besoin de plus de pratique sur ce scénario.,Empathie client,Oui - Coaching intensif,En formation
SIM00070,REP007,Youssef Hamdi,10,2025-12-21,17:00,Cas Complexe Multi-Objections,Avancé,Vitonic Tonus,Efficacité douteuse,2,35,4.6,4.7,4.4,4.6,0.0,0.0,Nécessite pratique,Revoyez la documentation produit pour plus de précision.,"Closing technique, Empathie client",Oui - Coaching intensif,En formation
SIM00071,REP007,Youssef Hamdi,11,2025-11-20,09:30,Cas Complexe Multi-Objections,Avancé,Omevie Omega 3 – 1000,Posologie complexe,2,37,4.7,5.2,4.6,4.8,0.2,4.3,Nécessite pratique,Revoyez la documentation produit pour plus de précision.,"Argumentation scientifique, Gestion objections",Oui - Coaching intensif,En formation
SIM00072,REP007,Youssef Hamdi,12,2026-01-08,17:30,Cas Complexe Multi-Objections,Avancé,Omevie Omega 3 – 1000,Prix élevé,2,23,4.7,5.3,5.1,5.0,0.2,4.2,Nécessite pratique,Besoin de plus de pratique sur ce scénario.,"Closing technique, Écoute active, Communication claire",Oui - Coaching intensif,En formation
SIM00073,REP007,Youssef Hamdi,13,2025-12-12,17:30,Simulation Médecin,Avancé,PHYTOFANE Lotion anti chute,Effets secondaires,1,36,5.2,5.3,5.1,5.2,0.2,4.0,Nécessite pratique,Besoin de plus de pratique sur ce scénario.,"Argumentation scientifique, Closing technique, Communication claire",Oui - Coaching intensif,En formation
SIM00074,REP008,Amira Khelifi,1,2025-10-01,10:00,Simulation Pharmacien,Débutant,Omevie Omega 3 – 1000,Concurrence,4,20,4.4,5.0,4.9,4.8,0.0,0.0,Nécessite pratique,Revoyez la documentation produit pour plus de précision.,"Empathie client, Communication claire, Gestion objections",Oui - Coaching intensif,En formation
SIM00075,REP008,Amira Khelifi,2,2025-10-08,15:30,Simulation Pharmacien,Débutant,OLIGOVIT Trio,Prix élevé,4,45,4.6,5.2,4.6,4.8,0.0,0.0,Nécessite pratique,Travaillez la structure de votre argumentation.,"Closing technique, Écoute active, Communication claire",Oui - Coaching intensif,En formation
SIM00076,REP008,Amira Khelifi,3,2025-10-09,14:00,Simulation Pharmacien,Débutant,Omevie Omega 3 – 1000,Effets secondaires,1,29,5.0,5.4,4.9,5.1,0.3,6.2,Nécessite pratique,Revoyez la documentation produit pour plus de précision.,"Communication claire, Argumentation scientifique, Gestion objections",Oui - Coaching intensif,En formation
SIM00077,REP008,Amira Khelifi,4,2025-10-31,08:30,Simulation Pharmacien,Intermédiaire,PHYTOFANE Lotion anti chute,Posologie complexe,1,35,4.8,5.0,4.4,4.7,-0.4,-7.8,Nécessite pratique,Revoyez la documentation produit pour plus de précision.,Gestion objections,Oui - Coaching intensif,En formation
SIM00078,REP008,Amira Khelifi,5,2025-10-13,08:30,Simulation Médecin,Intermédiaire,LV Fersang junior,Prix élevé,2,43,4.8,4.8,4.6,4.7,0.0,0.0,Nécessite pratique,Travaillez la structure de votre argumentation.,"Empathie client, Écoute active, Gestion objections",Oui - Coaching intensif,En formation
SIM00079,REP008,Amira Khelifi,6,2025-11-15,09:30,Simulation Médecin,Intermédiaire,Omevie Omega 3 – 1000,Prix élevé,3,21,5.0,5.4,5.2,5.2,0.5,10.6,Nécessite pratique,Besoin de plus de pratique sur ce scénario.,"Communication claire, Empathie client, Closing technique",Oui - Coaching intensif,En formation
SIM00080,REP008,Amira Khelifi,7,2025-10-19,14:30,Simulation Pharmacien,Intermédiaire,LV Fersang junior,Stock suffisant,1,36,5.0,5.4,5.5,5.3,0.1,1.9,Nécessite pratique,Besoin de plus de pratique sur ce scénario.,"Gestion objections, Closing technique",Oui - Coaching intensif,En formation
SIM00081,REP008,Amira Khelifi,8,2025-11-12,09:00,Simulation Pharmacien,Avancé,PHYTOFANE Lotion anti chute,Concurrence,1,40,5.0,4.6,4.9,4.8,-0.5,-9.4,Nécessite pratique,Besoin de plus de pratique sur ce scénario.,Empathie client,Oui - Coaching intensif,En formation
SIM00082,REP008,Amira Khelifi,9,2025-11-26,10:00,Simulation Médecin,Avancé,Vitonic Tonus,Prix élevé,2,40,5.2,5.1,4.6,5.0,0.2,4.2,Nécessite pratique,Revoyez la documentation produit pour plus de précision.,Gestion objections,Oui - Coaching intensif,En formation
SIM00083,REP008,Amira Khelifi,10,2025-12-21,16:00,Simulation Médecin,Avancé,LV CYSPROTECT,Stock suffisant,2,31,5.2,5.2,4.9,5.1,0.1,2.0,Nécessite pratique,Travaillez la structure de votre argumentation.,Closing technique,Oui - Coaching intensif,En formation
SIM00084,REP008,Amira Khelifi,11,2025-12-10,15:00,Simulation Médecin,Avancé,LV CYSPROTECT,Stock suffisant,2,36,5.1,5.6,5.3,5.3,0.2,3.9,Nécessite pratique,Besoin de plus de pratique sur ce scénario.,"Empathie client, Gestion objections",Oui - Coaching intensif,En formation
SIM00085,REP009,Mehdi Jbeli,1,2025-10-01,14:30,Simulation Pharmacien,Débutant,LV CYSPROTECT,Effets secondaires,5,28,5.5,6.1,6.0,5.9,0.0,0.0,Nécessite pratique,Travaillez la structure de votre argumentation.,"Closing technique, Gestion objections, Écoute active",Oui - Coaching intensif,En formation
SIM00086,REP009,Mehdi Jbeli,2,2025-10-11,11:30,Simulation Pharmacien,Débutant,OLIGOVIT Trio,Stock suffisant,4,28,6.3,6.1,5.9,6.1,0.2,3.4,Nécessite pratique,Revoyez la documentation produit pour plus de précision.,"Gestion objections, Écoute active",Oui - Coaching standard,En formation
SIM00087,REP009,Mehdi Jbeli,3,2025-10-09,09:00,Simulation Pharmacien,Débutant,LV Fersang junior,Stock suffisant,1,38,6.7,6.8,6.4,6.6,0.5,8.2,En progrès,"Solide, mais peut faire mieux sur la gestion des objections complexes.","Empathie client, Communication claire, Argumentation scientifique",Oui - Coaching standard,En formation
SIM00088,REP009,Mehdi Jbeli,4,2025-10-28,13:30,Simulation Pharmacien,Intermédiaire,LV Vitamine A,Concurrence,3,26,5.5,5.9,5.5,5.6,-1.0,-15.2,Nécessite pratique,Revoyez la documentation produit pour plus de précision.,Argumentation scientifique,Oui - Coaching intensif,En formation
SIM00089,REP009,Mehdi Jbeli,5,2025-11-02,16:30,Simulation Pharmacien,Intermédiaire,Omevie Omega 3 – 1000,Effets secondaires,2,40,6.1,6.2,6.2,6.2,0.6,10.7,Nécessite pratique,Travaillez la structure de votre argumentation.,"Closing technique, Empathie client, Argumentation scientifique",Oui - Coaching standard,En formation
SIM00090,REP010,Nadia Sassi,1,2025-10-01,12:30,Simulation Pharmacien,Débutant,OLIGOVIT Trio,Prix élevé,2,42,3.4,3.9,3.2,3.5,0.0,0.0,Nécessite pratique,Travaillez la structure de votre argumentation.,"Argumentation scientifique, Closing technique, Gestion objections",Oui - Coaching intensif,En formation
SIM00091,REP010,Nadia Sassi,2,2025-10-10,14:30,Simulation Pharmacien,Débutant,OLIGOVIT Trio,Efficacité douteuse,3,24,4.0,4.1,3.7,3.9,0.4,11.4,Nécessite pratique,Besoin de plus de pratique sur ce scénario.,Gestion objections,Oui - Coaching intensif,En formation
SIM00092,REP010,Nadia Sassi,3,2025-10-11,17:00,Simulation Pharmacien,Débutant,LV Fersang junior,Concurrence,4,36,3.9,4.1,3.8,3.9,0.0,0.0,Nécessite pratique,Besoin de plus de pratique sur ce scénario.,"Argumentation scientifique, Communication claire, Écoute active",Oui - Coaching intensif,En formation
SIM00093,REP010,Nadia Sassi,4,2025-10-13,12:30,Simulation Pharmacien,Intermédiaire,Omevie Omega 3 – 1000,Prix élevé,2,27,3.8,3.3,3.2,3.4,-0.5,-12.8,Nécessite pratique,Besoin de plus de pratique sur ce scénario.,Communication claire,Oui - Coaching intensif,En formation
SIM00094,REP010,Nadia Sassi,5,2025-10-29,13:00,Simulation Pharmacien,Intermédiaire,LV CYSPROTECT,Posologie complexe,4,20,3.4,3.7,3.3,3.5,0.1,2.9,Nécessite pratique,Travaillez la structure de votre argumentation.,"Communication claire, Argumentation scientifique, Écoute active",Oui - Coaching intensif,En formation
SIM00095,REP010,Nadia Sassi,6,2025-10-16,14:00,Simulation Médecin,Intermédiaire,LV Fersang junior,Concurrence,4,33,3.7,3.9,3.5,3.7,0.2,5.7,Nécessite pratique,Revoyez la documentation produit pour plus de précision.,Communication claire,Oui - Coaching intensif,En formation
SIM00096,REP010,Nadia Sassi,7,2025-10-31,17:30,Simulation Médecin,Intermédiaire,LV Fersang junior,Stock suffisant,1,22,3.8,3.9,3.5,3.7,0.0,0.0,Nécessite pratique,Revoyez la documentation produit pour plus de précision.,"Communication claire, Gestion objections, Closing technique",Oui - Coaching intensif,En formation
SIM00097,REP010,Nadia Sassi,8,2025-11-05,09:00,Simulation Pharmacien,Avancé,OLIGOVIT Trio,Concurrence,3,45,3.7,3.8,3.3,3.6,-0.1,-2.7,Nécessite pratique,Besoin de plus de pratique sur ce scénario.,"Gestion objections, Closing technique",Oui - Coaching intensif,En formation
SIM00098,REP010,Nadia Sassi,9,2025-11-10,09:00,Cas Complexe Multi-Objections,Avancé,LV CYSPROTECT,Effets secondaires,3,29,3.7,3.9,3.6,3.7,0.1,2.8,Nécessite pratique,Travaillez la structure de votre argumentation.,"Closing technique, Communication claire",Oui - Coaching intensif,En formation
SIM00099,REP010,Nadia Sassi,10,2025-11-15,15:00,Cas Complexe Multi-Objections,Avancé,LV CYSPROTECT,Posologie complexe,2,40,3.6,3.6,3.7,3.6,-0.1,-2.7,Nécessite pratique,Revoyez la documentation produit pour plus de précision.,"Écoute active, Argumentation scientifique",Oui - Coaching intensif,En formation
SIM00100,REP010,Nadia Sassi,11,2025-10-31,13:30,Simulation Médecin,Avancé,LV Fersang junior,Effets secondaires,2,29,3.9,4.2,3.9,4.0,0.4,11.1,Nécessite pratique,Besoin de plus de pratique sur ce scénario.,"Empathie client, Gestion objections",Oui - Coaching intensif,En formation
SIM00101,REP010,Nadia Sassi,12,2025-12-28,17:30,Simulation Médecin,Avancé,LV Vitamine A,Stock suffisant,1,40,4.2,4.0,4.0,4.1,0.1,2.5,Nécessite pratique,Travaillez la structure de votre argumentation.,"Gestion objections, Argumentation scientifique, Closing technique",Oui - Coaching intensif,En formation
SIM00102,REP010,Nadia Sassi,13,2026-01-29,15:00,Cas Complexe Multi-Objections,Avancé,OLIGOVIT Trio,Concurrence,1,28,4.2,4.3,3.7,4.1,0.0,0.0,Nécessite pratique,Travaillez la structure de votre argumentation.,"Communication claire, Argumentation scientifique, Closing technique",Oui - Coaching intensif,En formation
SIM00103,REP010,Nadia Sassi,14,2025-11-22,16:30,Cas Complexe Multi-Objections,Avancé,Omevie Omega 3 – 1000,Posologie complexe,1,25,3.9,4.4,4.4,4.2,0.1,2.4,Nécessite pratique,Revoyez la documentation produit pour plus de précision.,"Closing technique, Écoute active, Gestion objections",Oui - Coaching intensif,En formation
SIM00104,REP011,Rami Abidi,1,2025-10-01,12:30,Simulation Pharmacien,Débutant,OLIGOVIT Trio,Efficacité douteuse,5,17,5.8,5.7,5.5,5.7,0.0,0.0,Nécessite pratique,Revoyez la documentation produit pour plus de précision.,"Gestion objections, Closing technique",Oui - Coaching intensif,En formation
SIM00105,REP011,Rami Abidi,2,2025-10-09,15:00,Simulation Pharmacien,Débutant,PHYTOFANE Lotion anti chute,Efficacité douteuse,2,17,5.7,6.2,5.8,5.9,0.2,3.5,Nécessite pratique,Travaillez la structure de votre argumentation.,"Empathie client, Argumentation scientifique, Communication claire",Oui - Coaching intensif,En formation
SIM00106,REP011,Rami Abidi,3,2025-10-11,17:30,Simulation Pharmacien,Débutant,Vitonic Tonus,Efficacité douteuse,2,41,6.3,6.4,6.4,6.4,0.5,8.5,Nécessite pratique,Travaillez la structure de votre argumentation.,"Argumentation scientifique, Écoute active",Oui - Coaching standard,En formation
SIM00107,REP011,Rami Abidi,4,2025-10-25,11:30,Simulation Pharmacien,Intermédiaire,Omevie Omega 3 – 1000,Posologie complexe,4,22,5.5,5.4,5.6,5.5,-0.9,-14.1,Nécessite pratique,Revoyez la documentation produit pour plus de précision.,Communication claire,Oui - Coaching intensif,En formation
SIM00108,REP011,Rami Abidi,5,2025-11-10,15:30,Simulation Médecin,Intermédiaire,"Echinacée, Zinc, Vit.C",Efficacité douteuse,2,40,5.7,6.0,5.3,5.7,0.2,3.6,Nécessite pratique,Revoyez la documentation produit pour plus de précision.,"Empathie client, Argumentation scientifique",Oui - Coaching intensif,En formation
SIM00109,REP011,Rami Abidi,6,2025-10-21,12:00,Simulation Pharmacien,Intermédiaire,Omevie Omega 3 – 1000,Stock suffisant,2,41,5.8,6.3,5.6,5.9,0.2,3.5,Nécessite pratique,Revoyez la documentation produit pour plus de précision.,"Argumentation scientifique, Écoute active",Oui - Coaching intensif,En formation
SIM00110,REP011,Rami Abidi,7,2025-10-19,14:30,Simulation Pharmacien,Intermédiaire,"Echinacée, Zinc, Vit.C",Prix élevé,2,22,5.8,6.5,6.2,6.2,0.3,5.1,Nécessite pratique,Travaillez la structure de votre argumentation.,"Gestion objections, Closing technique",Oui - Coaching standard,En formation
SIM00111,REP011,Rami Abidi,8,2025-10-22,12:30,Simulation Pharmacien,Avancé,LV CYSPROTECT,Stock suffisant,3,15,5.8,5.3,5.3,5.5,-0.7,-11.3,Nécessite pratique,Besoin de plus de pratique sur ce scénario.,"Closing technique, Empathie client, Écoute active",Oui - Coaching intensif,En formation
SIM00112,REP011,Rami Abidi,9,2025-11-02,12:00,Cas Complexe Multi-Objections,Avancé,LV Fersang junior,Prix élevé,1,28,5.8,5.9,5.4,5.7,0.2,3.6,Nécessite pratique,Revoyez la documentation produit pour plus de précision.,"Empathie client, Argumentation scientifique, Gestion objections",Oui - Coaching intensif,En formation
SIM00113,REP011,Rami Abidi,10,2025-11-15,12:30,Simulation Médecin,Avancé,OLIGOVIT Trio,Efficacité douteuse,2,20,6.0,5.8,6.1,6.0,0.3,5.3,Nécessite pratique,Besoin de plus de pratique sur ce scénario.,"Empathie client, Closing technique, Argumentation scientifique",Oui - Coaching standard,En formation
SIM00114,REP011,Rami Abidi,11,2025-12-30,15:00,Cas Complexe Multi-Objections,Avancé,OLIGOVIT Trio,Concurrence,1,26,6.3,6.1,6.2,6.2,0.2,3.3,Nécessite pratique,Travaillez la structure de votre argumentation.,Empathie client,Oui - Coaching standard,En formation
SIM00115,REP011,Rami Abidi,12,2025-12-28,10:00,Cas Complexe Multi-Objections,Avancé,OLIGOVIT Trio,Posologie complexe,1,41,6.5,6.4,6.4,6.4,0.2,3.2,Nécessite pratique,Travaillez la structure de votre argumentation.,Gestion objections,Oui - Coaching standard,En formation
SIM00116,REP012,Salma Ferchichi,1,2025-10-01,08:30,Simulation Pharmacien,Débutant,PHYTOFANE Lotion anti chute,Prix élevé,2,43,6.3,7.1,6.6,6.7,0.0,0.0,En progrès,"Solide, mais peut faire mieux sur la gestion des objections complexes.","Communication claire, Argumentation scientifique",Oui - Coaching standard,En formation
SIM00117,REP012,Salma Ferchichi,2,2025-10-07,12:30,Simulation Pharmacien,Débutant,LV Vitamine A,Posologie complexe,3,23,6.7,7.0,7.2,7.0,0.3,4.5,En progrès,"Solide, mais peut faire mieux sur la gestion des objections complexes.","Écoute active, Communication claire",Oui - Coaching standard,En formation
SIM00118,REP012,Salma Ferchichi,3,2025-10-11,15:30,Simulation Pharmacien,Débutant,OLIGOVIT Trio,Effets secondaires,3,40,7.0,7.4,7.2,7.2,0.2,2.9,En progrès,"Bonne performance, continuez à travailler la précision scientifique.","Communication claire, Closing technique, Argumentation scientifique",Oui - Coaching standard,En formation
SIM00119,REP012,Salma Ferchichi,4,2025-10-13,13:30,Simulation Pharmacien,Intermédiaire,Omevie Omega 3 – 1000,Stock suffisant,4,20,6.7,6.5,6.2,6.5,-0.7,-9.7,En progrès,Bien ! Améliorez l'argumentation sur les contre-indications.,"Écoute active, Communication claire, Argumentation scientifique",Oui - Coaching standard,En formation
SIM00120,REP012,Salma Ferchichi,5,2025-10-17,14:30,Simulation Pharmacien,Intermédiaire,LV Vitamine A,Efficacité douteuse,4,16,6.6,6.8,6.9,6.8,0.3,4.6,En progrès,Bien ! Améliorez l'argumentation sur les contre-indications.,"Empathie client, Argumentation scientifique",Oui - Coaching standard,En formation
SIM00121,REP013,Hichem Dridi,1,2025-10-01,13:30,Simulation Pharmacien,Débutant,LV Fersang junior,Effets secondaires,2,31,4.5,4.6,4.3,4.5,0.0,0.0,Nécessite pratique,Besoin de plus de pratique sur ce scénario.,Closing technique,Oui - Coaching intensif,En formation
SIM00122,REP013,Hichem Dridi,2,2025-10-06,15:30,Simulation Pharmacien,Débutant,LV Fersang junior,Concurrence,3,37,4.7,5.3,4.5,4.8,0.3,6.7,Nécessite pratique,Revoyez la documentation produit pour plus de précision.,Argumentation scientifique,Oui - Coaching intensif,En formation
SIM00123,REP013,Hichem Dridi,3,2025-10-11,09:30,Simulation Pharmacien,Débutant,Vitonic Tonus,Posologie complexe,4,17,5.2,5.4,5.2,5.3,0.5,10.4,Nécessite pratique,Travaillez la structure de votre argumentation.,"Closing technique, Argumentation scientifique",Oui - Coaching intensif,En formation
SIM00124,REP013,Hichem Dridi,4,2025-10-22,12:00,Simulation Pharmacien,Intermédiaire,Vitonic Tonus,Concurrence,2,18,4.6,4.6,4.0,4.4,-0.9,-17.0,Nécessite pratique,Revoyez la documentation produit pour plus de précision.,Communication claire,Oui - Coaching intensif,En formation
SIM00125,REP013,Hichem Dridi,5,2025-11-02,15:00,Simulation Pharmacien,Intermédiaire,LV Fersang junior,Concurrence,4,37,4.6,4.5,4.5,4.5,0.1,2.3,Nécessite pratique,Travaillez la structure de votre argumentation.,Gestion objections,Oui - Coaching intensif,En formation
SIM00126,REP013,Hichem Dridi,6,2025-11-10,09:30,Simulation Médecin,Intermédiaire,OLIGOVIT Trio,Efficacité douteuse,2,39,4.9,4.6,4.8,4.8,0.3,6.7,Nécessite pratique,Besoin de plus de pratique sur ce scénario.,Empathie client,Oui - Coaching intensif,En formation
SIM00127,REP013,Hichem Dridi,7,2025-10-31,12:00,Simulation Pharmacien,Intermédiaire,OLIGOVIT Trio,Posologie complexe,1,26,5.0,4.8,4.5,4.8,0.0,0.0,Nécessite pratique,Besoin de plus de pratique sur ce scénario.,"Gestion objections, Empathie client",Oui - Coaching intensif,En formation
SIM00128,REP013,Hichem Dridi,8,2025-11-19,10:30,Simulation Pharmacien,Avancé,Vitonic Tonus,Effets secondaires,3,19,4.1,4.4,4.4,4.3,-0.5,-10.4,Nécessite pratique,Revoyez la documentation produit pour plus de précision.,"Argumentation scientifique, Closing technique, Empathie client",Oui - Coaching intensif,En formation
SIM00129,REP013,Hichem Dridi,9,2025-10-25,17:30,Simulation Médecin,Avancé,"Echinacée, Zinc, Vit.C",Effets secondaires,3,15,4.4,4.5,4.2,4.4,0.1,2.3,Nécessite pratique,Revoyez la documentation produit pour plus de précision.,"Gestion objections, Écoute active",Oui - Coaching intensif,En formation
SIM00130,REP013,Hichem Dridi,10,2025-12-03,15:00,Simulation Médecin,Avancé,Vitonic Tonus,Stock suffisant,2,30,4.5,4.5,4.2,4.4,0.0,0.0,Nécessite pratique,Travaillez la structure de votre argumentation.,"Closing technique, Communication claire",Oui - Coaching intensif,En formation
SIM00131,REP013,Hichem Dridi,11,2025-12-30,10:30,Simulation Médecin,Avancé,OLIGOVIT Trio,Efficacité douteuse,2,18,4.4,4.5,4.3,4.4,0.0,0.0,Nécessite pratique,Revoyez la documentation produit pour plus de précision.,"Empathie client, Écoute active",Oui - Coaching intensif,En formation
SIM00132,REP013,Hichem Dridi,12,2025-12-06,10:30,Cas Complexe Multi-Objections,Avancé,PHYTOFANE Lotion anti chute,Efficacité douteuse,2,31,4.7,5.0,4.6,4.8,0.4,9.1,Nécessite pratique,Besoin de plus de pratique sur ce scénario.,"Empathie client, Écoute active",Oui - Coaching intensif,En formation
SIM00133,REP013,Hichem Dridi,13,2025-12-12,11:30,Simulation Médecin,Avancé,LV Vitamine A,Concurrence,1,34,5.0,5.0,4.7,4.9,0.1,2.1,Nécessite pratique,Travaillez la structure de votre argumentation.,Argumentation scientifique,Oui - Coaching intensif,En formation
SIM00134,REP014,Ines Mbarek,1,2025-10-01,13:30,Simulation Pharmacien,Débutant,OLIGOVIT Trio,Prix élevé,4,16,4.9,4.7,4.7,4.8,0.0,0.0,Nécessite pratique,Besoin de plus de pratique sur ce scénario.,"Empathie client, Écoute active",Oui - Coaching intensif,En formation
SIM00135,REP014,Ines Mbarek,2,2025-10-08,17:00,Simulation Pharmacien,Débutant,Vitonic Tonus,Prix élevé,4,26,5.3,5.0,5.3,5.2,0.4,8.3,Nécessite pratique,Besoin de plus de pratique sur ce scénario.,Empathie client,Oui - Coaching intensif,En formation
SIM00136,REP014,Ines Mbarek,3,2025-10-19,16:00,Simulation Pharmacien,Débutant,LV Vitamine A,Prix élevé,2,37,5.2,5.4,5.2,5.3,0.1,1.9,Nécessite pratique,Travaillez la structure de votre argumentation.,"Gestion objections, Communication claire, Empathie client",Oui - Coaching intensif,En formation
SIM00137,REP014,Ines Mbarek,4,2025-10-16,14:30,Simulation Pharmacien,Intermédiaire,OLIGOVIT Trio,Effets secondaires,4,37,4.8,4.8,4.3,4.6,-0.7,-13.2,Nécessite pratique,Revoyez la documentation produit pour plus de précision.,"Argumentation scientifique, Écoute active, Communication claire",Oui - Coaching intensif,En formation
SIM00138,REP014,Ines Mbarek,5,2025-10-13,17:30,Simulation Médecin,Intermédiaire,PHYTOFANE Lotion anti chute,Posologie complexe,1,33,4.9,5.0,5.0,5.0,0.4,8.7,Nécessite pratique,Revoyez la documentation produit pour plus de précision.,Closing technique,Oui - Coaching intensif,En formation
SIM00139,REP014,Ines Mbarek,6,2025-10-31,08:00,Simulation Pharmacien,Intermédiaire,LV Vitamine A,Stock suffisant,3,28,4.9,5.4,5.0,5.1,0.1,2.0,Nécessite pratique,Travaillez la structure de votre argumentation.,"Closing technique, Argumentation scientifique",Oui - Coaching intensif,En formation
SIM00140,REP014,Ines Mbarek,7,2025-10-31,16:00,Simulation Médecin,Intermédiaire,LV CYSPROTECT,Effets secondaires,2,25,5.7,5.4,5.3,5.5,0.4,7.8,Nécessite pratique,Travaillez la structure de votre argumentation.,"Closing technique, Communication claire",Oui - Coaching intensif,En formation
SIM00141,REP014,Ines Mbarek,8,2025-12-10,11:00,Simulation Médecin,Avancé,Omevie Omega 3 – 1000,Efficacité douteuse,2,39,4.8,4.8,5.0,4.9,-0.6,-10.9,Nécessite pratique,Revoyez la documentation produit pour plus de précision.,"Communication claire, Empathie client",Oui - Coaching intensif,En formation
SIM00142,REP014,Ines Mbarek,9,2025-11-26,12:00,Cas Complexe Multi-Objections,Avancé,"Echinacée, Zinc, Vit.C",Concurrence,1,24,4.8,5.4,4.8,5.0,0.1,2.0,Nécessite pratique,Revoyez la documentation produit pour plus de précision.,"Communication claire, Écoute active, Gestion objections",Oui - Coaching intensif,En formation
SIM00143,REP014,Ines Mbarek,10,2025-11-24,16:30,Cas Complexe Multi-Objections,Avancé,Vitonic Tonus,Prix élevé,1,22,5.0,5.6,5.0,5.2,0.2,4.0,Nécessite pratique,Besoin de plus de pratique sur ce scénario.,Argumentation scientifique,Oui - Coaching intensif,En formation
SIM00144,REP014,Ines Mbarek,11,2025-12-30,13:30,Simulation Médecin,Avancé,Vitonic Tonus,Prix élevé,1,28,5.6,5.8,5.4,5.6,0.4,7.7,Nécessite pratique,Travaillez la structure de votre argumentation.,Communication claire,Oui - Coaching intensif,En formation
SIM00145,REP015,Zied Laabidi,1,2025-10-01,09:00,Simulation Pharmacien,Débutant,LV Vitamine A,Efficacité douteuse,4,43,6.3,6.5,5.6,6.1,0.0,0.0,Nécessite pratique,Revoyez la documentation produit pour plus de précision.,"Gestion objections, Communication claire",Oui - Coaching standard,En formation
SIM00146,REP015,Zied Laabidi,2,2025-10-04,08:30,Simulation Pharmacien,Débutant,LV Fersang junior,Concurrence,3,29,6.8,6.5,6.3,6.5,0.4,6.6,En progrès,"Bonne performance, continuez à travailler la précision scientifique.","Écoute active, Communication claire, Gestion objections",Oui - Coaching standard,En formation
SIM00147,REP015,Zied Laabidi,3,2025-10-09,13:00,Simulation Pharmacien,Débutant,LV CYSPROTECT,Posologie complexe,3,37,6.5,7.0,6.9,6.8,0.3,4.6,En progrès,"Solide, mais peut faire mieux sur la gestion des objections complexes.","Gestion objections, Closing technique, Écoute active",Oui - Coaching standard,En formation
SIM00148,REP015,Zied Laabidi,4,2025-10-28,16:30,Simulation Pharmacien,Intermédiaire,LV Fersang junior,Stock suffisant,1,20,6.3,6.1,6.2,6.2,-0.6,-8.8,Nécessite pratique,Besoin de plus de pratique sur ce scénario.,"Écoute active, Gestion objections",Oui - Coaching standard,En formation
SIM00149,REP015,Zied Laabidi,5,2025-11-10,12:30,Simulation Médecin,Intermédiaire,LV Vitamine A,Concurrence,3,37,6.1,6.5,6.2,6.3,0.1,1.6,Nécessite pratique,Besoin de plus de pratique sur ce scénario.,"Closing technique, Empathie client",Oui - Coaching standard,En formation
SIM00150,REP015,Zied Laabidi,6,2025-11-05,09:30,Simulation Médecin,Intermédiaire,PHYTOFANE Lotion anti chute,Efficacité douteuse,2,30,6.4,6.9,6.6,6.6,0.3,4.8,En progrès,Bien ! Améliorez l'argumentation sur les contre-indications.,"Empathie client, Écoute active, Gestion objections",Oui - Coaching standard,En formation
SIM00151,REP015,Zied Laabidi,7,2025-11-06,17:00,Simulation Médecin,Intermédiaire,OLIGOVIT Trio,Prix élevé,3,18,6.6,7.0,6.8,6.8,0.2,3.0,En progrès,"Solide, mais peut faire mieux sur la gestion des objections complexes.","Gestion objections, Closing technique, Communication claire",Oui - Coaching standard,En formation
SIM00152,REP016,Hajer Toumi,1,2025-10-01,17:30,Simulation Pharmacien,Débutant,LV Fersang junior,Effets secondaires,4,40,3.4,3.6,3.6,3.5,0.0,0.0,Nécessite pratique,Travaillez la structure de votre argumentation.,Empathie client,Oui - Coaching intensif,En formation
SIM00153,REP016,Hajer Toumi,2,2025-10-11,12:00,Simulation Pharmacien,Débutant,"Echinacée, Zinc, Vit.C",Concurrence,1,38,3.7,3.7,3.8,3.7,0.2,5.7,Nécessite pratique,Travaillez la structure de votre argumentation.,Empathie client,Oui - Coaching intensif,En formation
SIM00154,REP016,Hajer Toumi,3,2025-10-07,09:30,Simulation Pharmacien,Débutant,LV Vitamine A,Concurrence,4,20,4.3,4.4,4.4,4.4,0.7,18.9,Nécessite pratique,Travaillez la structure de votre argumentation.,"Communication claire, Écoute active",Oui - Coaching intensif,En formation
SIM00155,REP016,Hajer Toumi,4,2025-10-31,14:30,Simulation Pharmacien,Intermédiaire,LV Fersang junior,Posologie complexe,2,35,3.8,3.4,3.8,3.7,-0.7,-15.9,Nécessite pratique,Revoyez la documentation produit pour plus de précision.,"Gestion objections, Closing technique, Argumentation scientifique",Oui - Coaching intensif,En formation
SIM00156,REP016,Hajer Toumi,5,2025-10-13,12:30,Simulation Médecin,Intermédiaire,"Echinacée, Zinc, Vit.C",Efficacité douteuse,2,29,3.6,3.7,3.9,3.7,0.0,0.0,Nécessite pratique,Travaillez la structure de votre argumentation.,Argumentation scientifique,Oui - Coaching intensif,En formation
SIM00157,REP016,Hajer Toumi,6,2025-11-15,17:00,Simulation Pharmacien,Intermédiaire,PHYTOFANE Lotion anti chute,Prix élevé,1,34,3.5,4.0,3.9,3.8,0.1,2.7,Nécessite pratique,Besoin de plus de pratique sur ce scénario.,Closing technique,Oui - Coaching intensif,En formation
SIM00158,REP016,Hajer Toumi,7,2025-10-19,14:30,Simulation Pharmacien,Intermédiaire,PHYTOFANE Lotion anti chute,Prix élevé,1,31,4.3,3.9,4.2,4.1,0.3,7.9,Nécessite pratique,Travaillez la structure de votre argumentation.,"Empathie client, Closing technique",Oui - Coaching intensif,En formation
SIM00159,REP016,Hajer Toumi,8,2025-11-26,11:30,Simulation Pharmacien,Avancé,PHYTOFANE Lotion anti chute,Stock suffisant,2,23,3.4,4.0,3.8,3.7,-0.4,-9.8,Nécessite pratique,Besoin de plus de pratique sur ce scénario.,"Closing technique, Écoute active, Empathie client",Oui - Coaching intensif,En formation
SIM00160,REP016,Hajer Toumi,9,2025-10-25,13:30,Cas Complexe Multi-Objections,Avancé,"Echinacée, Zinc, Vit.C",Stock suffisant,1,24,3.7,4.0,3.6,3.8,0.1,2.7,Nécessite pratique,Besoin de plus de pratique sur ce scénario.,"Closing technique, Gestion objections",Oui - Coaching intensif,En formation
SIM00161,REP016,Hajer Toumi,10,2025-12-30,08:30,Cas Complexe Multi-Objections,Avancé,Vitonic Tonus,Stock suffisant,1,23,3.7,4.0,4.0,3.9,0.1,2.6,Nécessite pratique,Revoyez la documentation produit pour plus de précision.,Empathie client,Oui - Coaching intensif,En formation
SIM00162,REP016,Hajer Toumi,11,2025-11-30,08:30,Cas Complexe Multi-Objections,Avancé,LV Vitamine A,Prix élevé,1,40,4.1,4.2,3.9,4.1,0.2,5.1,Nécessite pratique,Revoyez la documentation produit pour plus de précision.,Communication claire,Oui - Coaching intensif,En formation
SIM00163,REP016,Hajer Toumi,12,2025-12-17,08:00,Simulation Médecin,Avancé,LV Fersang junior,Posologie complexe,2,44,3.9,4.2,3.8,4.0,-0.1,-2.4,Nécessite pratique,Besoin de plus de pratique sur ce scénario.,"Communication claire, Closing technique, Écoute active",Oui - Coaching intensif,En formation
SIM00164,REP016,Hajer Toumi,13,2026-01-29,16:30,Cas Complexe Multi-Objections,Avancé,Omevie Omega 3 – 1000,Concurrence,1,29,3.9,4.5,4.1,4.2,0.2,5.0,Nécessite pratique,Revoyez la documentation produit pour plus de précision.,Communication claire,Oui - Coaching intensif,En formation
SIM00165,REP016,Hajer Toumi,14,2026-01-13,14:00,Simulation Médecin,Avancé,Vitonic Tonus,Prix élevé,1,32,4.6,4.4,4.2,4.4,0.2,4.8,Nécessite pratique,Besoin de plus de pratique sur ce scénario.,Communication claire,Oui - Coaching intensif,En formation
SIM00166,REP016,Hajer Toumi,15,2025-12-24,14:00,Cas Complexe Multi-Objections,Avancé,OLIGOVIT Trio,Concurrence,1,45,4.5,4.6,4.3,4.5,0.1,2.3,Nécessite pratique,Travaillez la structure de votre argumentation.,"Gestion objections, Closing technique",Oui - Coaching intensif,En formation
SIM00167,REP017,Anis Agrebi,1,2025-10-01,16:00,Simulation Pharmacien,Débutant,LV Fersang junior,Posologie complexe,1,39,4.9,5.1,5.3,5.1,0.0,0.0,Nécessite pratique,Besoin de plus de pratique sur ce scénario.,"Gestion objections, Argumentation scientifique, Closing technique",Oui - Coaching intensif,En formation
SIM00168,REP017,Anis Agrebi,2,2025-10-11,13:00,Simulation Pharmacien,Débutant,LV CYSPROTECT,Posologie complexe,4,15,5.2,5.7,5.1,5.3,0.2,3.9,Nécessite pratique,Travaillez la structure de votre argumentation.,"Communication claire, Empathie client, Closing technique",Oui - Coaching intensif,En formation
SIM00169,REP017,Anis Agrebi,3,2025-10-07,16:30,Simulation Pharmacien,Débutant,Vitonic Tonus,Prix élevé,1,31,5.6,5.7,5.8,5.7,0.4,7.5,Nécessite pratique,Revoyez la documentation produit pour plus de précision.,"Écoute active, Argumentation scientifique",Oui - Coaching intensif,En formation
SIM00170,REP017,Anis Agrebi,4,2025-10-25,14:30,Simulation Pharmacien,Intermédiaire,PHYTOFANE Lotion anti chute,Posologie complexe,2,24,5.3,5.5,5.2,5.3,-0.4,-7.0,Nécessite pratique,Travaillez la structure de votre argumentation.,Argumentation scientifique,Oui - Coaching intensif,En formation
SIM00171,REP017,Anis Agrebi,5,2025-11-06,14:30,Simulation Médecin,Intermédiaire,LV Vitamine A,Posologie complexe,1,37,5.2,5.5,5.3,5.3,0.0,0.0,Nécessite pratique,Revoyez la documentation produit pour plus de précision.,"Argumentation scientifique, Empathie client, Closing technique",Oui - Coaching intensif,En formation
SIM00172,REP017,Anis Agrebi,6,2025-10-31,11:30,Simulation Médecin,Intermédiaire,LV Vitamine A,Prix élevé,3,43,5.6,5.8,5.3,5.6,0.3,5.7,Nécessite pratique,Revoyez la documentation produit pour plus de précision.,Gestion objections,Oui - Coaching intensif,En formation
SIM00173,REP017,Anis Agrebi,7,2025-10-31,14:00,Simulation Médecin,Intermédiaire,Vitonic Tonus,Effets secondaires,1,33,6.0,5.8,6.0,5.9,0.3,5.4,Nécessite pratique,Revoyez la documentation produit pour plus de précision.,"Closing technique, Gestion objections",Oui - Coaching intensif,En formation
SIM00174,REP017,Anis Agrebi,8,2025-10-29,16:30,Simulation Pharmacien,Avancé,LV Fersang junior,Stock suffisant,1,41,5.1,5.4,5.3,5.3,-0.6,-10.2,Nécessite pratique,Travaillez la structure de votre argumentation.,"Communication claire, Argumentation scientifique",Oui - Coaching intensif,En formation
SIM00175,REP017,Anis Agrebi,9,2025-11-26,15:30,Simulation Médecin,Avancé,OLIGOVIT Trio,Effets secondaires,2,28,5.3,5.6,5.4,5.4,0.1,1.9,Nécessite pratique,Travaillez la structure de votre argumentation.,"Gestion objections, Argumentation scientifique",Oui - Coaching intensif,En formation
SIM00176,REP017,Anis Agrebi,10,2025-11-06,12:00,Cas Complexe Multi-Objections,Avancé,Vitonic Tonus,Posologie complexe,2,25,5.6,5.5,5.9,5.7,0.3,5.6,Nécessite pratique,Revoyez la documentation produit pour plus de précision.,"Communication claire, Argumentation scientifique",Oui - Coaching intensif,En formation
SIM00177,REP017,Anis Agrebi,11,2025-11-20,09:00,Cas Complexe Multi-Objections,Avancé,LV CYSPROTECT,Effets secondaires,2,18,5.6,5.9,5.6,5.7,0.0,0.0,Nécessite pratique,Travaillez la structure de votre argumentation.,"Écoute active, Argumentation scientifique",Oui - Coaching intensif,En formation
SIM00178,REP017,Anis Agrebi,12,2025-12-17,14:30,Simulation Médecin,Avancé,PHYTOFANE Lotion anti chute,Effets secondaires,1,36,6.0,5.9,5.9,5.9,0.2,3.5,Nécessite pratique,Revoyez la documentation produit pour plus de précision.,Argumentation scientifique,Oui - Coaching intensif,En formation
SIM00179,REP018,Rim Oueslati,1,2025-10-01,12:30,Simulation Pharmacien,Débutant,LV Fersang junior,Concurrence,3,45,6.0,6.5,6.2,6.2,0.0,0.0,Nécessite pratique,Besoin de plus de pratique sur ce scénario.,"Argumentation scientifique, Gestion objections",Oui - Coaching standard,En formation
SIM00180,REP018,Rim Oueslati,2,2025-10-08,08:30,Simulation Pharmacien,Débutant,OLIGOVIT Trio,Effets secondaires,4,40,6.9,6.7,6.4,6.7,0.5,8.1,En progrès,"Solide, mais peut faire mieux sur la gestion des objections complexes.","Gestion objections, Communication claire, Empathie client",Oui - Coaching standard,En formation
SIM00181,REP018,Rim Oueslati,3,2025-10-13,15:30,Simulation Pharmacien,Débutant,Vitonic Tonus,Stock suffisant,3,24,7.1,7.2,7.2,7.2,0.5,7.5,En progrès,"Bonne performance, continuez à travailler la précision scientifique.","Écoute active, Communication claire",Oui - Coaching standard,En formation
SIM00182,REP018,Rim Oueslati,4,2025-10-28,13:00,Simulation Pharmacien,Intermédiaire,PHYTOFANE Lotion anti chute,Effets secondaires,2,36,6.4,6.0,6.3,6.2,-1.0,-13.9,Nécessite pratique,Travaillez la structure de votre argumentation.,Écoute active,Oui - Coaching standard,En formation
SIM00183,REP018,Rim Oueslati,5,2025-10-29,09:30,Simulation Médecin,Intermédiaire,Vitonic Tonus,Posologie complexe,3,22,6.3,6.4,6.4,6.4,0.2,3.2,Nécessite pratique,Revoyez la documentation produit pour plus de précision.,Écoute active,Oui - Coaching standard,En formation
SIM00184,REP018,Rim Oueslati,6,2025-11-20,17:30,Simulation Médecin,Intermédiaire,LV Vitamine A,Concurrence,1,18,7.0,7.0,6.6,6.9,0.5,7.8,En progrès,"Solide, mais peut faire mieux sur la gestion des objections complexes.","Argumentation scientifique, Empathie client, Écoute active",Oui - Coaching standard,En formation
SIM00185,REP019,Fares Guesmi,1,2025-10-01,09:00,Simulation Pharmacien,Débutant,LV Fersang junior,Concurrence,2,31,5.2,5.2,5.1,5.2,0.0,0.0,Nécessite pratique,Besoin de plus de pratique sur ce scénario.,"Communication claire, Écoute active",Oui - Coaching intensif,En formation
SIM00186,REP019,Fares Guesmi,2,2025-10-11,17:00,Simulation Pharmacien,Débutant,OLIGOVIT Trio,Prix élevé,4,18,5.0,5.6,4.8,5.1,-0.1,-1.9,Nécessite pratique,Travaillez la structure de votre argumentation.,Communication claire,Oui - Coaching intensif,En formation
SIM00187,REP019,Fares Guesmi,3,2025-10-15,13:30,Simulation Pharmacien,Débutant,PHYTOFANE Lotion anti chute,Effets secondaires,4,26,5.3,5.4,5.4,5.4,0.3,5.9,Nécessite pratique,Revoyez la documentation produit pour plus de précision.,Communication claire,Oui - Coaching intensif,En formation
SIM00188,REP019,Fares Guesmi,4,2025-10-10,09:00,Simulation Pharmacien,Intermédiaire,OLIGOVIT Trio,Posologie complexe,1,36,4.9,5.1,4.8,4.9,-0.5,-9.3,Nécessite pratique,Travaillez la structure de votre argumentation.,Empathie client,Oui - Coaching intensif,En formation
SIM00189,REP019,Fares Guesmi,5,2025-10-21,13:30,Simulation Médecin,Intermédiaire,PHYTOFANE Lotion anti chute,Stock suffisant,2,20,4.9,4.8,4.4,4.7,-0.2,-4.1,Nécessite pratique,Travaillez la structure de votre argumentation.,Écoute active,Oui - Coaching intensif,En formation
SIM00190,REP019,Fares Guesmi,6,2025-11-15,14:00,Simulation Pharmacien,Intermédiaire,PHYTOFANE Lotion anti chute,Concurrence,1,33,4.7,5.3,4.6,4.9,0.2,4.3,Nécessite pratique,Revoyez la documentation produit pour plus de précision.,Écoute active,Oui - Coaching intensif,En formation
SIM00191,REP019,Fares Guesmi,7,2025-10-25,12:30,Simulation Médecin,Intermédiaire,"Echinacée, Zinc, Vit.C",Effets secondaires,2,33,4.8,5.0,4.9,4.9,0.0,0.0,Nécessite pratique,Besoin de plus de pratique sur ce scénario.,"Closing technique, Communication claire, Argumentation scientifique",Oui - Coaching intensif,En formation
SIM00192,REP019,Fares Guesmi,8,2025-11-05,13:00,Simulation Pharmacien,Avancé,Omevie Omega 3 – 1000,Prix élevé,1,26,4.7,4.7,4.4,4.6,-0.3,-6.1,Nécessite pratique,Besoin de plus de pratique sur ce scénario.,"Écoute active, Closing technique, Gestion objections",Oui - Coaching intensif,En formation
SIM00193,REP019,Fares Guesmi,9,2025-12-20,16:00,Simulation Médecin,Avancé,LV CYSPROTECT,Concurrence,1,20,4.6,4.7,4.3,4.5,-0.1,-2.2,Nécessite pratique,Revoyez la documentation produit pour plus de précision.,Écoute active,Oui - Coaching intensif,En formation
SIM00194,REP019,Fares Guesmi,10,2025-11-15,11:30,Cas Complexe Multi-Objections,Avancé,"Echinacée, Zinc, Vit.C",Posologie complexe,2,28,4.9,4.8,4.5,4.7,0.2,4.4,Nécessite pratique,Travaillez la structure de votre argumentation.,Gestion objections,Oui - Coaching intensif,En formation
SIM00195,REP019,Fares Guesmi,11,2025-12-10,08:30,Simulation Médecin,Avancé,Omevie Omega 3 – 1000,Efficacité douteuse,2,33,5.1,5.1,4.9,5.0,0.3,6.4,Nécessite pratique,Besoin de plus de pratique sur ce scénario.,"Argumentation scientifique, Communication claire, Empathie client",Oui - Coaching intensif,En formation
SIM00196,REP019,Fares Guesmi,12,2025-11-03,15:00,Cas Complexe Multi-Objections,Avancé,LV Fersang junior,Posologie complexe,1,24,5.2,4.8,4.8,4.9,-0.1,-2.0,Nécessite pratique,Besoin de plus de pratique sur ce scénario.,"Argumentation scientifique, Gestion objections",Oui - Coaching intensif,En formation
SIM00197,REP019,Fares Guesmi,13,2025-12-12,17:30,Cas Complexe Multi-Objections,Avancé,Vitonic Tonus,Effets secondaires,1,40,5.0,5.0,4.8,4.9,0.0,0.0,Nécessite pratique,Revoyez la documentation produit pour plus de précision.,"Communication claire, Empathie client, Gestion objections",Oui - Coaching intensif,En formation
SIM00198,REP019,Fares Guesmi,14,2026-01-13,12:30,Cas Complexe Multi-Objections,Avancé,LV Fersang junior,Efficacité douteuse,1,44,5.0,5.2,5.3,5.2,0.3,6.1,Nécessite pratique,Travaillez la structure de votre argumentation.,Gestion objections,Oui - Coaching intensif,En formation
SIM00199,REP020,Nesrine Jaziri,1,2025-10-01,14:30,Simulation Pharmacien,Débutant,Vitonic Tonus,Effets secondaires,3,35,5.6,5.7,5.7,5.7,0.0,0.0,Nécessite pratique,Besoin de plus de pratique sur ce scénario.,"Empathie client, Communication claire",Oui - Coaching intensif,En formation
SIM00200,REP020,Nesrine Jaziri,2,2025-10-09,15:30,Simulation Pharmacien,Débutant,OLIGOVIT Trio,Effets secondaires,1,42,6.1,6.2,6.0,6.1,0.4,7.0,Nécessite pratique,Revoyez la documentation produit pour plus de précision.,"Closing technique, Communication claire, Argumentation scientifique",Oui - Coaching standard,En formation
SIM00201,REP020,Nesrine Jaziri,3,2025-10-19,11:30,Simulation Pharmacien,Débutant,PHYTOFANE Lotion anti chute,Stock suffisant,3,25,6.4,6.1,6.1,6.2,0.1,1.6,Nécessite pratique,Travaillez la structure de votre argumentation.,"Communication claire, Argumentation scientifique",Oui - Coaching standard,En formation
SIM00202,REP020,Nesrine Jaziri,4,2025-10-10,09:30,Simulation Pharmacien,Intermédiaire,LV Vitamine A,Prix élevé,2,29,5.4,5.9,5.3,5.5,-0.7,-11.3,Nécessite pratique,Travaillez la structure de votre argumentation.,Closing technique,Oui - Coaching intensif,En formation
SIM00203,REP020,Nesrine Jaziri,5,2025-10-29,10:30,Simulation Pharmacien,Intermédiaire,OLIGOVIT Trio,Concurrence,1,26,5.8,5.9,5.3,5.7,0.2,3.6,Nécessite pratique,Travaillez la structure de votre argumentation.,"Closing technique, Gestion objections",Oui - Coaching intensif,En formation
SIM00204,REP020,Nesrine Jaziri,6,2025-11-15,09:00,Simulation Pharmacien,Intermédiaire,PHYTOFANE Lotion anti chute,Stock suffisant,1,19,5.9,6.0,5.8,5.9,0.2,3.5,Nécessite pratique,Besoin de plus de pratique sur ce scénario.,"Communication claire, Argumentation scientifique, Écoute active",Oui - Coaching intensif,En formation
SIM00205,REP020,Nesrine Jaziri,7,2025-10-31,15:00,Simulation Pharmacien,Intermédiaire,"Echinacée, Zinc, Vit.C",Prix élevé,3,40,5.8,6.1,6.3,6.1,0.2,3.4,Nécessite pratique,Besoin de plus de pratique sur ce scénario.,"Gestion objections, Closing technique",Oui - Coaching standard,En formation
SIM00206,REP020,Nesrine Jaziri,8,2025-10-29,16:00,Simulation Pharmacien,Avancé,LV CYSPROTECT,Concurrence,3,21,5.6,5.4,5.4,5.5,-0.6,-9.8,Nécessite pratique,Travaillez la structure de votre argumentation.,"Gestion objections, Argumentation scientifique",Oui - Coaching intensif,En formation
SIM00207,REP020,Nesrine Jaziri,9,2025-11-02,10:00,Cas Complexe Multi-Objections,Avancé,OLIGOVIT Trio,Stock suffisant,2,40,5.5,5.7,5.4,5.5,0.0,0.0,Nécessite pratique,Travaillez la structure de votre argumentation.,"Empathie client, Closing technique, Communication claire",Oui - Coaching intensif,En formation
SIM00208,REP021,Bilel Ayari,1,2025-10-01,11:00,Simulation Pharmacien,Débutant,"Echinacée, Zinc, Vit.C",Concurrence,1,40,7.2,7.3,6.8,7.1,0.0,0.0,En progrès,"Bonne performance, continuez à travailler la précision scientifique.",Écoute active,Oui - Coaching standard,En formation
SIM00209,REP021,Bilel Ayari,2,2025-10-05,16:00,Simulation Pharmacien,Débutant,OLIGOVIT Trio,Concurrence,2,27,7.5,7.4,7.0,7.3,0.2,2.8,En progrès,"Solide, mais peut faire mieux sur la gestion des objections complexes.",Écoute active,Oui - Coaching standard,En formation
SIM00210,REP021,Bilel Ayari,3,2025-10-09,08:00,Simulation Pharmacien,Débutant,LV Vitamine A,Concurrence,2,16,7.9,8.0,7.4,7.8,0.5,6.8,En progrès,Bien ! Améliorez l'argumentation sur les contre-indications.,"Closing technique, Empathie client, Écoute active",Non - Autonome,En formation
SIM00211,REP021,Bilel Ayari,4,2025-10-28,14:00,Simulation Pharmacien,Intermédiaire,Vitonic Tonus,Concurrence,1,24,6.4,7.1,7.0,6.8,-1.0,-12.8,En progrès,"Bonne performance, continuez à travailler la précision scientifique.","Communication claire, Écoute active, Argumentation scientifique",Oui - Coaching standard,En formation
SIM00212,REP021,Bilel Ayari,5,2025-10-29,14:00,Simulation Pharmacien,Intermédiaire,PHYTOFANE Lotion anti chute,Prix élevé,4,18,7.0,7.2,6.8,7.0,0.2,2.9,En progrès,"Solide, mais peut faire mieux sur la gestion des objections complexes.","Closing technique, Gestion objections, Argumentation scientifique",Oui - Coaching standard,En formation
SIM00213,REP022,Dorra Kilani,1,2025-10-01,10:30,Simulation Pharmacien,Débutant,OLIGOVIT Trio,Effets secondaires,5,40,4.9,4.6,4.5,4.7,0.0,0.0,Nécessite pratique,Travaillez la structure de votre argumentation.,"Closing technique, Argumentation scientifique",Oui - Coaching intensif,En formation
SIM00214,REP022,Dorra Kilani,2,2025-10-04,13:30,Simulation Pharmacien,Débutant,Omevie Omega 3 – 1000,Effets secondaires,1,23,5.0,5.0,4.4,4.8,0.1,2.1,Nécessite pratique,Revoyez la documentation produit pour plus de précision.,"Communication claire, Argumentation scientifique, Écoute active",Oui - Coaching intensif,En formation
SIM00215,REP022,Dorra Kilani,3,2025-10-11,13:00,Simulation Pharmacien,Débutant,Omevie Omega 3 – 1000,Prix élevé,5,36,5.1,4.8,4.9,4.9,0.1,2.1,Nécessite pratique,Besoin de plus de pratique sur ce scénario.,Gestion objections,Oui - Coaching intensif,En formation
SIM00216,REP022,Dorra Kilani,4,2025-10-10,15:30,Simulation Pharmacien,Intermédiaire,"Echinacée, Zinc, Vit.C",Efficacité douteuse,2,44,4.7,4.1,4.5,4.4,-0.5,-10.2,Nécessite pratique,Travaillez la structure de votre argumentation.,"Closing technique, Écoute active, Gestion objections",Oui - Coaching intensif,En formation
SIM00217,REP022,Dorra Kilani,5,2025-11-02,11:30,Simulation Médecin,Intermédiaire,Omevie Omega 3 – 1000,Prix élevé,3,18,4.5,4.8,4.2,4.5,0.1,2.3,Nécessite pratique,Travaillez la structure de votre argumentation.,Écoute active,Oui - Coaching intensif,En formation
SIM00218,REP022,Dorra Kilani,6,2025-10-21,15:30,Simulation Médecin,Intermédiaire,OLIGOVIT Trio,Prix élevé,4,15,4.5,4.5,4.7,4.6,0.1,2.2,Nécessite pratique,Travaillez la structure de votre argumentation.,"Gestion objections, Écoute active, Communication claire",Oui - Coaching intensif,En formation
SIM00219,REP022,Dorra Kilani,7,2025-11-30,11:00,Simulation Pharmacien,Intermédiaire,LV Vitamine A,Stock suffisant,1,22,4.8,4.9,4.8,4.8,0.2,4.3,Nécessite pratique,Besoin de plus de pratique sur ce scénario.,"Argumentation scientifique, Écoute active",Oui - Coaching intensif,En formation
SIM00220,REP022,Dorra Kilani,8,2025-11-19,09:00,Simulation Pharmacien,Avancé,"Echinacée, Zinc, Vit.C",Stock suffisant,1,19,4.4,4.1,4.5,4.3,-0.5,-10.4,Nécessite pratique,Travaillez la structure de votre argumentation.,"Closing technique, Communication claire",Oui - Coaching intensif,En formation
SIM00221,REP022,Dorra Kilani,9,2025-12-20,09:00,Simulation Médecin,Avancé,"Echinacée, Zinc, Vit.C",Prix élevé,3,33,4.1,4.6,4.1,4.3,0.0,0.0,Nécessite pratique,Revoyez la documentation produit pour plus de précision.,"Communication claire, Écoute active",Oui - Coaching intensif,En formation
SIM00222,REP022,Dorra Kilani,10,2025-12-12,13:30,Cas Complexe Multi-Objections,Avancé,PHYTOFANE Lotion anti chute,Prix élevé,1,19,4.7,4.6,4.2,4.5,0.2,4.7,Nécessite pratique,Besoin de plus de pratique sur ce scénario.,"Écoute active, Communication claire",Oui - Coaching intensif,En formation
SIM00223,REP022,Dorra Kilani,11,2025-12-30,09:30,Simulation Médecin,Avancé,LV CYSPROTECT,Concurrence,2,23,4.8,4.5,4.7,4.7,0.2,4.4,Nécessite pratique,Revoyez la documentation produit pour plus de précision.,"Closing technique, Empathie client, Argumentation scientifique",Oui - Coaching intensif,En formation
SIM00224,REP022,Dorra Kilani,12,2025-12-06,13:00,Simulation Médecin,Avancé,PHYTOFANE Lotion anti chute,Concurrence,2,31,4.5,4.7,4.9,4.7,0.0,0.0,Nécessite pratique,Besoin de plus de pratique sur ce scénario.,Écoute active,Oui - Coaching intensif,En formation
SIM00225,REP023,Tarek Mejri,1,2025-10-01,09:30,Simulation Pharmacien,Débutant,LV Fersang junior,Efficacité douteuse,1,15,5.1,5.8,5.1,5.3,0.0,0.0,Nécessite pratique,Besoin de plus de pratique sur ce scénario.,"Communication claire, Argumentation scientifique",Oui - Coaching intensif,En formation
SIM00226,REP023,Tarek Mejri,2,2025-10-08,09:00,Simulation Pharmacien,Débutant,LV Fersang junior,Efficacité douteuse,4,40,5.4,6.1,5.8,5.8,0.5,9.4,Nécessite pratique,Revoyez la documentation produit pour plus de précision.,Argumentation scientifique,Oui - Coaching intensif,En formation
SIM00227,REP023,Tarek Mejri,3,2025-10-21,08:00,Simulation Pharmacien,Débutant,"Echinacée, Zinc, Vit.C",Posologie complexe,4,30,5.6,6.2,5.6,5.8,0.0,0.0,Nécessite pratique,Besoin de plus de pratique sur ce scénario.,Communication claire,Oui - Coaching intensif,En formation
SIM00228,REP023,Tarek Mejri,4,2025-10-22,15:00,Simulation Pharmacien,Intermédiaire,LV Vitamine A,Effets secondaires,2,35,5.1,5.3,5.2,5.2,-0.6,-10.3,Nécessite pratique,Besoin de plus de pratique sur ce scénario.,Communication claire,Oui - Coaching intensif,En formation
SIM00229,REP023,Tarek Mejri,5,2025-11-06,10:30,Simulation Pharmacien,Intermédiaire,PHYTOFANE Lotion anti chute,Posologie complexe,1,27,5.7,5.5,5.4,5.5,0.3,5.8,Nécessite pratique,Revoyez la documentation produit pour plus de précision.,"Empathie client, Closing technique",Oui - Coaching intensif,En formation
SIM00230,REP023,Tarek Mejri,6,2025-11-10,14:30,Simulation Pharmacien,Intermédiaire,LV Vitamine A,Concurrence,2,15,6.0,6.0,5.3,5.8,0.3,5.5,Nécessite pratique,Revoyez la documentation produit pour plus de précision.,"Communication claire, Empathie client, Gestion objections",Oui - Coaching intensif,En formation
SIM00231,REP023,Tarek Mejri,7,2025-10-31,09:00,Simulation Pharmacien,Intermédiaire,Omevie Omega 3 – 1000,Effets secondaires,3,16,6.1,6.3,5.9,6.1,0.3,5.2,Nécessite pratique,Revoyez la documentation produit pour plus de précision.,"Gestion objections, Closing technique",Oui - Coaching standard,En formation
SIM00232,REP023,Tarek Mejri,8,2025-11-12,17:30,Simulation Médecin,Avancé,LV Vitamine A,Posologie complexe,3,26,5.7,5.5,5.4,5.5,-0.6,-9.8,Nécessite pratique,Besoin de plus de pratique sur ce scénario.,"Empathie client, Communication claire",Oui - Coaching intensif,En formation
SIM00233,REP023,Tarek Mejri,9,2025-11-10,15:00,Simulation Médecin,Avancé,LV Vitamine A,Efficacité douteuse,3,22,5.3,5.6,5.4,5.4,-0.1,-1.8,Nécessite pratique,Travaillez la structure de votre argumentation.,Gestion objections,Oui - Coaching intensif,En formation
SIM00234,REP023,Tarek Mejri,10,2025-12-12,10:30,Simulation Médecin,Avancé,LV Vitamine A,Efficacité douteuse,1,39,5.5,5.9,5.6,5.7,0.3,5.6,Nécessite pratique,Besoin de plus de pratique sur ce scénario.,"Closing technique, Écoute active",Oui - Coaching intensif,En formation
SIM00235,REP023,Tarek Mejri,11,2025-11-10,13:30,Cas Complexe Multi-Objections,Avancé,Vitonic Tonus,Efficacité douteuse,2,40,6.0,6.0,5.8,5.9,0.2,3.5,Nécessite pratique,Travaillez la structure de votre argumentation.,"Closing technique, Empathie client, Communication claire",Oui - Coaching intensif,En formation
SIM00236,REP024,Olfa Haddad,1,2025-10-01,14:30,Simulation Pharmacien,Débutant,Omevie Omega 3 – 1000,Efficacité douteuse,2,38,6.2,6.9,6.6,6.6,0.0,0.0,En progrès,"Solide, mais peut faire mieux sur la gestion des objections complexes.",Gestion objections,Oui - Coaching standard,En formation
SIM00237,REP024,Olfa Haddad,2,2025-10-09,17:00,Simulation Pharmacien,Débutant,LV Fersang junior,Stock suffisant,2,25,7.1,6.8,7.2,7.0,0.4,6.1,En progrès,"Bonne performance, continuez à travailler la précision scientifique.","Argumentation scientifique, Communication claire, Écoute active",Oui - Coaching standard,En formation
SIM00238,REP024,Olfa Haddad,3,2025-10-07,12:00,Simulation Pharmacien,Débutant,PHYTOFANE Lotion anti chute,Posologie complexe,1,26,7.1,7.1,6.8,7.0,0.0,0.0,En progrès,Bien ! Améliorez l'argumentation sur les contre-indications.,"Closing technique, Écoute active",Oui - Coaching standard,En formation
SIM00239,REP024,Olfa Haddad,4,2025-10-16,14:30,Simulation Pharmacien,Intermédiaire,"Echinacée, Zinc, Vit.C",Concurrence,4,18,6.7,6.8,6.5,6.7,-0.3,-4.3,En progrès,"Solide, mais peut faire mieux sur la gestion des objections complexes.",Gestion objections,Oui - Coaching standard,En formation
SIM00240,REP024,Olfa Haddad,5,2025-11-10,09:00,Simulation Médecin,Intermédiaire,LV Vitamine A,Concurrence,3,45,6.5,6.8,7.0,6.8,0.1,1.5,En progrès,"Bonne performance, continuez à travailler la précision scientifique.","Argumentation scientifique, Empathie client, Closing technique",Oui - Coaching standard,En formation
SIM00241,REP024,Olfa Haddad,6,2025-11-10,17:30,Simulation Pharmacien,Intermédiaire,"Echinacée, Zinc, Vit.C",Posologie complexe,2,34,7.4,6.9,6.7,7.0,0.2,2.9,En progrès,"Bonne performance, continuez à travailler la précision scientifique.",Écoute active,Oui - Coaching standard,En formation
SIM00242,REP025,Sami Zaouali,1,2025-10-01,11:00,Simulation Pharmacien,Débutant,LV Vitamine A,Stock suffisant,5,32,4.9,4.4,4.4,4.6,0.0,0.0,Nécessite pratique,Revoyez la documentation produit pour plus de précision.,Communication claire,Oui - Coaching intensif,En formation
SIM00243,REP025,Sami Zaouali,2,2025-10-11,11:00,Simulation Pharmacien,Débutant,LV Vitamine A,Efficacité douteuse,2,35,4.6,4.5,4.9,4.7,0.1,2.2,Nécessite pratique,Revoyez la documentation produit pour plus de précision.,"Écoute active, Closing technique",Oui - Coaching intensif,En formation
SIM00244,REP025,Sami Zaouali,3,2025-10-15,09:30,Simulation Pharmacien,Débutant,Vitonic Tonus,Concurrence,4,26,4.6,4.6,4.7,4.6,-0.1,-2.1,Nécessite pratique,Revoyez la documentation produit pour plus de précision.,Communication claire,Oui - Coaching intensif,En formation
SIM00245,REP025,Sami Zaouali,4,2025-10-10,10:00,Simulation Pharmacien,Intermédiaire,LV Fersang junior,Posologie complexe,3,40,4.3,4.7,4.3,4.4,-0.2,-4.3,Nécessite pratique,Travaillez la structure de votre argumentation.,Écoute active,Oui - Coaching intensif,En formation
SIM00246,REP025,Sami Zaouali,5,2025-11-06,16:30,Simulation Pharmacien,Intermédiaire,LV CYSPROTECT,Concurrence,1,27,4.7,4.6,4.3,4.5,0.1,2.3,Nécessite pratique,Travaillez la structure de votre argumentation.,"Closing technique, Empathie client, Gestion objections",Oui - Coaching intensif,En formation
SIM00247,REP025,Sami Zaouali,6,2025-10-21,15:00,Simulation Pharmacien,Intermédiaire,PHYTOFANE Lotion anti chute,Efficacité douteuse,2,16,4.5,5.0,4.4,4.6,0.1,2.2,Nécessite pratique,Travaillez la structure de votre argumentation.,Empathie client,Oui - Coaching intensif,En formation
SIM00248,REP025,Sami Zaouali,7,2025-11-12,13:00,Simulation Pharmacien,Intermédiaire,"Echinacée, Zinc, Vit.C",Effets secondaires,2,32,4.5,4.6,4.6,4.6,0.0,0.0,Nécessite pratique,Besoin de plus de pratique sur ce scénario.,"Empathie client, Closing technique, Écoute active",Oui - Coaching intensif,En formation
SIM00249,REP025,Sami Zaouali,8,2025-10-29,14:00,Simulation Pharmacien,Avancé,LV Fersang junior,Prix élevé,3,39,4.0,4.2,4.2,4.1,-0.5,-10.9,Nécessite pratique,Revoyez la documentation produit pour plus de précision.,"Communication claire, Écoute active",Oui - Coaching intensif,En formation
SIM00250,REP025,Sami Zaouali,9,2025-12-20,17:30,Simulation Médecin,Avancé,Vitonic Tonus,Concurrence,2,19,4.4,4.5,4.2,4.4,0.3,7.3,Nécessite pratique,Revoyez la documentation produit pour plus de précision.,"Closing technique, Gestion objections",Oui - Coaching intensif,En formation
SIM00251,REP025,Sami Zaouali,10,2025-10-28,15:30,Cas Complexe Multi-Objections,Avancé,LV Vitamine A,Concurrence,2,24,4.3,4.5,4.5,4.4,0.0,0.0,Nécessite pratique,Besoin de plus de pratique sur ce scénario.,Gestion objections,Oui - Coaching intensif,En formation
SIM00252,REP025,Sami Zaouali,11,2025-12-10,15:30,Cas Complexe Multi-Objections,Avancé,"Echinacée, Zinc, Vit.C",Effets secondaires,1,21,4.5,4.9,4.4,4.6,0.2,4.5,Nécessite pratique,Revoyez la documentation produit pour plus de précision.,"Communication claire, Argumentation scientifique, Gestion objections",Oui - Coaching intensif,En formation
SIM00253,REP025,Sami Zaouali,12,2025-11-14,12:30,Simulation Médecin,Avancé,LV Vitamine A,Efficacité douteuse,1,43,4.9,5.0,4.5,4.8,0.2,4.3,Nécessite pratique,Revoyez la documentation produit pour plus de précision.,Communication claire,Oui - Coaching intensif,En formation
SIM00254,REP025,Sami Zaouali,13,2025-12-12,12:30,Cas Complexe Multi-Objections,Avancé,"Echinacée, Zinc, Vit.C",Posologie complexe,1,36,4.5,4.8,4.8,4.7,-0.1,-2.1,Nécessite pratique,Besoin de plus de pratique sur ce scénario.,"Empathie client, Closing technique",Oui - Coaching intensif,En formation
SIM00255,REP025,Sami Zaouali,14,2026-01-13,13:00,Cas Complexe Multi-Objections,Avancé,LV Fersang junior,Concurrence,1,27,4.6,5.2,5.0,4.9,0.2,4.3,Nécessite pratique,Besoin de plus de pratique sur ce scénario.,Closing technique,Oui - Coaching intensif,En formation
